path	bucket	owner	decision	reason
.local_hold/local_agent_gate_residual_20260607_163047/README_HOLD.md	LOCAL_HOLD_RECORD	LOCAL_HOLD_WORKCELL	REVIEW_INDEX_ONLY	local hold material
.local_hold/local_agent_gate_residual_20260607_163047/_codex/CODEX_MINIMAL_PROMPT_W7TP_GTS.md	LOCAL_HOLD_RECORD	LOCAL_HOLD_WORKCELL	REVIEW_INDEX_ONLY	local hold material
.local_hold/local_agent_gate_residual_20260607_163047/evidence/codex/w7tp_codex_gate_20260607_143904.md	LOCAL_HOLD_RECORD	LOCAL_HOLD_WORKCELL	REVIEW_INDEX_ONLY	local hold material
.local_hold/local_agent_gate_residual_20260607_163047/secret_scan.txt	LOCAL_HOLD_RECORD	LOCAL_HOLD_WORKCELL	REVIEW_INDEX_ONLY	local hold material
.local_hold/local_agent_gate_residual_20260607_163047/w7tp_codex_commit_selected.sh	LOCAL_HOLD_RECORD	LOCAL_HOLD_WORKCELL	REVIEW_INDEX_ONLY	local hold material
.local_hold/local_agent_gate_residual_20260607_163047/w7tp_codex_gate.py	LOCAL_HOLD_RECORD	LOCAL_HOLD_WORKCELL	REVIEW_INDEX_ONLY	local hold material
.local_hold/local_agent_gate_residual_20260607_163047/w7tp_codex_gate.sh	LOCAL_HOLD_RECORD	LOCAL_HOLD_WORKCELL	REVIEW_INDEX_ONLY	local hold material
.local_hold/local_agent_gate_residual_20260607_163047/w7tp_runtime_evidence_commit_phase2c.sh	LOCAL_HOLD_RECORD	LOCAL_HOLD_WORKCELL	REVIEW_INDEX_ONLY	local hold material
Taiji_Hub/w7tp_runtime/__init__.py	NESTED_REPO_OR_DUPLICATE_HOLD	REPO_TOPOLOGY_WORKCELL	REVIEW_BEFORE_DELETE_OR_MERGE	nested Taiji_Hub inside repo
Taiji_Hub/w7tp_runtime/policy/hardwall.py	NESTED_REPO_OR_DUPLICATE_HOLD	REPO_TOPOLOGY_WORKCELL	REVIEW_BEFORE_DELETE_OR_MERGE	nested Taiji_Hub inside repo
Taiji_Hub/w7tp_runtime/policy/isolation.flag	NESTED_REPO_OR_DUPLICATE_HOLD	REPO_TOPOLOGY_WORKCELL	REVIEW_BEFORE_DELETE_OR_MERGE	nested Taiji_Hub inside repo
Taiji_Odoo/addons/wuchang_pos_topology/__init__.py	ODOO_DEV_CANDIDATE	ODOO_DEV_WORKCELL	STATIC_REVIEW_BEFORE_COMMIT	Odoo addon candidate
Taiji_Odoo/addons/wuchang_pos_topology/__manifest__.py	ODOO_DEV_CANDIDATE	ODOO_DEV_WORKCELL	STATIC_REVIEW_BEFORE_COMMIT	Odoo addon candidate
Taiji_Odoo/addons/wuchang_pos_topology/data/res_company_topology.xml	ODOO_DEV_CANDIDATE	ODOO_DEV_WORKCELL	STATIC_REVIEW_BEFORE_COMMIT	Odoo addon candidate
Taiji_Odoo/addons/wuchang_pos_topology/models/__init__.py	ODOO_DEV_CANDIDATE	ODOO_DEV_WORKCELL	STATIC_REVIEW_BEFORE_COMMIT	Odoo addon candidate
docs/project/main_untracked_classification_20260620/untracked_all.txt	OTHER_REVIEW	HUMAN_REVIEW	HOLD_CLASSIFY_ONLY	unmatched path
evidence/verification/git_commit_gate_final_20260607_120859/diff_check.txt	EVIDENCE_VERIFICATION_LEDGER	EVIDENCE_LEDGER_WORKCELL	REVIEW_COMMIT_OR_ARCHIVE	verification evidence
evidence/verification/git_commit_gate_final_20260607_120859/secret_hits.txt	EVIDENCE_VERIFICATION_LEDGER	EVIDENCE_LEDGER_WORKCELL	REVIEW_COMMIT_OR_ARCHIVE	verification evidence
evidence/verification/git_commit_gate_final_20260607_120859/staged_files.txt	EVIDENCE_VERIFICATION_LEDGER	EVIDENCE_LEDGER_WORKCELL	REVIEW_COMMIT_OR_ARCHIVE	verification evidence
evidence/verification/git_commit_gate_final_20260607_121134/secret_hits.txt	EVIDENCE_VERIFICATION_LEDGER	EVIDENCE_LEDGER_WORKCELL	REVIEW_COMMIT_OR_ARCHIVE	verification evidence
evidence/verification/git_commit_gate_final_after_wsfix_20260607_121107/secret_hits.txt	EVIDENCE_VERIFICATION_LEDGER	EVIDENCE_LEDGER_WORKCELL	REVIEW_COMMIT_OR_ARCHIVE	verification evidence
evidence/verification/git_final_stage_gate_20260607_120102/existing_targets.txt	EVIDENCE_VERIFICATION_LEDGER	EVIDENCE_LEDGER_WORKCELL	REVIEW_COMMIT_OR_ARCHIVE	verification evidence
evidence/verification/git_final_stage_gate_20260607_120102/report.txt	EVIDENCE_VERIFICATION_LEDGER	EVIDENCE_LEDGER_WORKCELL	REVIEW_COMMIT_OR_ARCHIVE	verification evidence
evidence/verification/git_final_stage_gate_20260607_120102/secret_scan.txt	EVIDENCE_VERIFICATION_LEDGER	EVIDENCE_LEDGER_WORKCELL	REVIEW_COMMIT_OR_ARCHIVE	verification evidence
evidence/verification/git_final_stage_gate_20260607_120102/targets.txt	EVIDENCE_VERIFICATION_LEDGER	EVIDENCE_LEDGER_WORKCELL	REVIEW_COMMIT_OR_ARCHIVE	verification evidence
evidence/verification/git_precommit_gate_20260607_120235/cached_secret_scan.txt	EVIDENCE_VERIFICATION_LEDGER	EVIDENCE_LEDGER_WORKCELL	REVIEW_COMMIT_OR_ARCHIVE	verification evidence
evidence/verification/git_precommit_gate_20260607_120235/cached_sensitive_name_check.txt	EVIDENCE_VERIFICATION_LEDGER	EVIDENCE_LEDGER_WORKCELL	REVIEW_COMMIT_OR_ARCHIVE	verification evidence
evidence/verification/git_precommit_gate_20260607_120235/cached_size_check.tsv	EVIDENCE_VERIFICATION_LEDGER	EVIDENCE_LEDGER_WORKCELL	REVIEW_COMMIT_OR_ARCHIVE	verification evidence
evidence/verification/git_precommit_gate_20260607_120235/diff_check.txt	EVIDENCE_VERIFICATION_LEDGER	EVIDENCE_LEDGER_WORKCELL	REVIEW_COMMIT_OR_ARCHIVE	verification evidence
evidence/verification/git_precommit_gate_20260607_120235/report.txt	EVIDENCE_VERIFICATION_LEDGER	EVIDENCE_LEDGER_WORKCELL	REVIEW_COMMIT_OR_ARCHIVE	verification evidence
evidence/verification/git_precommit_gate_fix_20260607_120340/cached_secret_scan.txt	EVIDENCE_VERIFICATION_LEDGER	EVIDENCE_LEDGER_WORKCELL	REVIEW_COMMIT_OR_ARCHIVE	verification evidence
evidence/verification/git_precommit_gate_fix_20260607_120340/diff_check.txt	EVIDENCE_VERIFICATION_LEDGER	EVIDENCE_LEDGER_WORKCELL	REVIEW_COMMIT_OR_ARCHIVE	verification evidence
evidence/verification/git_precommit_gate_fix_20260607_120340/gitignore.dedup	EVIDENCE_VERIFICATION_LEDGER	EVIDENCE_LEDGER_WORKCELL	REVIEW_COMMIT_OR_ARCHIVE	verification evidence
evidence/verification/git_precommit_gate_fix_20260607_120340/report.txt	EVIDENCE_VERIFICATION_LEDGER	EVIDENCE_LEDGER_WORKCELL	REVIEW_COMMIT_OR_ARCHIVE	verification evidence
evidence/verification/git_precommit_gate_fix_20260607_120340/sensitive_name_check.txt	EVIDENCE_VERIFICATION_LEDGER	EVIDENCE_LEDGER_WORKCELL	REVIEW_COMMIT_OR_ARCHIVE	verification evidence
evidence/verification/git_residual_cleanup_20260607_121515/diff_check.txt	EVIDENCE_VERIFICATION_LEDGER	EVIDENCE_LEDGER_WORKCELL	REVIEW_COMMIT_OR_ARCHIVE	verification evidence
evidence/verification/git_residual_cleanup_20260607_121515/gitignore.dedup	EVIDENCE_VERIFICATION_LEDGER	EVIDENCE_LEDGER_WORKCELL	REVIEW_COMMIT_OR_ARCHIVE	verification evidence
evidence/verification/git_residual_cleanup_20260607_121515/report.txt	EVIDENCE_VERIFICATION_LEDGER	EVIDENCE_LEDGER_WORKCELL	REVIEW_COMMIT_OR_ARCHIVE	verification evidence
evidence/verification/git_residual_cleanup_20260607_121515/secret_hits.txt	EVIDENCE_VERIFICATION_LEDGER	EVIDENCE_LEDGER_WORKCELL	REVIEW_COMMIT_OR_ARCHIVE	verification evidence
evidence/verification/git_residual_cleanup_20260607_121515/staged_files.txt	EVIDENCE_VERIFICATION_LEDGER	EVIDENCE_LEDGER_WORKCELL	REVIEW_COMMIT_OR_ARCHIVE	verification evidence
evidence/verification/git_residual_cleanup_fix_20260607_121608/secret_hits.txt	EVIDENCE_VERIFICATION_LEDGER	EVIDENCE_LEDGER_WORKCELL	REVIEW_COMMIT_OR_ARCHIVE	verification evidence
evidence/verification/git_status_final_clean_20260607_121735/gitignore.dedup	EVIDENCE_VERIFICATION_LEDGER	EVIDENCE_LEDGER_WORKCELL	REVIEW_COMMIT_OR_ARCHIVE	verification evidence
evidence/verification/git_unknown_intent_decision_20260607_113807/secret_scan.txt	EVIDENCE_VERIFICATION_LEDGER	EVIDENCE_LEDGER_WORKCELL	REVIEW_COMMIT_OR_ARCHIVE	verification evidence
git_space/bundles/20260606_194327/taiji_hub_main_20260606_194327_fad20bd.bundle	BUNDLE_HOLD	BUNDLE_CUSTODY_WORKCELL	HASH_SIZE_REVIEW_NO_COMMIT_RAW	bundle artifact
git_space/bundles/20260606_203529/taiji_hub_main_20260606_203529_09e5bcf.bundle	BUNDLE_HOLD	BUNDLE_CUSTODY_WORKCELL	HASH_SIZE_REVIEW_NO_COMMIT_RAW	bundle artifact
git_space/bundles/taiji_hub_20260605_182104.bundle	BUNDLE_HOLD	BUNDLE_CUSTODY_WORKCELL	HASH_SIZE_REVIEW_NO_COMMIT_RAW	bundle artifact
intent_discovery_after_delete_20260606_015527/xiaoj_kernel.py	RECOVERY_ARTIFACT_HOLD	RECOVERY_EVIDENCE_WORKCELL	REVIEW_COMMIT_INDEX_OR_ARCHIVE	recovery artifact
patent_recovery_pack/W7TP_ARCHITECTURE_MAPPING.txt	RECOVERY_ARTIFACT_HOLD	RECOVERY_EVIDENCE_WORKCELL	REVIEW_COMMIT_INDEX_OR_ARCHIVE	recovery artifact
patent_recovery_pack/W7TP_CORE_DESIGN_FILES.txt	RECOVERY_ARTIFACT_HOLD	RECOVERY_EVIDENCE_WORKCELL	REVIEW_COMMIT_INDEX_OR_ARCHIVE	recovery artifact
patent_recovery_pack/W7TP_DESIGN_EVIDENCE_INDEX.txt	RECOVERY_ARTIFACT_HOLD	RECOVERY_EVIDENCE_WORKCELL	REVIEW_COMMIT_INDEX_OR_ARCHIVE	recovery artifact
patent_recovery_pack/intent_discovery_238_manifest.txt	RECOVERY_ARTIFACT_HOLD	RECOVERY_EVIDENCE_WORKCELL	REVIEW_COMMIT_INDEX_OR_ARCHIVE	recovery artifact
patent_recovery_pack/intent_discovery_238_sha256.txt	RECOVERY_ARTIFACT_HOLD	RECOVERY_EVIDENCE_WORKCELL	REVIEW_COMMIT_INDEX_OR_ARCHIVE	recovery artifact
recovered_nl_intent_program_candidates_20260606_215308/files/context_packet.py	RECOVERY_ARTIFACT_HOLD	RECOVERY_EVIDENCE_WORKCELL	REVIEW_COMMIT_INDEX_OR_ARCHIVE	recovery artifact
recovered_nl_intent_program_candidates_20260606_215308/files/intent_field_hallucination_test.py	RECOVERY_ARTIFACT_HOLD	RECOVERY_EVIDENCE_WORKCELL	REVIEW_COMMIT_INDEX_OR_ARCHIVE	recovery artifact
recovered_nl_intent_program_candidates_20260606_215308/files/intent_flow_cache_policy.py	RECOVERY_ARTIFACT_HOLD	RECOVERY_EVIDENCE_WORKCELL	REVIEW_COMMIT_INDEX_OR_ARCHIVE	recovery artifact
recovered_nl_intent_program_candidates_20260606_215308/files/intent_manager.py	RECOVERY_ARTIFACT_HOLD	RECOVERY_EVIDENCE_WORKCELL	REVIEW_COMMIT_INDEX_OR_ARCHIVE	recovery artifact
recovered_nl_intent_program_candidates_20260606_215308/files/intent_state.py	RECOVERY_ARTIFACT_HOLD	RECOVERY_EVIDENCE_WORKCELL	REVIEW_COMMIT_INDEX_OR_ARCHIVE	recovery artifact
recovered_nl_intent_program_candidates_20260606_215308/files/merlin_intent_driver.py	RECOVERY_ARTIFACT_HOLD	RECOVERY_EVIDENCE_WORKCELL	REVIEW_COMMIT_INDEX_OR_ARCHIVE	recovery artifact
recovered_nl_intent_program_candidates_20260606_215308/files/semantic_compression_engine.py	RECOVERY_ARTIFACT_HOLD	RECOVERY_EVIDENCE_WORKCELL	REVIEW_COMMIT_INDEX_OR_ARCHIVE	recovery artifact
recovered_nl_intent_program_candidates_20260606_215308/files/wuchang_gemini_router.py	RECOVERY_ARTIFACT_HOLD	RECOVERY_EVIDENCE_WORKCELL	REVIEW_COMMIT_INDEX_OR_ARCHIVE	recovery artifact
recovered_nl_intent_program_candidates_20260606_215308/files/wuchang_llm_core.py	RECOVERY_ARTIFACT_HOLD	RECOVERY_EVIDENCE_WORKCELL	REVIEW_COMMIT_INDEX_OR_ARCHIVE	recovery artifact
recovery_evidence_20260606/W7TP_ARCHITECTURE_MAPPING.txt	RECOVERY_ARTIFACT_HOLD	RECOVERY_EVIDENCE_WORKCELL	REVIEW_COMMIT_INDEX_OR_ARCHIVE	recovery artifact
recovery_evidence_20260606/W7TP_CORE_DESIGN_FILES.txt	RECOVERY_ARTIFACT_HOLD	RECOVERY_EVIDENCE_WORKCELL	REVIEW_COMMIT_INDEX_OR_ARCHIVE	recovery artifact
recovery_evidence_20260606/intent_discovery_238_manifest.txt	RECOVERY_ARTIFACT_HOLD	RECOVERY_EVIDENCE_WORKCELL	REVIEW_COMMIT_INDEX_OR_ARCHIVE	recovery artifact
recovery_evidence_20260606/intent_discovery_238_sha256.txt	RECOVERY_ARTIFACT_HOLD	RECOVERY_EVIDENCE_WORKCELL	REVIEW_COMMIT_INDEX_OR_ARCHIVE	recovery artifact
recovery_program_nl_question_completion_20260606_214738/candidates/current/02_edge_nodes/openwebui/node_boot.yaml	RECOVERY_ARTIFACT_HOLD	RECOVERY_EVIDENCE_WORKCELL	REVIEW_COMMIT_INDEX_OR_ARCHIVE	recovery artifact
recovery_program_nl_question_completion_20260606_214738/candidates/current/AI_CURRENT_STATE.mtl.json	RECOVERY_ARTIFACT_HOLD	RECOVERY_EVIDENCE_WORKCELL	REVIEW_COMMIT_INDEX_OR_ARCHIVE	recovery artifact
recovery_program_nl_question_completion_20260606_214738/candidates/current/INTENT_DISCOVERY_MODULE_INDEX.txt	RECOVERY_ARTIFACT_HOLD	RECOVERY_EVIDENCE_WORKCELL	REVIEW_COMMIT_INDEX_OR_ARCHIVE	recovery artifact
recovery_program_nl_question_completion_20260606_214738/candidates/current/INTENT_DISCOVERY_REBUILD_MATRIX.txt	RECOVERY_ARTIFACT_HOLD	RECOVERY_EVIDENCE_WORKCELL	REVIEW_COMMIT_INDEX_OR_ARCHIVE	recovery artifact
recovery_program_nl_question_completion_20260606_214738/candidates/current/LANDING_READINESS_GAP_LIST.yaml	RECOVERY_ARTIFACT_HOLD	RECOVERY_EVIDENCE_WORKCELL	REVIEW_COMMIT_INDEX_OR_ARCHIVE	recovery artifact
recovery_program_nl_question_completion_20260606_214738/candidates/current/SYSTEM_COMPLETION_CONVERGENCE.yaml	RECOVERY_ARTIFACT_HOLD	RECOVERY_EVIDENCE_WORKCELL	REVIEW_COMMIT_INDEX_OR_ARCHIVE	recovery artifact
recovery_program_nl_question_completion_20260606_214738/candidates/current/T093_RECHECK_BLOCKER_AFTER_DIRECT_LANDING.yaml	RECOVERY_ARTIFACT_HOLD	RECOVERY_EVIDENCE_WORKCELL	REVIEW_COMMIT_INDEX_OR_ARCHIVE	recovery artifact
recovery_program_nl_question_completion_20260606_214738/candidates/current/T093_XIAOJ_REVIEW.yaml	RECOVERY_ARTIFACT_HOLD	RECOVERY_EVIDENCE_WORKCELL	REVIEW_COMMIT_INDEX_OR_ARCHIVE	recovery artifact
recovery_program_nl_question_completion_20260606_214738/candidates/current/T094_XIAOJ_REVIEW.yaml	RECOVERY_ARTIFACT_HOLD	RECOVERY_EVIDENCE_WORKCELL	REVIEW_COMMIT_INDEX_OR_ARCHIVE	recovery artifact
recovery_program_nl_question_completion_20260606_214738/candidates/current/TAIJI_RUNTIME_MASTER_FILELIST.txt	RECOVERY_ARTIFACT_HOLD	RECOVERY_EVIDENCE_WORKCELL	REVIEW_COMMIT_INDEX_OR_ARCHIVE	recovery artifact
recovery_program_nl_question_completion_20260606_214738/candidates/current/Taiji_AutoBuild/scripts/06_metric_predictive_alert.py	RECOVERY_ARTIFACT_HOLD	RECOVERY_EVIDENCE_WORKCELL	REVIEW_COMMIT_INDEX_OR_ARCHIVE	recovery artifact
recovery_program_nl_question_completion_20260606_214738/candidates/current/Taiji_Claw_Safe/app/main.py	RECOVERY_ARTIFACT_HOLD	RECOVERY_EVIDENCE_WORKCELL	REVIEW_COMMIT_INDEX_OR_ARCHIVE	recovery artifact
recovery_program_nl_question_completion_20260606_214738/candidates/current/Taiji_Device_Resilience_Adapter/app/main.py	RECOVERY_ARTIFACT_HOLD	RECOVERY_EVIDENCE_WORKCELL	REVIEW_COMMIT_INDEX_OR_ARCHIVE	recovery artifact
recovery_program_nl_question_completion_20260606_214738/candidates/current/Taiji_Governance/architecture/layers_standards.yml	RECOVERY_ARTIFACT_HOLD	RECOVERY_EVIDENCE_WORKCELL	REVIEW_COMMIT_INDEX_OR_ARCHIVE	recovery artifact
recovery_program_nl_question_completion_20260606_214738/candidates/current/Taiji_Governance/auto_push_or_archive_20260531_223533.md	RECOVERY_ARTIFACT_HOLD	RECOVERY_EVIDENCE_WORKCELL	REVIEW_COMMIT_INDEX_OR_ARCHIVE	recovery artifact
recovery_program_nl_question_completion_20260606_214738/candidates/current/Taiji_Governance/deployments/cafe_main_redeploy_status.md	RECOVERY_ARTIFACT_HOLD	RECOVERY_EVIDENCE_WORKCELL	REVIEW_COMMIT_INDEX_OR_ARCHIVE	recovery artifact
recovery_program_nl_question_completion_20260606_214738/candidates/current/Taiji_Governance/economy/community_micro_economy_manifest_2026-05-12.json	RECOVERY_ARTIFACT_HOLD	RECOVERY_EVIDENCE_WORKCELL	REVIEW_COMMIT_INDEX_OR_ARCHIVE	recovery artifact
recovery_program_nl_question_completion_20260606_214738/candidates/current/Taiji_Governance/economy/sovereign_economic_engine_v8_invariants_2026-05-12.md	RECOVERY_ARTIFACT_HOLD	RECOVERY_EVIDENCE_WORKCELL	REVIEW_COMMIT_INDEX_OR_ARCHIVE	recovery artifact
recovery_program_nl_question_completion_20260606_214738/candidates/current/Taiji_Governance/economy/sovereign_economic_engine_v8_manifest_2026-05-12.json	RECOVERY_ARTIFACT_HOLD	RECOVERY_EVIDENCE_WORKCELL	REVIEW_COMMIT_INDEX_OR_ARCHIVE	recovery artifact
recovery_program_nl_question_completion_20260606_214738/candidates/current/Taiji_Governance/focused_governed_hive_push_20260531_223427.md	RECOVERY_ARTIFACT_HOLD	RECOVERY_EVIDENCE_WORKCELL	REVIEW_COMMIT_INDEX_OR_ARCHIVE	recovery artifact
recovery_program_nl_question_completion_20260606_214738/candidates/current/Taiji_Governance/full_system_module_feature_compare_20260531_225818.md	RECOVERY_ARTIFACT_HOLD	RECOVERY_EVIDENCE_WORKCELL	REVIEW_COMMIT_INDEX_OR_ARCHIVE	recovery artifact
recovery_program_nl_question_completion_20260606_214738/candidates/current/Taiji_Governance/git_rebuild/git_status_before_M011_20260601_173624.txt	RECOVERY_ARTIFACT_HOLD	RECOVERY_EVIDENCE_WORKCELL	REVIEW_COMMIT_INDEX_OR_ARCHIVE	recovery artifact
recovery_program_nl_question_completion_20260606_214738/candidates/current/Taiji_Governance/global_remaining_human_review.txt	RECOVERY_ARTIFACT_HOLD	RECOVERY_EVIDENCE_WORKCELL	REVIEW_COMMIT_INDEX_OR_ARCHIVE	recovery artifact
recovery_program_nl_question_completion_20260606_214738/candidates/current/Taiji_Governance/identity/digital_identity.yml	RECOVERY_ARTIFACT_HOLD	RECOVERY_EVIDENCE_WORKCELL	REVIEW_COMMIT_INDEX_OR_ARCHIVE	recovery artifact
recovery_program_nl_question_completion_20260606_214738/candidates/current/Taiji_Governance/identity/wuchang_association_legal_profile_2026-05-11.md	RECOVERY_ARTIFACT_HOLD	RECOVERY_EVIDENCE_WORKCELL	REVIEW_COMMIT_INDEX_OR_ARCHIVE	recovery artifact
recovery_program_nl_question_completion_20260606_214738/candidates/current/Taiji_Governance/identity/wuchang_association_legal_profile_v2_2026-05-11.md	RECOVERY_ARTIFACT_HOLD	RECOVERY_EVIDENCE_WORKCELL	REVIEW_COMMIT_INDEX_OR_ARCHIVE	recovery artifact
recovery_program_nl_question_completion_20260606_214738/candidates/current/Taiji_Governance/p1_p2_human_review_candidates.txt	RECOVERY_ARTIFACT_HOLD	RECOVERY_EVIDENCE_WORKCELL	REVIEW_COMMIT_INDEX_OR_ARCHIVE	recovery artifact
recovery_program_nl_question_completion_20260606_214738/candidates/current/Taiji_Governance/pm3_runtime_sync_source_truth_20260531_200753.md	RECOVERY_ARTIFACT_HOLD	RECOVERY_EVIDENCE_WORKCELL	REVIEW_COMMIT_INDEX_OR_ARCHIVE	recovery artifact
recovery_program_nl_question_completion_20260606_214738/candidates/current/Taiji_Governance/policies/community_association_data_authority_policy_2026-05-11.md	RECOVERY_ARTIFACT_HOLD	RECOVERY_EVIDENCE_WORKCELL	REVIEW_COMMIT_INDEX_OR_ARCHIVE	recovery artifact
recovery_program_nl_question_completion_20260606_214738/candidates/current/Taiji_Governance/policies/development_efficiency_first_policy_2026-05-11.md	RECOVERY_ARTIFACT_HOLD	RECOVERY_EVIDENCE_WORKCELL	REVIEW_COMMIT_INDEX_OR_ARCHIVE	recovery artifact
recovery_program_nl_question_completion_20260606_214738/candidates/current/Taiji_Governance/policies/information_custodian_accountability_statement_2026-05-11.md	RECOVERY_ARTIFACT_HOLD	RECOVERY_EVIDENCE_WORKCELL	REVIEW_COMMIT_INDEX_OR_ARCHIVE	recovery artifact
recovery_program_nl_question_completion_20260606_214738/candidates/current/Taiji_Governance/policies/member_information_sealed_vault_policy_2026-05-11.md	RECOVERY_ARTIFACT_HOLD	RECOVERY_EVIDENCE_WORKCELL	REVIEW_COMMIT_INDEX_OR_ARCHIVE	recovery artifact
recovery_program_nl_question_completion_20260606_214738/candidates/current/Taiji_Governance/policies/member_information_vault_d_drive_policy_2026-05-11.md	RECOVERY_ARTIFACT_HOLD	RECOVERY_EVIDENCE_WORKCELL	REVIEW_COMMIT_INDEX_OR_ARCHIVE	recovery artifact
recovery_program_nl_question_completion_20260606_214738/candidates/current/Taiji_Governance/policies/unique_ai_window_partition_policy_2026-05-12.md	RECOVERY_ARTIFACT_HOLD	RECOVERY_EVIDENCE_WORKCELL	REVIEW_COMMIT_INDEX_OR_ARCHIVE	recovery artifact
recovery_program_nl_question_completion_20260606_214738/candidates/current/Taiji_Governance/progress/completion_dashboard_blocks_2026-05-11.md	RECOVERY_ARTIFACT_HOLD	RECOVERY_EVIDENCE_WORKCELL	REVIEW_COMMIT_INDEX_OR_ARCHIVE	recovery artifact
recovery_program_nl_question_completion_20260606_214738/candidates/current/Taiji_Governance/progress/taiji01_topology_brain_transfer_progress_2026-05-14.md	RECOVERY_ARTIFACT_HOLD	RECOVERY_EVIDENCE_WORKCELL	REVIEW_COMMIT_INDEX_OR_ARCHIVE	recovery artifact
recovery_program_nl_question_completion_20260606_214738/candidates/current/Taiji_Governance/progress/taiji_hub_architecture_completion_dashboard_v2026-05-11.md	RECOVERY_ARTIFACT_HOLD	RECOVERY_EVIDENCE_WORKCELL	REVIEW_COMMIT_INDEX_OR_ARCHIVE	recovery artifact
recovery_program_nl_question_completion_20260606_214738/candidates/current/Taiji_Governance/system_info/active_intent_flow_cache_policy.manifest.json	RECOVERY_ARTIFACT_HOLD	RECOVERY_EVIDENCE_WORKCELL	REVIEW_COMMIT_INDEX_OR_ARCHIVE	recovery artifact
recovery_program_nl_question_completion_20260606_214738/candidates/current/Taiji_Governance/system_info/active_intent_flow_cache_policy_2026-05-12.md	RECOVERY_ARTIFACT_HOLD	RECOVERY_EVIDENCE_WORKCELL	REVIEW_COMMIT_INDEX_OR_ARCHIVE	recovery artifact
recovery_program_nl_question_completion_20260606_214738/candidates/current/Taiji_Governance/system_info/business_entity_subject_mapping_2026-05-12.md	RECOVERY_ARTIFACT_HOLD	RECOVERY_EVIDENCE_WORKCELL	REVIEW_COMMIT_INDEX_OR_ARCHIVE	recovery artifact
recovery_program_nl_question_completion_20260606_214738/candidates/current/Taiji_Governance/system_info/community_branch_group_member_mapping.manifest.json	RECOVERY_ARTIFACT_HOLD	RECOVERY_EVIDENCE_WORKCELL	REVIEW_COMMIT_INDEX_OR_ARCHIVE	recovery artifact
recovery_program_nl_question_completion_20260606_214738/candidates/current/Taiji_Governance/system_info/dependency_links_2026-05-12.csv	RECOVERY_ARTIFACT_HOLD	RECOVERY_EVIDENCE_WORKCELL	REVIEW_COMMIT_INDEX_OR_ARCHIVE	recovery artifact
recovery_program_nl_question_completion_20260606_214738/candidates/current/Taiji_Governance/system_info/dependency_relocation_plan_2026-05-12.jsonl	RECOVERY_ARTIFACT_HOLD	RECOVERY_EVIDENCE_WORKCELL	REVIEW_COMMIT_INDEX_OR_ARCHIVE	recovery artifact
recovery_program_nl_question_completion_20260606_214738/candidates/current/Taiji_Governance/system_info/dependency_relocation_verify_2026-05-12.jsonl	RECOVERY_ARTIFACT_HOLD	RECOVERY_EVIDENCE_WORKCELL	REVIEW_COMMIT_INDEX_OR_ARCHIVE	recovery artifact
recovery_program_nl_question_completion_20260606_214738/candidates/current/Taiji_Governance/system_info/host_restructure/taiji01_host_inventory_20260511T170226Z.jsonl	RECOVERY_ARTIFACT_HOLD	RECOVERY_EVIDENCE_WORKCELL	REVIEW_COMMIT_INDEX_OR_ARCHIVE	recovery artifact
recovery_program_nl_question_completion_20260606_214738/candidates/current/Taiji_Governance/system_info/local_machine_gateway_control_2026-05-13.md	RECOVERY_ARTIFACT_HOLD	RECOVERY_EVIDENCE_WORKCELL	REVIEW_COMMIT_INDEX_OR_ARCHIVE	recovery artifact
recovery_program_nl_question_completion_20260606_214738/candidates/current/Taiji_Governance/system_info/wuchang_jurisdiction_coordinate_analysis_2026-05-12.md	RECOVERY_ARTIFACT_HOLD	RECOVERY_EVIDENCE_WORKCELL	REVIEW_COMMIT_INDEX_OR_ARCHIVE	recovery artifact
recovery_program_nl_question_completion_20260606_214738/candidates/current/Taiji_Governance/task_force/task_force_dispatch_manifest_2026-05-12.json	RECOVERY_ARTIFACT_HOLD	RECOVERY_EVIDENCE_WORKCELL	REVIEW_COMMIT_INDEX_OR_ARCHIVE	recovery artifact
recovery_program_nl_question_completion_20260606_214738/candidates/current/Taiji_Governance/total_field_duplicate_development_audit_20260531_225228.md	RECOVERY_ARTIFACT_HOLD	RECOVERY_EVIDENCE_WORKCELL	REVIEW_COMMIT_INDEX_OR_ARCHIVE	recovery artifact
recovery_program_nl_question_completion_20260606_214738/candidates/current/Taiji_Governance/worklist/worklist.md	RECOVERY_ARTIFACT_HOLD	RECOVERY_EVIDENCE_WORKCELL	REVIEW_COMMIT_INDEX_OR_ARCHIVE	recovery artifact
recovery_program_nl_question_completion_20260606_214738/candidates/current/Taiji_Governance/workspace_unclassified_inventory_20260601_152523.md	RECOVERY_ARTIFACT_HOLD	RECOVERY_EVIDENCE_WORKCELL	REVIEW_COMMIT_INDEX_OR_ARCHIVE	recovery artifact
recovery_program_nl_question_completion_20260606_214738/candidates/current/Taiji_Governance/wuchang_universe_misplaced_file_packet_20260531_200715.md	RECOVERY_ARTIFACT_HOLD	RECOVERY_EVIDENCE_WORKCELL	REVIEW_COMMIT_INDEX_OR_ARCHIVE	recovery artifact
recovery_program_nl_question_completion_20260606_214738/candidates/current/Taiji_Governance/xiaoj_pre_review_upgrade_inventory_20260531_230819.md	RECOVERY_ARTIFACT_HOLD	RECOVERY_EVIDENCE_WORKCELL	REVIEW_COMMIT_INDEX_OR_ARCHIVE	recovery artifact
recovery_program_nl_question_completion_20260606_214738/candidates/current/Taiji_Governance/xiaoj_source_link_reconciliation_20260601_154508.md	RECOVERY_ARTIFACT_HOLD	RECOVERY_EVIDENCE_WORKCELL	REVIEW_COMMIT_INDEX_OR_ARCHIVE	recovery artifact
recovery_program_nl_question_completion_20260606_214738/candidates/current/Taiji_Governance/yaml_only_targets.txt	RECOVERY_ARTIFACT_HOLD	RECOVERY_EVIDENCE_WORKCELL	REVIEW_COMMIT_INDEX_OR_ARCHIVE	recovery artifact
recovery_program_nl_question_completion_20260606_214738/candidates/current/Taiji_Odoo/addons/PM3_SYSTEM_STATUS_INVENTORY.md	RECOVERY_ARTIFACT_HOLD	RECOVERY_EVIDENCE_WORKCELL	REVIEW_COMMIT_INDEX_OR_ARCHIVE	recovery artifact
recovery_program_nl_question_completion_20260606_214738/candidates/current/Taiji_Odoo/addons/pm3_runtime_sync/views/web_login_templates.xml	RECOVERY_ARTIFACT_HOLD	RECOVERY_EVIDENCE_WORKCELL	REVIEW_COMMIT_INDEX_OR_ARCHIVE	recovery artifact
recovery_program_nl_question_completion_20260606_214738/candidates/current/Taiji_Odoo/addons/pm3_runtime_sync/views/web_login_templates.xml.disabled	RECOVERY_ARTIFACT_HOLD	RECOVERY_EVIDENCE_WORKCELL	REVIEW_COMMIT_INDEX_OR_ARCHIVE	recovery artifact
recovery_program_nl_question_completion_20260606_214738/candidates/current/Taiji_Odoo/addons/taiji_member_login/static/src/css/taiji_member_login.css	RECOVERY_ARTIFACT_HOLD	RECOVERY_EVIDENCE_WORKCELL	REVIEW_COMMIT_INDEX_OR_ARCHIVE	recovery artifact
recovery_program_nl_question_completion_20260606_214738/candidates/current/Taiji_Odoo/addons/wuchang_cafe_menu_options/models/menu_options.py	RECOVERY_ARTIFACT_HOLD	RECOVERY_EVIDENCE_WORKCELL	REVIEW_COMMIT_INDEX_OR_ARCHIVE	recovery artifact
recovery_program_nl_question_completion_20260606_214738/candidates/current/Taiji_Odoo/addons/wuchang_cafe_menu_options/security/ir.model.access.csv	RECOVERY_ARTIFACT_HOLD	RECOVERY_EVIDENCE_WORKCELL	REVIEW_COMMIT_INDEX_OR_ARCHIVE	recovery artifact
recovery_program_nl_question_completion_20260606_214738/candidates/current/Taiji_Odoo/addons/wuchang_core/__manifest__.py	RECOVERY_ARTIFACT_HOLD	RECOVERY_EVIDENCE_WORKCELL	REVIEW_COMMIT_INDEX_OR_ARCHIVE	recovery artifact
recovery_program_nl_question_completion_20260606_214738/candidates/current/Taiji_Odoo/addons/wuchang_core/controllers/main.py	RECOVERY_ARTIFACT_HOLD	RECOVERY_EVIDENCE_WORKCELL	REVIEW_COMMIT_INDEX_OR_ARCHIVE	recovery artifact
recovery_program_nl_question_completion_20260606_214738/candidates/current/Taiji_Odoo/addons/wuchang_core/data/ai_cron.xml	RECOVERY_ARTIFACT_HOLD	RECOVERY_EVIDENCE_WORKCELL	REVIEW_COMMIT_INDEX_OR_ARCHIVE	recovery artifact
recovery_program_nl_question_completion_20260606_214738/candidates/current/Taiji_Odoo/addons/wuchang_core/data/cron.xml	RECOVERY_ARTIFACT_HOLD	RECOVERY_EVIDENCE_WORKCELL	REVIEW_COMMIT_INDEX_OR_ARCHIVE	recovery artifact
recovery_program_nl_question_completion_20260606_214738/candidates/current/Taiji_Odoo/addons/wuchang_core/data/missing_items.json	RECOVERY_ARTIFACT_HOLD	RECOVERY_EVIDENCE_WORKCELL	REVIEW_COMMIT_INDEX_OR_ARCHIVE	recovery artifact
recovery_program_nl_question_completion_20260606_214738/candidates/current/Taiji_Odoo/addons/wuchang_core/data/optimization_items.json	RECOVERY_ARTIFACT_HOLD	RECOVERY_EVIDENCE_WORKCELL	REVIEW_COMMIT_INDEX_OR_ARCHIVE	recovery artifact
recovery_program_nl_question_completion_20260606_214738/candidates/current/Taiji_Odoo/addons/wuchang_core/data/system_params.xml	RECOVERY_ARTIFACT_HOLD	RECOVERY_EVIDENCE_WORKCELL	REVIEW_COMMIT_INDEX_OR_ARCHIVE	recovery artifact
recovery_program_nl_question_completion_20260606_214738/candidates/current/Taiji_Odoo/addons/wuchang_core/models/Untitled-2.py	RECOVERY_ARTIFACT_HOLD	RECOVERY_EVIDENCE_WORKCELL	REVIEW_COMMIT_INDEX_OR_ARCHIVE	recovery artifact
recovery_program_nl_question_completion_20260606_214738/candidates/current/Taiji_Odoo/addons/wuchang_core/models/ai_event_listener.py	RECOVERY_ARTIFACT_HOLD	RECOVERY_EVIDENCE_WORKCELL	REVIEW_COMMIT_INDEX_OR_ARCHIVE	recovery artifact
recovery_program_nl_question_completion_20260606_214738/candidates/current/Taiji_Odoo/addons/wuchang_core/models/ai_guard.py	RECOVERY_ARTIFACT_HOLD	RECOVERY_EVIDENCE_WORKCELL	REVIEW_COMMIT_INDEX_OR_ARCHIVE	recovery artifact
recovery_program_nl_question_completion_20260606_214738/candidates/current/Taiji_Odoo/addons/wuchang_core/models/ai_logic.py	RECOVERY_ARTIFACT_HOLD	RECOVERY_EVIDENCE_WORKCELL	REVIEW_COMMIT_INDEX_OR_ARCHIVE	recovery artifact
recovery_program_nl_question_completion_20260606_214738/candidates/current/Taiji_Odoo/addons/wuchang_core/models/ai_memory.py	RECOVERY_ARTIFACT_HOLD	RECOVERY_EVIDENCE_WORKCELL	REVIEW_COMMIT_INDEX_OR_ARCHIVE	recovery artifact
recovery_program_nl_question_completion_20260606_214738/candidates/current/Taiji_Odoo/addons/wuchang_core/models/api_account_separation.py	RECOVERY_ARTIFACT_HOLD	RECOVERY_EVIDENCE_WORKCELL	REVIEW_COMMIT_INDEX_OR_ARCHIVE	recovery artifact
recovery_program_nl_question_completion_20260606_214738/candidates/current/Taiji_Odoo/addons/wuchang_core/models/core_logic.py	RECOVERY_ARTIFACT_HOLD	RECOVERY_EVIDENCE_WORKCELL	REVIEW_COMMIT_INDEX_OR_ARCHIVE	recovery artifact
recovery_program_nl_question_completion_20260606_214738/candidates/current/Taiji_Odoo/addons/wuchang_core/models/device_control_plan.py	RECOVERY_ARTIFACT_HOLD	RECOVERY_EVIDENCE_WORKCELL	REVIEW_COMMIT_INDEX_OR_ARCHIVE	recovery artifact
recovery_program_nl_question_completion_20260606_214738/candidates/current/Taiji_Odoo/addons/wuchang_core/models/jf_gateway.py	RECOVERY_ARTIFACT_HOLD	RECOVERY_EVIDENCE_WORKCELL	REVIEW_COMMIT_INDEX_OR_ARCHIVE	recovery artifact
recovery_program_nl_question_completion_20260606_214738/candidates/current/Taiji_Odoo/addons/wuchang_core/models/task.py	RECOVERY_ARTIFACT_HOLD	RECOVERY_EVIDENCE_WORKCELL	REVIEW_COMMIT_INDEX_OR_ARCHIVE	recovery artifact
recovery_program_nl_question_completion_20260606_214738/candidates/current/Taiji_Odoo/addons/wuchang_core/models/voice_conversation.py	RECOVERY_ARTIFACT_HOLD	RECOVERY_EVIDENCE_WORKCELL	REVIEW_COMMIT_INDEX_OR_ARCHIVE	recovery artifact
recovery_program_nl_question_completion_20260606_214738/candidates/current/Taiji_Odoo/addons/wuchang_core/models/volunteer.py	RECOVERY_ARTIFACT_HOLD	RECOVERY_EVIDENCE_WORKCELL	REVIEW_COMMIT_INDEX_OR_ARCHIVE	recovery artifact
recovery_program_nl_question_completion_20260606_214738/candidates/current/Taiji_Odoo/addons/wuchang_core/security/ir.model.access.csv	RECOVERY_ARTIFACT_HOLD	RECOVERY_EVIDENCE_WORKCELL	REVIEW_COMMIT_INDEX_OR_ARCHIVE	recovery artifact
recovery_program_nl_question_completion_20260606_214738/candidates/current/Taiji_Odoo/addons/wuchang_core/static/src/js/community_super_app.jsx	RECOVERY_ARTIFACT_HOLD	RECOVERY_EVIDENCE_WORKCELL	REVIEW_COMMIT_INDEX_OR_ARCHIVE	recovery artifact
recovery_program_nl_question_completion_20260606_214738/candidates/current/Taiji_Odoo/addons/wuchang_core/tests/benchmark_spatiotemporal.py	RECOVERY_ARTIFACT_HOLD	RECOVERY_EVIDENCE_WORKCELL	REVIEW_COMMIT_INDEX_OR_ARCHIVE	recovery artifact
recovery_program_nl_question_completion_20260606_214738/candidates/current/Taiji_Odoo/addons/wuchang_core/tests/test_listener_sim.py	RECOVERY_ARTIFACT_HOLD	RECOVERY_EVIDENCE_WORKCELL	REVIEW_COMMIT_INDEX_OR_ARCHIVE	recovery artifact
recovery_program_nl_question_completion_20260606_214738/candidates/current/Taiji_Odoo/addons/wuchang_core/views/delivery_page.xml	RECOVERY_ARTIFACT_HOLD	RECOVERY_EVIDENCE_WORKCELL	REVIEW_COMMIT_INDEX_OR_ARCHIVE	recovery artifact
recovery_program_nl_question_completion_20260606_214738/candidates/current/Taiji_Odoo/addons/wuchang_core/views/device_web_app_templates.xml	RECOVERY_ARTIFACT_HOLD	RECOVERY_EVIDENCE_WORKCELL	REVIEW_COMMIT_INDEX_OR_ARCHIVE	recovery artifact
recovery_program_nl_question_completion_20260606_214738/candidates/current/Taiji_Odoo/addons/wuchang_core/views/knowledge_templates.xml	RECOVERY_ARTIFACT_HOLD	RECOVERY_EVIDENCE_WORKCELL	REVIEW_COMMIT_INDEX_OR_ARCHIVE	recovery artifact
recovery_program_nl_question_completion_20260606_214738/candidates/current/Taiji_Odoo/addons/wuchang_core/views/mobile_voice_app.xml	RECOVERY_ARTIFACT_HOLD	RECOVERY_EVIDENCE_WORKCELL	REVIEW_COMMIT_INDEX_OR_ARCHIVE	recovery artifact
recovery_program_nl_question_completion_20260606_214738/candidates/current/Taiji_Odoo/addons/wuchang_core/views/order_views.xml	RECOVERY_ARTIFACT_HOLD	RECOVERY_EVIDENCE_WORKCELL	REVIEW_COMMIT_INDEX_OR_ARCHIVE	recovery artifact
recovery_program_nl_question_completion_20260606_214738/candidates/current/Taiji_Odoo/addons/wuchang_core/views/order_website.xml	RECOVERY_ARTIFACT_HOLD	RECOVERY_EVIDENCE_WORKCELL	REVIEW_COMMIT_INDEX_OR_ARCHIVE	recovery artifact
recovery_program_nl_question_completion_20260606_214738/candidates/current/Taiji_Odoo/addons/wuchang_core/views/pos_simulator.xml	RECOVERY_ARTIFACT_HOLD	RECOVERY_EVIDENCE_WORKCELL	REVIEW_COMMIT_INDEX_OR_ARCHIVE	recovery artifact
recovery_program_nl_question_completion_20260606_214738/candidates/current/Taiji_Odoo/addons/wuchang_core/views/service_dashboard.xml	RECOVERY_ARTIFACT_HOLD	RECOVERY_EVIDENCE_WORKCELL	REVIEW_COMMIT_INDEX_OR_ARCHIVE	recovery artifact
recovery_program_nl_question_completion_20260606_214738/candidates/current/Taiji_Odoo/addons/wuchang_core/views/task_views.xml	RECOVERY_ARTIFACT_HOLD	RECOVERY_EVIDENCE_WORKCELL	REVIEW_COMMIT_INDEX_OR_ARCHIVE	recovery artifact
recovery_program_nl_question_completion_20260606_214738/candidates/current/Taiji_Odoo/addons/wuchang_core/views/ticket_page.xml	RECOVERY_ARTIFACT_HOLD	RECOVERY_EVIDENCE_WORKCELL	REVIEW_COMMIT_INDEX_OR_ARCHIVE	recovery artifact
recovery_program_nl_question_completion_20260606_214738/candidates/current/Taiji_Odoo/addons/wuchang_core/views/webauthn_login.xml	RECOVERY_ARTIFACT_HOLD	RECOVERY_EVIDENCE_WORKCELL	REVIEW_COMMIT_INDEX_OR_ARCHIVE	recovery artifact
recovery_program_nl_question_completion_20260606_214738/candidates/current/Taiji_Odoo/addons/wuchang_knowledge_sync/models/wuchang_knowledge_sync.py	RECOVERY_ARTIFACT_HOLD	RECOVERY_EVIDENCE_WORKCELL	REVIEW_COMMIT_INDEX_OR_ARCHIVE	recovery artifact
recovery_program_nl_question_completion_20260606_214738/candidates/current/Taiji_Odoo/addons/wuchang_member_ai_portal/controllers/portal.py	RECOVERY_ARTIFACT_HOLD	RECOVERY_EVIDENCE_WORKCELL	REVIEW_COMMIT_INDEX_OR_ARCHIVE	recovery artifact
recovery_program_nl_question_completion_20260606_214738/candidates/current/Taiji_Odoo/addons/wuchang_member_registration/models/member_registration.py	RECOVERY_ARTIFACT_HOLD	RECOVERY_EVIDENCE_WORKCELL	REVIEW_COMMIT_INDEX_OR_ARCHIVE	recovery artifact
recovery_program_nl_question_completion_20260606_214738/candidates/current/Taiji_Odoo/addons/wuchang_member_registration/views/portal_templates.xml	RECOVERY_ARTIFACT_HOLD	RECOVERY_EVIDENCE_WORKCELL	REVIEW_COMMIT_INDEX_OR_ARCHIVE	recovery artifact
recovery_program_nl_question_completion_20260606_214738/candidates/current/Taiji_Odoo/addons/wuchang_property_local_cloud/models/wuchang_ticket_opening.py	RECOVERY_ARTIFACT_HOLD	RECOVERY_EVIDENCE_WORKCELL	REVIEW_COMMIT_INDEX_OR_ARCHIVE	recovery artifact
recovery_program_nl_question_completion_20260606_214738/candidates/current/Taiji_Odoo/backup/wuchang_property_local_cloud_before_association_registration_20260524_011059/models/wuchang_ticket_opening.py	RECOVERY_ARTIFACT_HOLD	RECOVERY_EVIDENCE_WORKCELL	REVIEW_COMMIT_INDEX_OR_ARCHIVE	recovery artifact
recovery_program_nl_question_completion_20260606_214738/candidates/current/Taiji_Odoo/backup/wuchang_property_local_cloud_before_fix_franchise_20260524_005231/models/wuchang_ticket_opening.py	RECOVERY_ARTIFACT_HOLD	RECOVERY_EVIDENCE_WORKCELL	REVIEW_COMMIT_INDEX_OR_ARCHIVE	recovery artifact
recovery_program_nl_question_completion_20260606_214738/candidates/current/Taiji_Odoo/backup/wuchang_property_local_cloud_before_google_nonprofit_resources_20260524_010622/models/wuchang_ticket_opening.py	RECOVERY_ARTIFACT_HOLD	RECOVERY_EVIDENCE_WORKCELL	REVIEW_COMMIT_INDEX_OR_ARCHIVE	recovery artifact
recovery_program_nl_question_completion_20260606_214738/candidates/current/Taiji_Odoo/backup/wuchang_property_local_cloud_before_google_workspace_admin_20260524_011419/models/wuchang_ticket_opening.py	RECOVERY_ARTIFACT_HOLD	RECOVERY_EVIDENCE_WORKCELL	REVIEW_COMMIT_INDEX_OR_ARCHIVE	recovery artifact
recovery_program_nl_question_completion_20260606_214738/candidates/current/Taiji_Odoo/backup/wuchang_property_local_cloud_before_google_workspace_admin_20260524_011629/models/wuchang_ticket_opening.py	RECOVERY_ARTIFACT_HOLD	RECOVERY_EVIDENCE_WORKCELL	REVIEW_COMMIT_INDEX_OR_ARCHIVE	recovery artifact
recovery_program_nl_question_completion_20260606_214738/candidates/current/Taiji_Odoo/backup/wuchang_property_local_cloud_before_pos_policy_20260524_005410/models/wuchang_ticket_opening.py	RECOVERY_ARTIFACT_HOLD	RECOVERY_EVIDENCE_WORKCELL	REVIEW_COMMIT_INDEX_OR_ARCHIVE	recovery artifact
recovery_program_nl_question_completion_20260606_214738/candidates/current/Taiji_Odoo/backup/wuchang_property_local_cloud_before_public_interest_franchise_20260524_005126/models/wuchang_ticket_opening.py	RECOVERY_ARTIFACT_HOLD	RECOVERY_EVIDENCE_WORKCELL	REVIEW_COMMIT_INDEX_OR_ARCHIVE	recovery artifact
recovery_program_nl_question_completion_20260606_214738/candidates/current/Taiji_Odoo/backup/wuchang_property_local_cloud_before_ticket_quota_buckets_20260524_002720/models/wuchang_ticket_opening.py	RECOVERY_ARTIFACT_HOLD	RECOVERY_EVIDENCE_WORKCELL	REVIEW_COMMIT_INDEX_OR_ARCHIVE	recovery artifact
recovery_program_nl_question_completion_20260606_214738/candidates/current/Taiji_Odoo/backup/wuchang_property_local_cloud_before_ticket_quota_buckets_20260524_002749/models/wuchang_ticket_opening.py	RECOVERY_ARTIFACT_HOLD	RECOVERY_EVIDENCE_WORKCELL	REVIEW_COMMIT_INDEX_OR_ARCHIVE	recovery artifact
recovery_program_nl_question_completion_20260606_214738/candidates/current/Taiji_Odoo/scripts/normalize_pos_menu.py	RECOVERY_ARTIFACT_HOLD	RECOVERY_EVIDENCE_WORKCELL	REVIEW_COMMIT_INDEX_OR_ARCHIVE	recovery artifact
recovery_program_nl_question_completion_20260606_214738/candidates/current/Taiji_POS_Google_Voice_Tool/app/main.py	RECOVERY_ARTIFACT_HOLD	RECOVERY_EVIDENCE_WORKCELL	REVIEW_COMMIT_INDEX_OR_ARCHIVE	recovery artifact
recovery_program_nl_question_completion_20260606_214738/candidates/current/W7TP_ARCHITECTURE_EVIDENCE_EXTRACT.txt	RECOVERY_ARTIFACT_HOLD	RECOVERY_EVIDENCE_WORKCELL	REVIEW_COMMIT_INDEX_OR_ARCHIVE	recovery artifact
recovery_program_nl_question_completion_20260606_214738/candidates/current/W7TP_CHAIN_EVIDENCE.txt	RECOVERY_ARTIFACT_HOLD	RECOVERY_EVIDENCE_WORKCELL	REVIEW_COMMIT_INDEX_OR_ARCHIVE	recovery artifact
recovery_program_nl_question_completion_20260606_214738/candidates/current/W7TP_DESIGN_EVIDENCE_INDEX.txt	RECOVERY_ARTIFACT_HOLD	RECOVERY_EVIDENCE_WORKCELL	REVIEW_COMMIT_INDEX_OR_ARCHIVE	recovery artifact
recovery_program_nl_question_completion_20260606_214738/candidates/current/W7TP_FIELD_ATLAS/02_governed_hive_master_index.yaml	RECOVERY_ARTIFACT_HOLD	RECOVERY_EVIDENCE_WORKCELL	REVIEW_COMMIT_INDEX_OR_ARCHIVE	recovery artifact
recovery_program_nl_question_completion_20260606_214738/candidates/current/W7TP_FIELD_ATLAS/19_state_world_extension.yaml	RECOVERY_ARTIFACT_HOLD	RECOVERY_EVIDENCE_WORKCELL	REVIEW_COMMIT_INDEX_OR_ARCHIVE	recovery artifact
recovery_program_nl_question_completion_20260606_214738/candidates/current/W7TP_FIELD_ATLAS/20_sub_universe_registry.yaml	RECOVERY_ARTIFACT_HOLD	RECOVERY_EVIDENCE_WORKCELL	REVIEW_COMMIT_INDEX_OR_ARCHIVE	recovery artifact
recovery_program_nl_question_completion_20260606_214738/candidates/current/W7TP_FIELD_ATLAS/28_state_world_router_boundary.yaml	RECOVERY_ARTIFACT_HOLD	RECOVERY_EVIDENCE_WORKCELL	REVIEW_COMMIT_INDEX_OR_ARCHIVE	recovery artifact
recovery_program_nl_question_completion_20260606_214738/candidates/current/W7TP_FIELD_ATLAS/29_memory_lifecycle_map.yaml	RECOVERY_ARTIFACT_HOLD	RECOVERY_EVIDENCE_WORKCELL	REVIEW_COMMIT_INDEX_OR_ARCHIVE	recovery artifact
recovery_program_nl_question_completion_20260606_214738/candidates/current/W7TP_FIELD_ATLAS/35_state_world_router_spec_v0.yaml	RECOVERY_ARTIFACT_HOLD	RECOVERY_EVIDENCE_WORKCELL	REVIEW_COMMIT_INDEX_OR_ARCHIVE	recovery artifact
recovery_program_nl_question_completion_20260606_214738/candidates/current/W7TP_FIELD_ATLAS/36_memory_boot_map_v0.yaml	RECOVERY_ARTIFACT_HOLD	RECOVERY_EVIDENCE_WORKCELL	REVIEW_COMMIT_INDEX_OR_ARCHIVE	recovery artifact
recovery_program_nl_question_completion_20260606_214738/candidates/current/W7TP_FIELD_ATLAS/38_odoo_inventory_classification_v0.yaml	RECOVERY_ARTIFACT_HOLD	RECOVERY_EVIDENCE_WORKCELL	REVIEW_COMMIT_INDEX_OR_ARCHIVE	recovery artifact
recovery_program_nl_question_completion_20260606_214738/candidates/current/W7TP_FIELD_ATLAS/39_task_execution_stopline_v0.yaml	RECOVERY_ARTIFACT_HOLD	RECOVERY_EVIDENCE_WORKCELL	REVIEW_COMMIT_INDEX_OR_ARCHIVE	recovery artifact
recovery_program_nl_question_completion_20260606_214738/candidates/current/W7TP_FIELD_ATLAS/40_state_world_snapshot_v0.yaml	RECOVERY_ARTIFACT_HOLD	RECOVERY_EVIDENCE_WORKCELL	REVIEW_COMMIT_INDEX_OR_ARCHIVE	recovery artifact
recovery_program_nl_question_completion_20260606_214738/candidates/current/W7TP_FIELD_ATLAS/ai_quality/W7TP_AI_ANSWER_QUALITY_FIELD_20260602_133837.yaml	RECOVERY_ARTIFACT_HOLD	RECOVERY_EVIDENCE_WORKCELL	REVIEW_COMMIT_INDEX_OR_ARCHIVE	recovery artifact
recovery_program_nl_question_completion_20260606_214738/candidates/current/W7TP_FIELD_ATLAS/ai_quality/latest_ai_answer_quality_field.yaml	RECOVERY_ARTIFACT_HOLD	RECOVERY_EVIDENCE_WORKCELL	REVIEW_COMMIT_INDEX_OR_ARCHIVE	recovery artifact
recovery_program_nl_question_completion_20260606_214738/candidates/current/W7TP_FIELD_ATLAS/cost_routing/W7TP_AI_BLIND_COMPUTE_COST_ROUTER_V1.yaml	RECOVERY_ARTIFACT_HOLD	RECOVERY_EVIDENCE_WORKCELL	REVIEW_COMMIT_INDEX_OR_ARCHIVE	recovery artifact
recovery_program_nl_question_completion_20260606_214738/candidates/current/W7TP_FIELD_ATLAS/drift_detector_plans/W7TP_DRIFT_DETECTOR_V1.yaml	RECOVERY_ARTIFACT_HOLD	RECOVERY_EVIDENCE_WORKCELL	REVIEW_COMMIT_INDEX_OR_ARCHIVE	recovery artifact
recovery_program_nl_question_completion_20260606_214738/candidates/current/W7TP_FIELD_ATLAS/feature_compare/latest_full_system_module_feature_compare.md	RECOVERY_ARTIFACT_HOLD	RECOVERY_EVIDENCE_WORKCELL	REVIEW_COMMIT_INDEX_OR_ARCHIVE	recovery artifact
recovery_program_nl_question_completion_20260606_214738/candidates/current/W7TP_FIELD_ATLAS/feature_compare/latest_module_feature_matrix.csv	RECOVERY_ARTIFACT_HOLD	RECOVERY_EVIDENCE_WORKCELL	REVIEW_COMMIT_INDEX_OR_ARCHIVE	recovery artifact
recovery_program_nl_question_completion_20260606_214738/candidates/current/W7TP_FIELD_ATLAS/feature_compare/module_feature_matrix_20260531_225818.csv	RECOVERY_ARTIFACT_HOLD	RECOVERY_EVIDENCE_WORKCELL	REVIEW_COMMIT_INDEX_OR_ARCHIVE	recovery artifact
recovery_program_nl_question_completion_20260606_214738/candidates/current/W7TP_FIELD_ATLAS/function_maps/WUCHANG_FUNCTION_TO_MODULE_MAP_V1.yaml	RECOVERY_ARTIFACT_HOLD	RECOVERY_EVIDENCE_WORKCELL	REVIEW_COMMIT_INDEX_OR_ARCHIVE	recovery artifact
recovery_program_nl_question_completion_20260606_214738/candidates/current/W7TP_FIELD_ATLAS/gei_context/00_GEI_MASTER_INDEX.yaml	RECOVERY_ARTIFACT_HOLD	RECOVERY_EVIDENCE_WORKCELL	REVIEW_COMMIT_INDEX_OR_ARCHIVE	recovery artifact
recovery_program_nl_question_completion_20260606_214738/candidates/current/W7TP_FIELD_ATLAS/gei_context/W7TP_GEI_CONTEXT_FIELD_V1.yaml	RECOVERY_ARTIFACT_HOLD	RECOVERY_EVIDENCE_WORKCELL	REVIEW_COMMIT_INDEX_OR_ARCHIVE	recovery artifact
recovery_program_nl_question_completion_20260606_214738/candidates/current/W7TP_FIELD_ATLAS/gei_context/W7TP_GEI_CONTEXT_INDEX_V1.yaml	RECOVERY_ARTIFACT_HOLD	RECOVERY_EVIDENCE_WORKCELL	REVIEW_COMMIT_INDEX_OR_ARCHIVE	recovery artifact
recovery_program_nl_question_completion_20260606_214738/candidates/current/W7TP_FIELD_ATLAS/gei_context/W7TP_GEI_CONTEXT_PACKET_SCHEMA_V1.yaml	RECOVERY_ARTIFACT_HOLD	RECOVERY_EVIDENCE_WORKCELL	REVIEW_COMMIT_INDEX_OR_ARCHIVE	recovery artifact
recovery_program_nl_question_completion_20260606_214738/candidates/current/W7TP_FIELD_ATLAS/gei_context/W7TP_GEI_CONTEXT_ROUTING_RULE_V1.yaml	RECOVERY_ARTIFACT_HOLD	RECOVERY_EVIDENCE_WORKCELL	REVIEW_COMMIT_INDEX_OR_ARCHIVE	recovery artifact
recovery_program_nl_question_completion_20260606_214738/candidates/current/W7TP_FIELD_ATLAS/gei_context/correlation/W7TP_GEI_FIELD_DRIFT_CORRELATION_ENGINE_V1.yaml	RECOVERY_ARTIFACT_HOLD	RECOVERY_EVIDENCE_WORKCELL	REVIEW_COMMIT_INDEX_OR_ARCHIVE	recovery artifact
recovery_program_nl_question_completion_20260606_214738/candidates/current/W7TP_FIELD_ATLAS/gei_context/export_policies/W7TP_GEI_CONTEXT_EXPORT_BOUNDARY_V1.yaml	RECOVERY_ARTIFACT_HOLD	RECOVERY_EVIDENCE_WORKCELL	REVIEW_COMMIT_INDEX_OR_ARCHIVE	recovery artifact
recovery_program_nl_question_completion_20260606_214738/candidates/current/W7TP_FIELD_ATLAS/gei_context/handoff_templates/W7TP_GEI_CHAT_HANDOFF_TEMPLATE_V1.md	RECOVERY_ARTIFACT_HOLD	RECOVERY_EVIDENCE_WORKCELL	REVIEW_COMMIT_INDEX_OR_ARCHIVE	recovery artifact
recovery_program_nl_question_completion_20260606_214738/candidates/current/W7TP_FIELD_ATLAS/gei_context/scripts/W7TP_GEI_SNAPSHOT_SCRIPT_PLAN_V1.yaml	RECOVERY_ARTIFACT_HOLD	RECOVERY_EVIDENCE_WORKCELL	REVIEW_COMMIT_INDEX_OR_ARCHIVE	recovery artifact
recovery_program_nl_question_completion_20260606_214738/candidates/current/W7TP_FIELD_ATLAS/gei_context/scripts/generate_gei_snapshot.sh	RECOVERY_ARTIFACT_HOLD	RECOVERY_EVIDENCE_WORKCELL	REVIEW_COMMIT_INDEX_OR_ARCHIVE	recovery artifact
recovery_program_nl_question_completion_20260606_214738/candidates/current/W7TP_FIELD_ATLAS/gei_context/snapshot_outputs/gei_context_snapshot_20260601_012517.md	RECOVERY_ARTIFACT_HOLD	RECOVERY_EVIDENCE_WORKCELL	REVIEW_COMMIT_INDEX_OR_ARCHIVE	recovery artifact
recovery_program_nl_question_completion_20260606_214738/candidates/current/W7TP_FIELD_ATLAS/gei_context/snapshot_outputs/gei_context_snapshot_20260601_012517.yaml	RECOVERY_ARTIFACT_HOLD	RECOVERY_EVIDENCE_WORKCELL	REVIEW_COMMIT_INDEX_OR_ARCHIVE	recovery artifact
recovery_program_nl_question_completion_20260606_214738/candidates/current/W7TP_FIELD_ATLAS/gei_context/snapshot_outputs/latest_gei_context_snapshot.md	RECOVERY_ARTIFACT_HOLD	RECOVERY_EVIDENCE_WORKCELL	REVIEW_COMMIT_INDEX_OR_ARCHIVE	recovery artifact
recovery_program_nl_question_completion_20260606_214738/candidates/current/W7TP_FIELD_ATLAS/gei_context/snapshot_outputs/latest_gei_context_snapshot.yaml	RECOVERY_ARTIFACT_HOLD	RECOVERY_EVIDENCE_WORKCELL	REVIEW_COMMIT_INDEX_OR_ARCHIVE	recovery artifact
recovery_program_nl_question_completion_20260606_214738/candidates/current/W7TP_FIELD_ATLAS/gei_context/snapshot_plans/W7TP_GEI_SNAPSHOT_GENERATOR_PLAN_V1.yaml	RECOVERY_ARTIFACT_HOLD	RECOVERY_EVIDENCE_WORKCELL	REVIEW_COMMIT_INDEX_OR_ARCHIVE	recovery artifact
recovery_program_nl_question_completion_20260606_214738/candidates/current/W7TP_FIELD_ATLAS/gei_context/source_maps/W7TP_GEI_SOURCE_OF_TRUTH_MAP_V1.yaml	RECOVERY_ARTIFACT_HOLD	RECOVERY_EVIDENCE_WORKCELL	REVIEW_COMMIT_INDEX_OR_ARCHIVE	recovery artifact
recovery_program_nl_question_completion_20260606_214738/candidates/current/W7TP_FIELD_ATLAS/gei_context/task_boards/W7TP_GEI_CONTEXT_TASK_BOARD_V1.yaml	RECOVERY_ARTIFACT_HOLD	RECOVERY_EVIDENCE_WORKCELL	REVIEW_COMMIT_INDEX_OR_ARCHIVE	recovery artifact
recovery_program_nl_question_completion_20260606_214738/candidates/current/W7TP_FIELD_ATLAS/gei_context/twin_compare/W7TP_GEI_TWIN_SYSTEM_COMPARE_PACKET_V1.yaml	RECOVERY_ARTIFACT_HOLD	RECOVERY_EVIDENCE_WORKCELL	REVIEW_COMMIT_INDEX_OR_ARCHIVE	recovery artifact
recovery_program_nl_question_completion_20260606_214738/candidates/current/W7TP_FIELD_ATLAS/git_space_architecture_v1.yaml	RECOVERY_ARTIFACT_HOLD	RECOVERY_EVIDENCE_WORKCELL	REVIEW_COMMIT_INDEX_OR_ARCHIVE	recovery artifact
recovery_program_nl_question_completion_20260606_214738/candidates/current/W7TP_FIELD_ATLAS/member_registration/W7TP_MEMBER_REGISTRATION_API_PACKET_V1.yaml	RECOVERY_ARTIFACT_HOLD	RECOVERY_EVIDENCE_WORKCELL	REVIEW_COMMIT_INDEX_OR_ARCHIVE	recovery artifact
recovery_program_nl_question_completion_20260606_214738/candidates/current/W7TP_FIELD_ATLAS/member_registration/W7TP_MEMBER_REGISTRATION_ODOO_MODEL_SPEC_V1.yaml	RECOVERY_ARTIFACT_HOLD	RECOVERY_EVIDENCE_WORKCELL	REVIEW_COMMIT_INDEX_OR_ARCHIVE	recovery artifact
recovery_program_nl_question_completion_20260606_214738/candidates/current/W7TP_FIELD_ATLAS/namespace_policies/WUCHANG_NAMESPACE_CANONICAL_POLICY_V1.yaml	RECOVERY_ARTIFACT_HOLD	RECOVERY_EVIDENCE_WORKCELL	REVIEW_COMMIT_INDEX_OR_ARCHIVE	recovery artifact
recovery_program_nl_question_completion_20260606_214738/candidates/current/W7TP_FIELD_ATLAS/odoo_container_file_universe_v0_1.yaml	RECOVERY_ARTIFACT_HOLD	RECOVERY_EVIDENCE_WORKCELL	REVIEW_COMMIT_INDEX_OR_ARCHIVE	recovery artifact
recovery_program_nl_question_completion_20260606_214738/candidates/current/W7TP_FIELD_ATLAS/registries/WUCHANG_SUB_UNIVERSE_REGISTRY_V1.yaml	RECOVERY_ARTIFACT_HOLD	RECOVERY_EVIDENCE_WORKCELL	REVIEW_COMMIT_INDEX_OR_ARCHIVE	recovery artifact
recovery_program_nl_question_completion_20260606_214738/candidates/current/W7TP_FIELD_ATLAS/registry_reports/WUCHANG_REGISTRY_STATUS_REPORT_TEMPLATE_V1.yaml	RECOVERY_ARTIFACT_HOLD	RECOVERY_EVIDENCE_WORKCELL	REVIEW_COMMIT_INDEX_OR_ARCHIVE	recovery artifact
recovery_program_nl_question_completion_20260606_214738/candidates/current/W7TP_FIELD_ATLAS/registry_reports/latest_duplicate_development_audit.md	RECOVERY_ARTIFACT_HOLD	RECOVERY_EVIDENCE_WORKCELL	REVIEW_COMMIT_INDEX_OR_ARCHIVE	recovery artifact
recovery_program_nl_question_completion_20260606_214738/candidates/current/W7TP_FIELD_ATLAS/registry_validators/WUCHANG_REGISTRY_INTEGRITY_VALIDATOR_V1.yaml	RECOVERY_ARTIFACT_HOLD	RECOVERY_EVIDENCE_WORKCELL	REVIEW_COMMIT_INDEX_OR_ARCHIVE	recovery artifact
recovery_program_nl_question_completion_20260606_214738/candidates/current/W7TP_FIELD_ATLAS/review_policies/W7TP_XIAOJ_PRE_REVIEW_OPINION_RULE_V1.yaml	RECOVERY_ARTIFACT_HOLD	RECOVERY_EVIDENCE_WORKCELL	REVIEW_COMMIT_INDEX_OR_ARCHIVE	recovery artifact
recovery_program_nl_question_completion_20260606_214738/candidates/current/W7TP_FIELD_ATLAS/review_upgrade/patch_plans/P1_P2_XIAOJ_PRE_REVIEW_TARGETED_PATCH_PLAN_V1.yaml	RECOVERY_ARTIFACT_HOLD	RECOVERY_EVIDENCE_WORKCELL	REVIEW_COMMIT_INDEX_OR_ARCHIVE	recovery artifact
recovery_program_nl_question_completion_20260606_214738/candidates/current/W7TP_FIELD_ATLAS/rollback_plans/TAIJI01_PM3_ROLLBACK_POINT_PLAN_V1.yaml	RECOVERY_ARTIFACT_HOLD	RECOVERY_EVIDENCE_WORKCELL	REVIEW_COMMIT_INDEX_OR_ARCHIVE	recovery artifact
recovery_program_nl_question_completion_20260606_214738/candidates/current/W7TP_FIELD_ATLAS/rollback_plans/W7TP_RUNTIME_ROLLBACK_POLICY_V1.yaml	RECOVERY_ARTIFACT_HOLD	RECOVERY_EVIDENCE_WORKCELL	REVIEW_COMMIT_INDEX_OR_ARCHIVE	recovery artifact
recovery_program_nl_question_completion_20260606_214738/candidates/current/W7TP_FIELD_ATLAS/service_flows/W7TP_MERCHANT_CONTACT_SERVICE_FLOW_V1.yaml	RECOVERY_ARTIFACT_HOLD	RECOVERY_EVIDENCE_WORKCELL	REVIEW_COMMIT_INDEX_OR_ARCHIVE	recovery artifact
recovery_program_nl_question_completion_20260606_214738/candidates/current/W7TP_FIELD_ATLAS/source_links/T081_SOURCE_OF_TRUTH_CANONICAL_TABLE.yaml	RECOVERY_ARTIFACT_HOLD	RECOVERY_EVIDENCE_WORKCELL	REVIEW_COMMIT_INDEX_OR_ARCHIVE	recovery artifact
recovery_program_nl_question_completion_20260606_214738/candidates/current/W7TP_FIELD_ATLAS/source_links/XIAOJ_SOURCE_LINK_RECONCILIATION_20260601_154508.yaml	RECOVERY_ARTIFACT_HOLD	RECOVERY_EVIDENCE_WORKCELL	REVIEW_COMMIT_INDEX_OR_ARCHIVE	recovery artifact
recovery_program_nl_question_completion_20260606_214738/candidates/current/W7TP_FIELD_ATLAS/sub_universe_candidates/T082_CANDIDATE_SUB_UNIVERSE_MOUNT_REVIEW.yaml	RECOVERY_ARTIFACT_HOLD	RECOVERY_EVIDENCE_WORKCELL	REVIEW_COMMIT_INDEX_OR_ARCHIVE	recovery artifact
recovery_program_nl_question_completion_20260606_214738/candidates/current/W7TP_FIELD_ATLAS/sub_universes/SU_12_INTENT_STATE_FIELD_V1.yaml	RECOVERY_ARTIFACT_HOLD	RECOVERY_EVIDENCE_WORKCELL	REVIEW_COMMIT_INDEX_OR_ARCHIVE	recovery artifact
recovery_program_nl_question_completion_20260606_214738/candidates/current/W7TP_FIELD_ATLAS/sub_universes/SU_GEI_REASONING_UNIVERSE_V1.yaml	RECOVERY_ARTIFACT_HOLD	RECOVERY_EVIDENCE_WORKCELL	REVIEW_COMMIT_INDEX_OR_ARCHIVE	recovery artifact
recovery_program_nl_question_completion_20260606_214738/candidates/current/W7TP_FIELD_ATLAS/sync_plans/W7TP_TWIN_SYNC_ERROR_CORRECTION_PLAN_V2.yaml	RECOVERY_ARTIFACT_HOLD	RECOVERY_EVIDENCE_WORKCELL	REVIEW_COMMIT_INDEX_OR_ARCHIVE	recovery artifact
recovery_program_nl_question_completion_20260606_214738/candidates/current/W7TP_FIELD_ATLAS/sync_strategies/W7TP_MAINLINE_FILE_SYNC_STRATEGY_V1.yaml	RECOVERY_ARTIFACT_HOLD	RECOVERY_EVIDENCE_WORKCELL	REVIEW_COMMIT_INDEX_OR_ARCHIVE	recovery artifact
recovery_program_nl_question_completion_20260606_214738/candidates/current/W7TP_FIELD_ATLAS/task_board_policies/W7TP_TASK_BOARD_COMPRESSION_POLICY_V1.yaml	RECOVERY_ARTIFACT_HOLD	RECOVERY_EVIDENCE_WORKCELL	REVIEW_COMMIT_INDEX_OR_ARCHIVE	recovery artifact
recovery_program_nl_question_completion_20260606_214738/candidates/current/W7TP_FIELD_ATLAS/task_boards/W7TP_GOVERNED_HIVE_TASK_BOARD_V1.yaml	RECOVERY_ARTIFACT_HOLD	RECOVERY_EVIDENCE_WORKCELL	REVIEW_COMMIT_INDEX_OR_ARCHIVE	recovery artifact
recovery_program_nl_question_completion_20260606_214738/candidates/current/W7TP_FIELD_ATLAS/u13_u14_odoo_model_extract_v0_1.yaml	RECOVERY_ARTIFACT_HOLD	RECOVERY_EVIDENCE_WORKCELL	REVIEW_COMMIT_INDEX_OR_ARCHIVE	recovery artifact
recovery_program_nl_question_completion_20260606_214738/candidates/current/W7TP_FIELD_ATLAS/u13_u14_schema_v1.yaml	RECOVERY_ARTIFACT_HOLD	RECOVERY_EVIDENCE_WORKCELL	REVIEW_COMMIT_INDEX_OR_ARCHIVE	recovery artifact
recovery_program_nl_question_completion_20260606_214738/candidates/current/W7TP_FIELD_ATLAS/vision_field/W7TP_VISION_FIELD_CORE_V1.yaml	RECOVERY_ARTIFACT_HOLD	RECOVERY_EVIDENCE_WORKCELL	REVIEW_COMMIT_INDEX_OR_ARCHIVE	recovery artifact
recovery_program_nl_question_completion_20260606_214738/candidates/current/W7TP_FIELD_ATLAS/vision_field/W7TP_VISION_FIELD_INDEX_V1.yaml	RECOVERY_ARTIFACT_HOLD	RECOVERY_EVIDENCE_WORKCELL	REVIEW_COMMIT_INDEX_OR_ARCHIVE	recovery artifact
recovery_program_nl_question_completion_20260606_214738/candidates/current/W7TP_FIELD_ATLAS/vision_field/W7TP_VISION_FIELD_PACKET_SCHEMA_V1.yaml	RECOVERY_ARTIFACT_HOLD	RECOVERY_EVIDENCE_WORKCELL	REVIEW_COMMIT_INDEX_OR_ARCHIVE	recovery artifact
recovery_program_nl_question_completion_20260606_214738/candidates/current/W7TP_FIELD_ATLAS/vision_field/W7TP_VISION_FIELD_ROUTING_POLICY_V1.yaml	RECOVERY_ARTIFACT_HOLD	RECOVERY_EVIDENCE_WORKCELL	REVIEW_COMMIT_INDEX_OR_ARCHIVE	recovery artifact
recovery_program_nl_question_completion_20260606_214738/candidates/current/W7TP_FIELD_ATLAS/vision_field/W7TP_VISION_FIELD_TO_12_FIELDS_MAP_V1.yaml	RECOVERY_ARTIFACT_HOLD	RECOVERY_EVIDENCE_WORKCELL	REVIEW_COMMIT_INDEX_OR_ARCHIVE	recovery artifact
recovery_program_nl_question_completion_20260606_214738/candidates/current/Wuchang_Hexagram_State_Protocol_Open_20260523_194932/README.md	RECOVERY_ARTIFACT_HOLD	RECOVERY_EVIDENCE_WORKCELL	REVIEW_COMMIT_INDEX_OR_ARCHIVE	recovery artifact
recovery_program_nl_question_completion_20260606_214738/candidates/current/Wuchang_Unified_Core/01_Cloud_Core/jules_cloud_api.py	RECOVERY_ARTIFACT_HOLD	RECOVERY_EVIDENCE_WORKCELL	REVIEW_COMMIT_INDEX_OR_ARCHIVE	recovery artifact
recovery_program_nl_question_completion_20260606_214738/candidates/current/Wuchang_Unified_Core/02_Edge_Nodes/taiji_router_node_5d.py	RECOVERY_ARTIFACT_HOLD	RECOVERY_EVIDENCE_WORKCELL	REVIEW_COMMIT_INDEX_OR_ARCHIVE	recovery artifact
recovery_program_nl_question_completion_20260606_214738/candidates/current/Wuchang_Unified_Core/02_Edge_Nodes/wuchang_ai_cerebellum.py	RECOVERY_ARTIFACT_HOLD	RECOVERY_EVIDENCE_WORKCELL	REVIEW_COMMIT_INDEX_OR_ARCHIVE	recovery artifact
recovery_program_nl_question_completion_20260606_214738/candidates/current/Wuchang_Unified_Core/03_UI_Interfaces/wuchang_community_system.html	RECOVERY_ARTIFACT_HOLD	RECOVERY_EVIDENCE_WORKCELL	REVIEW_COMMIT_INDEX_OR_ARCHIVE	recovery artifact
recovery_program_nl_question_completion_20260606_214738/candidates/current/XIAOJ_CONVERGENCE_REVIEW.yaml	RECOVERY_ARTIFACT_HOLD	RECOVERY_EVIDENCE_WORKCELL	REVIEW_COMMIT_INDEX_OR_ARCHIVE	recovery artifact
recovery_program_nl_question_completion_20260606_214738/candidates/current/_handoff/gemini_ui_materials_20260602_131237/field_atlas/member_registration/W7TP_MEMBER_REGISTRATION_API_PACKET_V1.yaml	RECOVERY_ARTIFACT_HOLD	RECOVERY_EVIDENCE_WORKCELL	REVIEW_COMMIT_INDEX_OR_ARCHIVE	recovery artifact
recovery_program_nl_question_completion_20260606_214738/candidates/current/_handoff/gemini_ui_materials_20260602_131237/field_atlas/member_registration/W7TP_MEMBER_REGISTRATION_ODOO_MODEL_SPEC_V1.yaml	RECOVERY_ARTIFACT_HOLD	RECOVERY_EVIDENCE_WORKCELL	REVIEW_COMMIT_INDEX_OR_ARCHIVE	recovery artifact
recovery_program_nl_question_completion_20260606_214738/candidates/current/_handoff/gemini_ui_materials_20260602_131237/module/wuchang_member_registration/models/member_registration.py	RECOVERY_ARTIFACT_HOLD	RECOVERY_EVIDENCE_WORKCELL	REVIEW_COMMIT_INDEX_OR_ARCHIVE	recovery artifact
recovery_program_nl_question_completion_20260606_214738/candidates/current/_handoff/gemini_ui_materials_20260602_131300/field_atlas/member_registration/W7TP_MEMBER_REGISTRATION_API_PACKET_V1.yaml	RECOVERY_ARTIFACT_HOLD	RECOVERY_EVIDENCE_WORKCELL	REVIEW_COMMIT_INDEX_OR_ARCHIVE	recovery artifact
recovery_program_nl_question_completion_20260606_214738/candidates/current/_handoff/gemini_ui_materials_20260602_131300/field_atlas/member_registration/W7TP_MEMBER_REGISTRATION_ODOO_MODEL_SPEC_V1.yaml	RECOVERY_ARTIFACT_HOLD	RECOVERY_EVIDENCE_WORKCELL	REVIEW_COMMIT_INDEX_OR_ARCHIVE	recovery artifact
recovery_program_nl_question_completion_20260606_214738/candidates/current/_handoff/gemini_ui_materials_20260602_131300/module/wuchang_member_registration/models/member_registration.py	RECOVERY_ARTIFACT_HOLD	RECOVERY_EVIDENCE_WORKCELL	REVIEW_COMMIT_INDEX_OR_ARCHIVE	recovery artifact
recovery_program_nl_question_completion_20260606_214738/candidates/current/_handoff/gemini_ui_materials_20260602_131313/field_atlas/member_registration/W7TP_MEMBER_REGISTRATION_API_PACKET_V1.yaml	RECOVERY_ARTIFACT_HOLD	RECOVERY_EVIDENCE_WORKCELL	REVIEW_COMMIT_INDEX_OR_ARCHIVE	recovery artifact
recovery_program_nl_question_completion_20260606_214738/candidates/current/_handoff/gemini_ui_materials_20260602_131313/field_atlas/member_registration/W7TP_MEMBER_REGISTRATION_ODOO_MODEL_SPEC_V1.yaml	RECOVERY_ARTIFACT_HOLD	RECOVERY_EVIDENCE_WORKCELL	REVIEW_COMMIT_INDEX_OR_ARCHIVE	recovery artifact
recovery_program_nl_question_completion_20260606_214738/candidates/current/_handoff/gemini_ui_materials_20260602_131313/module/wuchang_member_registration/models/member_registration.py	RECOVERY_ARTIFACT_HOLD	RECOVERY_EVIDENCE_WORKCELL	REVIEW_COMMIT_INDEX_OR_ARCHIVE	recovery artifact
recovery_program_nl_question_completion_20260606_214738/candidates/current/_handoff/gemini_ui_materials_20260602_155100/field_atlas/member_registration/W7TP_MEMBER_REGISTRATION_API_PACKET_V1.yaml	RECOVERY_ARTIFACT_HOLD	RECOVERY_EVIDENCE_WORKCELL	REVIEW_COMMIT_INDEX_OR_ARCHIVE	recovery artifact
recovery_program_nl_question_completion_20260606_214738/candidates/current/_handoff/gemini_ui_materials_20260602_155100/field_atlas/member_registration/W7TP_MEMBER_REGISTRATION_ODOO_MODEL_SPEC_V1.yaml	RECOVERY_ARTIFACT_HOLD	RECOVERY_EVIDENCE_WORKCELL	REVIEW_COMMIT_INDEX_OR_ARCHIVE	recovery artifact
recovery_program_nl_question_completion_20260606_214738/candidates/current/_handoff/gemini_ui_materials_20260602_155100/module/wuchang_member_registration/models/member_registration.py	RECOVERY_ARTIFACT_HOLD	RECOVERY_EVIDENCE_WORKCELL	REVIEW_COMMIT_INDEX_OR_ARCHIVE	recovery artifact
recovery_program_nl_question_completion_20260606_214738/candidates/current/_handoff/p1_member_portal_shell_20260602_154845/portal_templates.xml	RECOVERY_ARTIFACT_HOLD	RECOVERY_EVIDENCE_WORKCELL	REVIEW_COMMIT_INDEX_OR_ARCHIVE	recovery artifact
recovery_program_nl_question_completion_20260606_214738/candidates/current/_handoff/p1_ui_patch_hold_20260602_162032/portal_templates.xml	RECOVERY_ARTIFACT_HOLD	RECOVERY_EVIDENCE_WORKCELL	REVIEW_COMMIT_INDEX_OR_ARCHIVE	recovery artifact
recovery_program_nl_question_completion_20260606_214738/candidates/current/_imports/wuchang-ai-main/wuchang-ai-main/codex/prompts/linux_workspace_transfer_metric_tensor_prompt.md	RECOVERY_ARTIFACT_HOLD	RECOVERY_EVIDENCE_WORKCELL	REVIEW_COMMIT_INDEX_OR_ARCHIVE	recovery artifact
recovery_program_nl_question_completion_20260606_214738/candidates/current/_imports/wuchang-ai-main/wuchang-ai-main/docs/ai-civic-runtime/governed-prosocial-runtime.md	RECOVERY_ARTIFACT_HOLD	RECOVERY_EVIDENCE_WORKCELL	REVIEW_COMMIT_INDEX_OR_ARCHIVE	recovery artifact
recovery_program_nl_question_completion_20260606_214738/candidates/current/_imports/wuchang-ai-main/wuchang-ai-main/docs/governance/user_sovereign_ai_metric_constitution.md	RECOVERY_ARTIFACT_HOLD	RECOVERY_EVIDENCE_WORKCELL	REVIEW_COMMIT_INDEX_OR_ARCHIVE	recovery artifact
recovery_program_nl_question_completion_20260606_214738/candidates/current/_imports/wuchang-ai-main/wuchang-ai-main/docs/sovereign-ai-runtime/user_sovereign_ai_compute_pool_2026-05-16.md	RECOVERY_ARTIFACT_HOLD	RECOVERY_EVIDENCE_WORKCELL	REVIEW_COMMIT_INDEX_OR_ARCHIVE	recovery artifact
recovery_program_nl_question_completion_20260606_214738/candidates/current/_imports/wuchang-ai-main/wuchang-ai-main/wuchang_comm_incub/models/volunteer_task.py	RECOVERY_ARTIFACT_HOLD	RECOVERY_EVIDENCE_WORKCELL	REVIEW_COMMIT_INDEX_OR_ARCHIVE	recovery artifact
recovery_program_nl_question_completion_20260606_214738/candidates/current/_imports/wuchang-ai-main/wuchang-ai-main/wuchang_comm_incub/security/ir.model.access.csv	RECOVERY_ARTIFACT_HOLD	RECOVERY_EVIDENCE_WORKCELL	REVIEW_COMMIT_INDEX_OR_ARCHIVE	recovery artifact
recovery_program_nl_question_completion_20260606_214738/candidates/current/_imports/wuchang-ai-main/wuchang-ai-main/wuchang_comm_incub/views/wuchang_views.xml	RECOVERY_ARTIFACT_HOLD	RECOVERY_EVIDENCE_WORKCELL	REVIEW_COMMIT_INDEX_OR_ARCHIVE	recovery artifact
recovery_program_nl_question_completion_20260606_214738/candidates/current/_imports/wuchang-ai-main/wuchang-ai-main/wuchang_m1_property/models/property_request.py	RECOVERY_ARTIFACT_HOLD	RECOVERY_EVIDENCE_WORKCELL	REVIEW_COMMIT_INDEX_OR_ARCHIVE	recovery artifact
recovery_program_nl_question_completion_20260606_214738/candidates/current/_imports/wuchang-ai-main/wuchang-ai-main/wuchang_m1_property/views/property_request_views.xml	RECOVERY_ARTIFACT_HOLD	RECOVERY_EVIDENCE_WORKCELL	REVIEW_COMMIT_INDEX_OR_ARCHIVE	recovery artifact
recovery_program_nl_question_completion_20260606_214738/candidates/current/benchmarks/metric_tensor_io_eval.py	RECOVERY_ARTIFACT_HOLD	RECOVERY_EVIDENCE_WORKCELL	REVIEW_COMMIT_INDEX_OR_ARCHIVE	recovery artifact
recovery_program_nl_question_completion_20260606_214738/candidates/current/benchmarks/metric_tensor_io_eval_v2.py	RECOVERY_ARTIFACT_HOLD	RECOVERY_EVIDENCE_WORKCELL	REVIEW_COMMIT_INDEX_OR_ARCHIVE	recovery artifact
recovery_program_nl_question_completion_20260606_214738/candidates/current/bin/7d-formation-packet-test	RECOVERY_ARTIFACT_HOLD	RECOVERY_EVIDENCE_WORKCELL	REVIEW_COMMIT_INDEX_OR_ARCHIVE	recovery artifact
recovery_program_nl_question_completion_20260606_214738/candidates/current/bin/taiji-system-probe	RECOVERY_ARTIFACT_HOLD	RECOVERY_EVIDENCE_WORKCELL	REVIEW_COMMIT_INDEX_OR_ARCHIVE	recovery artifact
recovery_program_nl_question_completion_20260606_214738/candidates/current/commander/config/node_sync_policy.json	RECOVERY_ARTIFACT_HOLD	RECOVERY_EVIDENCE_WORKCELL	REVIEW_COMMIT_INDEX_OR_ARCHIVE	recovery artifact
recovery_program_nl_question_completion_20260606_214738/candidates/current/configs/cloud/cloud_provider_adapter_contract.template.json	RECOVERY_ARTIFACT_HOLD	RECOVERY_EVIDENCE_WORKCELL	REVIEW_COMMIT_INDEX_OR_ARCHIVE	recovery artifact
recovery_program_nl_question_completion_20260606_214738/candidates/current/configs/cloud/local_xiaoj_cloud_api_broker_dryrun.template.json	RECOVERY_ARTIFACT_HOLD	RECOVERY_EVIDENCE_WORKCELL	REVIEW_COMMIT_INDEX_OR_ARCHIVE	recovery artifact
recovery_program_nl_question_completion_20260606_214738/candidates/current/configs/community_3d_map_topology.yaml	RECOVERY_ARTIFACT_HOLD	RECOVERY_EVIDENCE_WORKCELL	REVIEW_COMMIT_INDEX_OR_ARCHIVE	recovery artifact
recovery_program_nl_question_completion_20260606_214738/candidates/current/configs/containers/container_offload_registry.template.json	RECOVERY_ARTIFACT_HOLD	RECOVERY_EVIDENCE_WORKCELL	REVIEW_COMMIT_INDEX_OR_ARCHIVE	recovery artifact
recovery_program_nl_question_completion_20260606_214738/candidates/current/configs/containers/wuchang_indexer_oneshot_job.template.json	RECOVERY_ARTIFACT_HOLD	RECOVERY_EVIDENCE_WORKCELL	REVIEW_COMMIT_INDEX_OR_ARCHIVE	recovery artifact
recovery_program_nl_question_completion_20260606_214738/candidates/current/configs/dead_letter_canonical_map.yaml	RECOVERY_ARTIFACT_HOLD	RECOVERY_EVIDENCE_WORKCELL	REVIEW_COMMIT_INDEX_OR_ARCHIVE	recovery artifact
recovery_program_nl_question_completion_20260606_214738/candidates/current/configs/dev/w7tp_local_7d_automation_smoke_gate.template.json	RECOVERY_ARTIFACT_HOLD	RECOVERY_EVIDENCE_WORKCELL	REVIEW_COMMIT_INDEX_OR_ARCHIVE	recovery artifact
recovery_program_nl_question_completion_20260606_214738/candidates/current/configs/dev/w7tp_local_7d_automation_smoke_runner.template.json	RECOVERY_ARTIFACT_HOLD	RECOVERY_EVIDENCE_WORKCELL	REVIEW_COMMIT_INDEX_OR_ARCHIVE	recovery artifact
recovery_program_nl_question_completion_20260606_214738/candidates/current/configs/dev/w7tp_nl_to_7d_task_packet.template.json	RECOVERY_ARTIFACT_HOLD	RECOVERY_EVIDENCE_WORKCELL	REVIEW_COMMIT_INDEX_OR_ARCHIVE	recovery artifact
recovery_program_nl_question_completion_20260606_214738/candidates/current/configs/dev/w7tp_tri_party_7d_runtime_dryrun.template.json	RECOVERY_ARTIFACT_HOLD	RECOVERY_EVIDENCE_WORKCELL	REVIEW_COMMIT_INDEX_OR_ARCHIVE	recovery artifact
recovery_program_nl_question_completion_20260606_214738/candidates/current/configs/dev/xiaoj_converged_governance_architecture.template.json	RECOVERY_ARTIFACT_HOLD	RECOVERY_EVIDENCE_WORKCELL	REVIEW_COMMIT_INDEX_OR_ARCHIVE	recovery artifact
recovery_program_nl_question_completion_20260606_214738/candidates/current/configs/ip/wuchang_project_source_manifest.template.json	RECOVERY_ARTIFACT_HOLD	RECOVERY_EVIDENCE_WORKCELL	REVIEW_COMMIT_INDEX_OR_ARCHIVE	recovery artifact
recovery_program_nl_question_completion_20260606_214738/candidates/current/configs/odoo/relative_identity_7d_code_spec.v1.json	RECOVERY_ARTIFACT_HOLD	RECOVERY_EVIDENCE_WORKCELL	REVIEW_COMMIT_INDEX_OR_ARCHIVE	recovery artifact
recovery_program_nl_question_completion_20260606_214738/candidates/current/configs/packets/tri_party_7d_packet.template.json	RECOVERY_ARTIFACT_HOLD	RECOVERY_EVIDENCE_WORKCELL	REVIEW_COMMIT_INDEX_OR_ARCHIVE	recovery artifact
recovery_program_nl_question_completion_20260606_214738/candidates/current/configs/taiji_sync_vpn_endpoints.yaml	RECOVERY_ARTIFACT_HOLD	RECOVERY_EVIDENCE_WORKCELL	REVIEW_COMMIT_INDEX_OR_ARCHIVE	recovery artifact
recovery_program_nl_question_completion_20260606_214738/candidates/current/configs/taiji_topology.json	RECOVERY_ARTIFACT_HOLD	RECOVERY_EVIDENCE_WORKCELL	REVIEW_COMMIT_INDEX_OR_ARCHIVE	recovery artifact
recovery_program_nl_question_completion_20260606_214738/candidates/current/contexts/current/AI_CURRENT_STATE.mtl.json	RECOVERY_ARTIFACT_HOLD	RECOVERY_EVIDENCE_WORKCELL	REVIEW_COMMIT_INDEX_OR_ARCHIVE	recovery artifact
recovery_program_nl_question_completion_20260606_214738/candidates/current/contexts/current/STATUS_ONLY.md	RECOVERY_ARTIFACT_HOLD	RECOVERY_EVIDENCE_WORKCELL	REVIEW_COMMIT_INDEX_OR_ARCHIVE	recovery artifact
recovery_program_nl_question_completion_20260606_214738/candidates/current/core/carbon/wuchang_carbon_accounting.py	RECOVERY_ARTIFACT_HOLD	RECOVERY_EVIDENCE_WORKCELL	REVIEW_COMMIT_INDEX_OR_ARCHIVE	recovery artifact
recovery_program_nl_question_completion_20260606_214738/candidates/current/core/cloud/cloud_model_router.py	RECOVERY_ARTIFACT_HOLD	RECOVERY_EVIDENCE_WORKCELL	REVIEW_COMMIT_INDEX_OR_ARCHIVE	recovery artifact
recovery_program_nl_question_completion_20260606_214738/candidates/current/core/demo/dual_path_carbon_demo.py	RECOVERY_ARTIFACT_HOLD	RECOVERY_EVIDENCE_WORKCELL	REVIEW_COMMIT_INDEX_OR_ARCHIVE	recovery artifact
recovery_program_nl_question_completion_20260606_214738/candidates/current/core/hippocampus/ai_hippocampus.py	RECOVERY_ARTIFACT_HOLD	RECOVERY_EVIDENCE_WORKCELL	REVIEW_COMMIT_INDEX_OR_ARCHIVE	recovery artifact
recovery_program_nl_question_completion_20260606_214738/candidates/current/core/intent_field/wuchang_citycode_engine.py	RECOVERY_ARTIFACT_HOLD	RECOVERY_EVIDENCE_WORKCELL	REVIEW_COMMIT_INDEX_OR_ARCHIVE	recovery artifact
recovery_program_nl_question_completion_20260606_214738/candidates/current/dashboard/preview.html	RECOVERY_ARTIFACT_HOLD	RECOVERY_EVIDENCE_WORKCELL	REVIEW_COMMIT_INDEX_OR_ARCHIVE	recovery artifact
recovery_program_nl_question_completion_20260606_214738/candidates/current/dashboard/system-module-progress.html	RECOVERY_ARTIFACT_HOLD	RECOVERY_EVIDENCE_WORKCELL	REVIEW_COMMIT_INDEX_OR_ARCHIVE	recovery artifact
recovery_program_nl_question_completion_20260606_214738/candidates/current/dashboard/system-module-progress.json	RECOVERY_ARTIFACT_HOLD	RECOVERY_EVIDENCE_WORKCELL	REVIEW_COMMIT_INDEX_OR_ARCHIVE	recovery artifact
recovery_program_nl_question_completion_20260606_214738/candidates/current/data/host_runner_results/20260508_150454_diag-readonly-001.json	RECOVERY_ARTIFACT_HOLD	RECOVERY_EVIDENCE_WORKCELL	REVIEW_COMMIT_INDEX_OR_ARCHIVE	recovery artifact
recovery_program_nl_question_completion_20260606_214738/candidates/current/deploy/migration/multi_target_dependency_migration_v0_1/ASSOCIATION_DATA_AUTHORITY_MATRIX.md	RECOVERY_ARTIFACT_HOLD	RECOVERY_EVIDENCE_WORKCELL	REVIEW_COMMIT_INDEX_OR_ARCHIVE	recovery artifact
recovery_program_nl_question_completion_20260606_214738/candidates/current/deploy/migration/multi_target_dependency_migration_v0_1/ORG_SHARED_CLOUD_POLICY.md	RECOVERY_ARTIFACT_HOLD	RECOVERY_EVIDENCE_WORKCELL	REVIEW_COMMIT_INDEX_OR_ARCHIVE	recovery artifact
recovery_program_nl_question_completion_20260606_214738/candidates/current/deploy/migration/multi_target_dependency_migration_v0_1/PREPARE_ORG_SHARED_STAGING.sh	RECOVERY_ARTIFACT_HOLD	RECOVERY_EVIDENCE_WORKCELL	REVIEW_COMMIT_INDEX_OR_ARCHIVE	recovery artifact
recovery_program_nl_question_completion_20260606_214738/candidates/current/deploy/migration/multi_target_dependency_migration_v0_1/STORAGE_BOUNDARY_POLICY_V2_C_DRIVE_SCENARIO.md	RECOVERY_ARTIFACT_HOLD	RECOVERY_EVIDENCE_WORKCELL	REVIEW_COMMIT_INDEX_OR_ARCHIVE	recovery artifact
recovery_program_nl_question_completion_20260606_214738/candidates/current/deploy/migration/multi_target_dependency_migration_v0_1/STORAGE_BOUNDARY_POLICY_V3_ASSOCIATION_AUTHORITY.md	RECOVERY_ARTIFACT_HOLD	RECOVERY_EVIDENCE_WORKCELL	REVIEW_COMMIT_INDEX_OR_ARCHIVE	recovery artifact
recovery_program_nl_question_completion_20260606_214738/candidates/current/deploy/packages/taiji01_topology_brain_transfer_v0_1/Modelfile.metric_language_gateway_ai.taiji01	RECOVERY_ARTIFACT_HOLD	RECOVERY_EVIDENCE_WORKCELL	REVIEW_COMMIT_INDEX_OR_ARCHIVE	recovery artifact
recovery_program_nl_question_completion_20260606_214738/candidates/current/deploy_jules.sh	RECOVERY_ARTIFACT_HOLD	RECOVERY_EVIDENCE_WORKCELL	REVIEW_COMMIT_INDEX_OR_ARCHIVE	recovery artifact
recovery_program_nl_question_completion_20260606_214738/candidates/current/docs/7d_bagua_metric_language.md	RECOVERY_ARTIFACT_HOLD	RECOVERY_EVIDENCE_WORKCELL	REVIEW_COMMIT_INDEX_OR_ARCHIVE	recovery artifact
recovery_program_nl_question_completion_20260606_214738/candidates/current/docs/design/SISTER_J_TRANSPARENT_BUILD_MODE.md	RECOVERY_ARTIFACT_HOLD	RECOVERY_EVIDENCE_WORKCELL	REVIEW_COMMIT_INDEX_OR_ARCHIVE	recovery artifact
recovery_program_nl_question_completion_20260606_214738/candidates/current/docs/design/W7TP_LITE_MVP_SPEC.md	RECOVERY_ARTIFACT_HOLD	RECOVERY_EVIDENCE_WORKCELL	REVIEW_COMMIT_INDEX_OR_ARCHIVE	recovery artifact
recovery_program_nl_question_completion_20260606_214738/candidates/current/docs/design/W7TP_SIMILAR_TECH_OPTIMIZATION.md	RECOVERY_ARTIFACT_HOLD	RECOVERY_EVIDENCE_WORKCELL	REVIEW_COMMIT_INDEX_OR_ARCHIVE	recovery artifact
recovery_program_nl_question_completion_20260606_214738/candidates/current/docs/design/XIAOJ_LINE_RESIDENT_ENTRY_MVP.md	RECOVERY_ARTIFACT_HOLD	RECOVERY_EVIDENCE_WORKCELL	REVIEW_COMMIT_INDEX_OR_ARCHIVE	recovery artifact
recovery_program_nl_question_completion_20260606_214738/candidates/current/docs/distributed_voice_nodes.md	RECOVERY_ARTIFACT_HOLD	RECOVERY_EVIDENCE_WORKCELL	REVIEW_COMMIT_INDEX_OR_ARCHIVE	recovery artifact
recovery_program_nl_question_completion_20260606_214738/candidates/current/docs/governance/EAMTP_7D_INTERNAL_LANGUAGE_SPEC.md	RECOVERY_ARTIFACT_HOLD	RECOVERY_EVIDENCE_WORKCELL	REVIEW_COMMIT_INDEX_OR_ARCHIVE	recovery artifact
recovery_program_nl_question_completion_20260606_214738/candidates/current/docs/governance/W7TP_CLOUD_PROVIDER_ADAPTER_CONTRACT.md	RECOVERY_ARTIFACT_HOLD	RECOVERY_EVIDENCE_WORKCELL	REVIEW_COMMIT_INDEX_OR_ARCHIVE	recovery artifact
recovery_program_nl_question_completion_20260606_214738/candidates/current/docs/governance/W7TP_CONTAINER_SERVER_OFFLOAD_PLAN.md	RECOVERY_ARTIFACT_HOLD	RECOVERY_EVIDENCE_WORKCELL	REVIEW_COMMIT_INDEX_OR_ARCHIVE	recovery artifact
recovery_program_nl_question_completion_20260606_214738/candidates/current/docs/governance/W7TP_HA_MESH_PLAN_ONLY.md	RECOVERY_ARTIFACT_HOLD	RECOVERY_EVIDENCE_WORKCELL	REVIEW_COMMIT_INDEX_OR_ARCHIVE	recovery artifact
recovery_program_nl_question_completion_20260606_214738/candidates/current/docs/governance/W7TP_INDEXER_SERVER_DEPLOYMENT_CHECKLIST.md	RECOVERY_ARTIFACT_HOLD	RECOVERY_EVIDENCE_WORKCELL	REVIEW_COMMIT_INDEX_OR_ARCHIVE	recovery artifact
recovery_program_nl_question_completion_20260606_214738/candidates/current/docs/governance/W7TP_INDEXER_SERVER_DRYRUN_RECORD.md	RECOVERY_ARTIFACT_HOLD	RECOVERY_EVIDENCE_WORKCELL	REVIEW_COMMIT_INDEX_OR_ARCHIVE	recovery artifact
recovery_program_nl_question_completion_20260606_214738/candidates/current/docs/governance/W7TP_LOCAL_XIAOJ_CLOUD_API_BROKER_DRYRUN.md	RECOVERY_ARTIFACT_HOLD	RECOVERY_EVIDENCE_WORKCELL	REVIEW_COMMIT_INDEX_OR_ARCHIVE	recovery artifact
recovery_program_nl_question_completion_20260606_214738/candidates/current/docs/governance/W7TP_NL_TO_7D_TASK_PACKET_GENERATOR.md	RECOVERY_ARTIFACT_HOLD	RECOVERY_EVIDENCE_WORKCELL	REVIEW_COMMIT_INDEX_OR_ARCHIVE	recovery artifact
recovery_program_nl_question_completion_20260606_214738/candidates/current/docs/governance/W7TP_TRI_PARTY_7D_PACKET_LANGUAGE_BRIDGE.md	RECOVERY_ARTIFACT_HOLD	RECOVERY_EVIDENCE_WORKCELL	REVIEW_COMMIT_INDEX_OR_ARCHIVE	recovery artifact
recovery_program_nl_question_completion_20260606_214738/candidates/current/docs/governance/XIAOJ_ADMIN_BLIND_PRIVACY_HARDWALL.md	RECOVERY_ARTIFACT_HOLD	RECOVERY_EVIDENCE_WORKCELL	REVIEW_COMMIT_INDEX_OR_ARCHIVE	recovery artifact
recovery_program_nl_question_completion_20260606_214738/candidates/current/docs/governance/XIAOJ_CONVERGED_GOVERNANCE_ARCHITECTURE.md	RECOVERY_ARTIFACT_HOLD	RECOVERY_EVIDENCE_WORKCELL	REVIEW_COMMIT_INDEX_OR_ARCHIVE	recovery artifact
recovery_program_nl_question_completion_20260606_214738/candidates/current/docs/governance/XIAOJ_VOLUNTEER_QUALIFICATION_POLICY.md	RECOVERY_ARTIFACT_HOLD	RECOVERY_EVIDENCE_WORKCELL	REVIEW_COMMIT_INDEX_OR_ARCHIVE	recovery artifact
recovery_program_nl_question_completion_20260606_214738/candidates/current/docs/ip/WUCHANG_PROJECT_SOURCE_INVENTORY.md	RECOVERY_ARTIFACT_HOLD	RECOVERY_EVIDENCE_WORKCELL	REVIEW_COMMIT_INDEX_OR_ARCHIVE	recovery artifact
recovery_program_nl_question_completion_20260606_214738/candidates/current/docs/legal/ASSOCIATION_BYLAW_AND_COMMUNITY_DEVELOPMENT_AUTHORITY.md	RECOVERY_ARTIFACT_HOLD	RECOVERY_EVIDENCE_WORKCELL	REVIEW_COMMIT_INDEX_OR_ARCHIVE	recovery artifact
recovery_program_nl_question_completion_20260606_214738/candidates/current/docs/odoo/ODOO_POS_OPEN_SOURCE_PACKAGE_AND_7D_IDENTITY_PLAN.md	RECOVERY_ARTIFACT_HOLD	RECOVERY_EVIDENCE_WORKCELL	REVIEW_COMMIT_INDEX_OR_ARCHIVE	recovery artifact
recovery_program_nl_question_completion_20260606_214738/candidates/current/docs/patent/TW-IF-02/appendix_A_wuchang_citycode_engine.py	RECOVERY_ARTIFACT_HOLD	RECOVERY_EVIDENCE_WORKCELL	REVIEW_COMMIT_INDEX_OR_ARCHIVE	recovery artifact
recovery_program_nl_question_completion_20260606_214738/candidates/current/docs/patent/TW-IF-02/appendix_A_wuchang_citycode_engine_msv_dev_srv.py	RECOVERY_ARTIFACT_HOLD	RECOVERY_EVIDENCE_WORKCELL	REVIEW_COMMIT_INDEX_OR_ARCHIVE	recovery artifact
recovery_program_nl_question_completion_20260606_214738/candidates/current/docs/patent/taiwan_patent_claims_v1.md	RECOVERY_ARTIFACT_HOLD	RECOVERY_EVIDENCE_WORKCELL	REVIEW_COMMIT_INDEX_OR_ARCHIVE	recovery artifact
recovery_program_nl_question_completion_20260606_214738/candidates/current/docs/patent/taiwan_patent_spec_v1.md	RECOVERY_ARTIFACT_HOLD	RECOVERY_EVIDENCE_WORKCELL	REVIEW_COMMIT_INDEX_OR_ARCHIVE	recovery artifact
recovery_program_nl_question_completion_20260606_214738/candidates/current/docs/patent/wuchang_sovereign_gateway_patent_draft_20260523_053242.md	RECOVERY_ARTIFACT_HOLD	RECOVERY_EVIDENCE_WORKCELL	REVIEW_COMMIT_INDEX_OR_ARCHIVE	recovery artifact
recovery_program_nl_question_completion_20260606_214738/candidates/current/docs/prefix/XIAOJ_BYLAW_COMMUNITY_DEVELOPMENT_CONCEPT.md	RECOVERY_ARTIFACT_HOLD	RECOVERY_EVIDENCE_WORKCELL	REVIEW_COMMIT_INDEX_OR_ARCHIVE	recovery artifact
recovery_program_nl_question_completion_20260606_214738/candidates/current/docs/project/PROJECT_CONTROL_BOARD.md	RECOVERY_ARTIFACT_HOLD	RECOVERY_EVIDENCE_WORKCELL	REVIEW_COMMIT_INDEX_OR_ARCHIVE	recovery artifact
recovery_program_nl_question_completion_20260606_214738/candidates/current/docs/project/PROJECT_DASHBOARD.html	RECOVERY_ARTIFACT_HOLD	RECOVERY_EVIDENCE_WORKCELL	REVIEW_COMMIT_INDEX_OR_ARCHIVE	recovery artifact
recovery_program_nl_question_completion_20260606_214738/candidates/current/docs/project/TASK_CARDS.md	RECOVERY_ARTIFACT_HOLD	RECOVERY_EVIDENCE_WORKCELL	REVIEW_COMMIT_INDEX_OR_ARCHIVE	recovery artifact
recovery_program_nl_question_completion_20260606_214738/candidates/current/docs/project/TASK_CARDS_COMPACT.md	RECOVERY_ARTIFACT_HOLD	RECOVERY_EVIDENCE_WORKCELL	REVIEW_COMMIT_INDEX_OR_ARCHIVE	recovery artifact
recovery_program_nl_question_completion_20260606_214738/candidates/current/docs/project/W7TP_007_VOLUNTEER_DELIVERY_STATUS.md	RECOVERY_ARTIFACT_HOLD	RECOVERY_EVIDENCE_WORKCELL	REVIEW_COMMIT_INDEX_OR_ARCHIVE	recovery artifact
recovery_program_nl_question_completion_20260606_214738/candidates/current/docs/project/W7TP_COMMUNITY_AI_MVP_CONTROL_SUMMARY_V1.md	RECOVERY_ARTIFACT_HOLD	RECOVERY_EVIDENCE_WORKCELL	REVIEW_COMMIT_INDEX_OR_ARCHIVE	recovery artifact
recovery_program_nl_question_completion_20260606_214738/candidates/current/docs/project/W7TP_FIELD_SCAN_LATEST.md	RECOVERY_ARTIFACT_HOLD	RECOVERY_EVIDENCE_WORKCELL	REVIEW_COMMIT_INDEX_OR_ARCHIVE	recovery artifact
recovery_program_nl_question_completion_20260606_214738/candidates/current/docs/project/W7TP_ODOO_COMMITTEE_CANDIDATE_DETAIL.md	RECOVERY_ARTIFACT_HOLD	RECOVERY_EVIDENCE_WORKCELL	REVIEW_COMMIT_INDEX_OR_ARCHIVE	recovery artifact
recovery_program_nl_question_completion_20260606_214738/candidates/current/docs/project/W7TP_ODOO_COMMITTEE_MODULE_READ.md	RECOVERY_ARTIFACT_HOLD	RECOVERY_EVIDENCE_WORKCELL	REVIEW_COMMIT_INDEX_OR_ARCHIVE	recovery artifact
recovery_program_nl_question_completion_20260606_214738/candidates/current/docs/project/W7TP_WUCHANG_CORE_COMMITTEE_MODULE_READ.md	RECOVERY_ARTIFACT_HOLD	RECOVERY_EVIDENCE_WORKCELL	REVIEW_COMMIT_INDEX_OR_ARCHIVE	recovery artifact
recovery_program_nl_question_completion_20260606_214738/candidates/current/docs/project/W7TP_WUCHANG_CORE_INSTALL_READINESS_CHECK.md	RECOVERY_ARTIFACT_HOLD	RECOVERY_EVIDENCE_WORKCELL	REVIEW_COMMIT_INDEX_OR_ARCHIVE	recovery artifact
recovery_program_nl_question_completion_20260606_214738/candidates/current/docs/project/WORKLINKS.md	RECOVERY_ARTIFACT_HOLD	RECOVERY_EVIDENCE_WORKCELL	REVIEW_COMMIT_INDEX_OR_ARCHIVE	recovery artifact
recovery_program_nl_question_completion_20260606_214738/candidates/current/docs/project/WUCHANG_CORE_FINAL_UI_EVIDENCE.md	RECOVERY_ARTIFACT_HOLD	RECOVERY_EVIDENCE_WORKCELL	REVIEW_COMMIT_INDEX_OR_ARCHIVE	recovery artifact
recovery_program_nl_question_completion_20260606_214738/candidates/current/docs/strategy/wuchang_sovereign_economic_engine_v8_zh.md	RECOVERY_ARTIFACT_HOLD	RECOVERY_EVIDENCE_WORKCELL	REVIEW_COMMIT_INDEX_OR_ARCHIVE	recovery artifact
recovery_program_nl_question_completion_20260606_214738/candidates/current/docs/system_memory/wuchang_culture_kindness_memory.md	RECOVERY_ARTIFACT_HOLD	RECOVERY_EVIDENCE_WORKCELL	REVIEW_COMMIT_INDEX_OR_ARCHIVE	recovery artifact
recovery_program_nl_question_completion_20260606_214738/candidates/current/docs/taiji_five_metric_formal_notation_runtime_zh.md	RECOVERY_ARTIFACT_HOLD	RECOVERY_EVIDENCE_WORKCELL	REVIEW_COMMIT_INDEX_OR_ARCHIVE	recovery artifact
recovery_program_nl_question_completion_20260606_214738/candidates/current/docs/taiji_five_metric_tensor_runtime_zh.md	RECOVERY_ARTIFACT_HOLD	RECOVERY_EVIDENCE_WORKCELL	REVIEW_COMMIT_INDEX_OR_ARCHIVE	recovery artifact
recovery_program_nl_question_completion_20260606_214738/candidates/current/docs/taiji_hub_architecture_completion_board_zh.md	RECOVERY_ARTIFACT_HOLD	RECOVERY_EVIDENCE_WORKCELL	REVIEW_COMMIT_INDEX_OR_ARCHIVE	recovery artifact
recovery_program_nl_question_completion_20260606_214738/candidates/current/docs/taiji_hub_device_least_privilege_browser_ui_zh.md	RECOVERY_ARTIFACT_HOLD	RECOVERY_EVIDENCE_WORKCELL	REVIEW_COMMIT_INDEX_OR_ARCHIVE	recovery artifact
recovery_program_nl_question_completion_20260606_214738/candidates/current/docs/taiji_hub_five_dim_zero_tree_tensor_io_assessment_zh.md	RECOVERY_ARTIFACT_HOLD	RECOVERY_EVIDENCE_WORKCELL	REVIEW_COMMIT_INDEX_OR_ARCHIVE	recovery artifact
recovery_program_nl_question_completion_20260606_214738/candidates/current/docs/taiji_hub_google_workspace_policy_gateway_zh.md	RECOVERY_ARTIFACT_HOLD	RECOVERY_EVIDENCE_WORKCELL	REVIEW_COMMIT_INDEX_OR_ARCHIVE	recovery artifact
recovery_program_nl_question_completion_20260606_214738/candidates/current/docs/taiji_hub_odoo_google_nonprofit_mail_bridge_zh.md	RECOVERY_ARTIFACT_HOLD	RECOVERY_EVIDENCE_WORKCELL	REVIEW_COMMIT_INDEX_OR_ARCHIVE	recovery artifact
recovery_program_nl_question_completion_20260606_214738/candidates/current/docs/taiji_hub_whitepaper_zh.md	RECOVERY_ARTIFACT_HOLD	RECOVERY_EVIDENCE_WORKCELL	REVIEW_COMMIT_INDEX_OR_ARCHIVE	recovery artifact
recovery_program_nl_question_completion_20260606_214738/candidates/current/docs/taiji_natural_intent_pos_gateway_zh.md	RECOVERY_ARTIFACT_HOLD	RECOVERY_EVIDENCE_WORKCELL	REVIEW_COMMIT_INDEX_OR_ARCHIVE	recovery artifact
recovery_program_nl_question_completion_20260606_214738/candidates/current/docs/task_force/wuchang_task_force_dispatch_policy_zh.md	RECOVERY_ARTIFACT_HOLD	RECOVERY_EVIDENCE_WORKCELL	REVIEW_COMMIT_INDEX_OR_ARCHIVE	recovery artifact
recovery_program_nl_question_completion_20260606_214738/candidates/current/docs/w7tp_algorithms/W7TP_EASTERN_STATE_ROUTER_v1.3_SPEC.md	RECOVERY_ARTIFACT_HOLD	RECOVERY_EVIDENCE_WORKCELL	REVIEW_COMMIT_INDEX_OR_ARCHIVE	recovery artifact
recovery_program_nl_question_completion_20260606_214738/candidates/current/docs/wuchang_community_system_functional_structure_zh.md	RECOVERY_ARTIFACT_HOLD	RECOVERY_EVIDENCE_WORKCELL	REVIEW_COMMIT_INDEX_OR_ARCHIVE	recovery artifact
recovery_program_nl_question_completion_20260606_214738/candidates/current/drive_upload_bundle/20260507_012719/AI_FILE_TENSOR_INDEX_20260507_012719.json	RECOVERY_ARTIFACT_HOLD	RECOVERY_EVIDENCE_WORKCELL	REVIEW_COMMIT_INDEX_OR_ARCHIVE	recovery artifact
recovery_program_nl_question_completion_20260606_214738/candidates/current/drive_upload_bundle/20260507_012719/ARCHIVE_MANIFEST_20260507_012719.tsv	RECOVERY_ARTIFACT_HOLD	RECOVERY_EVIDENCE_WORKCELL	REVIEW_COMMIT_INDEX_OR_ARCHIVE	recovery artifact
recovery_program_nl_question_completion_20260606_214738/candidates/current/eamtp_tipo_generator.py	RECOVERY_ARTIFACT_HOLD	RECOVERY_EVIDENCE_WORKCELL	REVIEW_COMMIT_INDEX_OR_ARCHIVE	recovery artifact
recovery_program_nl_question_completion_20260606_214738/candidates/current/evidence/full_scope_selfdev_20260508_025146/disk_mounts.txt	RECOVERY_ARTIFACT_HOLD	RECOVERY_EVIDENCE_WORKCELL	REVIEW_COMMIT_INDEX_OR_ARCHIVE	recovery artifact
recovery_program_nl_question_completion_20260606_214738/candidates/current/evidence/full_scope_selfdev_20260508_025146/full_file_timeline.txt	RECOVERY_ARTIFACT_HOLD	RECOVERY_EVIDENCE_WORKCELL	REVIEW_COMMIT_INDEX_OR_ARCHIVE	recovery artifact
recovery_program_nl_question_completion_20260606_214738/candidates/current/evidence/full_scope_selfdev_20260508_025146/git_diff.patch	RECOVERY_ARTIFACT_HOLD	RECOVERY_EVIDENCE_WORKCELL	REVIEW_COMMIT_INDEX_OR_ARCHIVE	recovery artifact
recovery_program_nl_question_completion_20260606_214738/candidates/current/evidence/full_scope_selfdev_20260508_025146/git_log.txt	RECOVERY_ARTIFACT_HOLD	RECOVERY_EVIDENCE_WORKCELL	REVIEW_COMMIT_INDEX_OR_ARCHIVE	recovery artifact
recovery_program_nl_question_completion_20260606_214738/candidates/current/evidence/full_scope_selfdev_20260508_025146/shell_history_redacted.txt	RECOVERY_ARTIFACT_HOLD	RECOVERY_EVIDENCE_WORKCELL	REVIEW_COMMIT_INDEX_OR_ARCHIVE	recovery artifact
recovery_program_nl_question_completion_20260606_214738/candidates/current/evidence/full_scope_selfdev_20260508_025146/source_document_files.txt	RECOVERY_ARTIFACT_HOLD	RECOVERY_EVIDENCE_WORKCELL	REVIEW_COMMIT_INDEX_OR_ARCHIVE	recovery artifact
recovery_program_nl_question_completion_20260606_214738/candidates/current/evidence/full_scope_selfdev_20260508_025146/source_document_sha256.txt	RECOVERY_ARTIFACT_HOLD	RECOVERY_EVIDENCE_WORKCELL	REVIEW_COMMIT_INDEX_OR_ARCHIVE	recovery artifact
recovery_program_nl_question_completion_20260606_214738/candidates/current/evidence/full_scope_selfdev_20260508_025146/systemd_journal_recent.txt	RECOVERY_ARTIFACT_HOLD	RECOVERY_EVIDENCE_WORKCELL	REVIEW_COMMIT_INDEX_OR_ARCHIVE	recovery artifact
recovery_program_nl_question_completion_20260606_214738/candidates/current/evidence/full_scope_selfdev_20260508_025146/systemd_status.txt	RECOVERY_ARTIFACT_HOLD	RECOVERY_EVIDENCE_WORKCELL	REVIEW_COMMIT_INDEX_OR_ARCHIVE	recovery artifact
recovery_program_nl_question_completion_20260606_214738/candidates/current/evidence/full_scope_selfdev_20260508_025146/taiji_related_timeline.txt	RECOVERY_ARTIFACT_HOLD	RECOVERY_EVIDENCE_WORKCELL	REVIEW_COMMIT_INDEX_OR_ARCHIVE	recovery artifact
recovery_program_nl_question_completion_20260606_214738/candidates/current/evidence/full_scope_selfdev_20260508_025146/web_scrape_indicator_scan.txt	RECOVERY_ARTIFACT_HOLD	RECOVERY_EVIDENCE_WORKCELL	REVIEW_COMMIT_INDEX_OR_ARCHIVE	recovery artifact
recovery_program_nl_question_completion_20260606_214738/candidates/current/evidence/member_registration/member_registration_avatar_patch_20260602_123409.txt	RECOVERY_ARTIFACT_HOLD	RECOVERY_EVIDENCE_WORKCELL	REVIEW_COMMIT_INDEX_OR_ARCHIVE	recovery artifact
recovery_program_nl_question_completion_20260606_214738/candidates/current/evidence/member_registration/member_registration_founder_patch_20260602_123801.txt	RECOVERY_ARTIFACT_HOLD	RECOVERY_EVIDENCE_WORKCELL	REVIEW_COMMIT_INDEX_OR_ARCHIVE	recovery artifact
recovery_program_nl_question_completion_20260606_214738/candidates/current/evidence/member_registration/member_registration_nickname_patch_20260602_123048.txt	RECOVERY_ARTIFACT_HOLD	RECOVERY_EVIDENCE_WORKCELL	REVIEW_COMMIT_INDEX_OR_ARCHIVE	recovery artifact
recovery_program_nl_question_completion_20260606_214738/candidates/current/evidence/member_registration/member_registration_odoo_install_005H_pgpassword_20260602_122849.txt	RECOVERY_ARTIFACT_HOLD	RECOVERY_EVIDENCE_WORKCELL	REVIEW_COMMIT_INDEX_OR_ARCHIVE	recovery artifact
recovery_program_nl_question_completion_20260606_214738/candidates/current/evidence/server_handoff/dirty_worktree/git_diff_stat_20260602_004526.txt	RECOVERY_ARTIFACT_HOLD	RECOVERY_EVIDENCE_WORKCELL	REVIEW_COMMIT_INDEX_OR_ARCHIVE	recovery artifact
recovery_program_nl_question_completion_20260606_214738/candidates/current/evidence/server_handoff/dirty_worktree/git_status_porcelain_20260602_004526.txt	RECOVERY_ARTIFACT_HOLD	RECOVERY_EVIDENCE_WORKCELL	REVIEW_COMMIT_INDEX_OR_ARCHIVE	recovery artifact
recovery_program_nl_question_completion_20260606_214738/candidates/current/evidence/server_handoff/dirty_worktree/git_typechange_20260602_004526.txt	RECOVERY_ARTIFACT_HOLD	RECOVERY_EVIDENCE_WORKCELL	REVIEW_COMMIT_INDEX_OR_ARCHIVE	recovery artifact
recovery_program_nl_question_completion_20260606_214738/candidates/current/evidence/server_handoff/production_copy_set/production_copy_set_manifest_20260602_012019.txt	RECOVERY_ARTIFACT_HOLD	RECOVERY_EVIDENCE_WORKCELL	REVIEW_COMMIT_INDEX_OR_ARCHIVE	recovery artifact
recovery_program_nl_question_completion_20260606_214738/candidates/current/evidence/server_handoff/production_copy_set/production_copy_set_manifest_20260602_012514.txt	RECOVERY_ARTIFACT_HOLD	RECOVERY_EVIDENCE_WORKCELL	REVIEW_COMMIT_INDEX_OR_ARCHIVE	recovery artifact
recovery_program_nl_question_completion_20260606_214738/candidates/current/evidence/server_handoff/production_copy_set/production_copy_set_manifest_20260602_012942.txt	RECOVERY_ARTIFACT_HOLD	RECOVERY_EVIDENCE_WORKCELL	REVIEW_COMMIT_INDEX_OR_ARCHIVE	recovery artifact
recovery_program_nl_question_completion_20260606_214738/candidates/current/evidence/server_handoff/production_copy_set/production_copy_set_manifest_20260602_013154.txt	RECOVERY_ARTIFACT_HOLD	RECOVERY_EVIDENCE_WORKCELL	REVIEW_COMMIT_INDEX_OR_ARCHIVE	recovery artifact
recovery_program_nl_question_completion_20260606_214738/candidates/current/evidence/server_handoff/systemd_takeover/taiji_edge_gateway_http_probe_20260602_114350.txt	RECOVERY_ARTIFACT_HOLD	RECOVERY_EVIDENCE_WORKCELL	REVIEW_COMMIT_INDEX_OR_ARCHIVE	recovery artifact
recovery_program_nl_question_completion_20260606_214738/candidates/current/evidence/server_handoff/systemd_takeover/taiji_edge_gateway_systemd_final_takeover_20260602_114718.txt	RECOVERY_ARTIFACT_HOLD	RECOVERY_EVIDENCE_WORKCELL	REVIEW_COMMIT_INDEX_OR_ARCHIVE	recovery artifact
recovery_program_nl_question_completion_20260606_214738/candidates/current/evidence/server_handoff/systemd_takeover/taiji_edge_gateway_systemd_takeover_20260602_114221.txt	RECOVERY_ARTIFACT_HOLD	RECOVERY_EVIDENCE_WORKCELL	REVIEW_COMMIT_INDEX_OR_ARCHIVE	recovery artifact
recovery_program_nl_question_completion_20260606_214738/candidates/current/evidence/server_handoff/systemd_takeover/taiji_unified_gateway_edge_pre_healthz_20260602_114553.py	RECOVERY_ARTIFACT_HOLD	RECOVERY_EVIDENCE_WORKCELL	REVIEW_COMMIT_INDEX_OR_ARCHIVE	recovery artifact
recovery_program_nl_question_completion_20260606_214738/candidates/current/evidence/server_handoff/taiji01_transfer_dry_run/taiji01_copy_set_filelist_20260602_013458.txt	RECOVERY_ARTIFACT_HOLD	RECOVERY_EVIDENCE_WORKCELL	REVIEW_COMMIT_INDEX_OR_ARCHIVE	recovery artifact
recovery_program_nl_question_completion_20260606_214738/candidates/current/evidence/server_handoff/taiji01_transfer_dry_run/taiji01_copy_set_filelist_unquoted_20260602_013828.txt	RECOVERY_ARTIFACT_HOLD	RECOVERY_EVIDENCE_WORKCELL	REVIEW_COMMIT_INDEX_OR_ARCHIVE	recovery artifact
recovery_program_nl_question_completion_20260606_214738/candidates/current/evidence/server_handoff/taiji01_transfer_dry_run/taiji01_copy_set_rsync_dry_run_20260602_013458.txt	RECOVERY_ARTIFACT_HOLD	RECOVERY_EVIDENCE_WORKCELL	REVIEW_COMMIT_INDEX_OR_ARCHIVE	recovery artifact
recovery_program_nl_question_completion_20260606_214738/candidates/current/evidence/server_handoff/taiji01_transfer_dry_run/taiji01_copy_set_rsync_dry_run_unquoted_20260602_013828.txt	RECOVERY_ARTIFACT_HOLD	RECOVERY_EVIDENCE_WORKCELL	REVIEW_COMMIT_INDEX_OR_ARCHIVE	recovery artifact
recovery_program_nl_question_completion_20260606_214738/candidates/current/evidence/server_handoff/taiji01_transfer_real_copy/taiji01_copy_set_real_rsync_20260602_014050.txt	RECOVERY_ARTIFACT_HOLD	RECOVERY_EVIDENCE_WORKCELL	REVIEW_COMMIT_INDEX_OR_ARCHIVE	recovery artifact
recovery_program_nl_question_completion_20260606_214738/candidates/current/evidence/server_handoff/taiji01_validation/taiji01_copy_set_hash_diff_20260602_014300.txt	RECOVERY_ARTIFACT_HOLD	RECOVERY_EVIDENCE_WORKCELL	REVIEW_COMMIT_INDEX_OR_ARCHIVE	recovery artifact
recovery_program_nl_question_completion_20260606_214738/candidates/current/evidence/server_handoff/worktree_batch_commit/batch1_staged_paths_20260602_005524.txt	RECOVERY_ARTIFACT_HOLD	RECOVERY_EVIDENCE_WORKCELL	REVIEW_COMMIT_INDEX_OR_ARCHIVE	recovery artifact
recovery_program_nl_question_completion_20260606_214738/candidates/current/evidence/server_handoff/worktree_batch_commit/batch3_runtime_staged_paths_20260602_010451.txt	RECOVERY_ARTIFACT_HOLD	RECOVERY_EVIDENCE_WORKCELL	REVIEW_COMMIT_INDEX_OR_ARCHIVE	recovery artifact
recovery_program_nl_question_completion_20260606_214738/candidates/current/evidence/server_handoff/worktree_batch_commit/batch3_staged_paths_20260602_010825.txt	RECOVERY_ARTIFACT_HOLD	RECOVERY_EVIDENCE_WORKCELL	REVIEW_COMMIT_INDEX_OR_ARCHIVE	recovery artifact
recovery_program_nl_question_completion_20260606_214738/candidates/current/evidence/server_handoff/worktree_batch_commit/batch4_review_staged_paths_20260602_011455.txt	RECOVERY_ARTIFACT_HOLD	RECOVERY_EVIDENCE_WORKCELL	REVIEW_COMMIT_INDEX_OR_ARCHIVE	recovery artifact
recovery_program_nl_question_completion_20260606_214738/candidates/current/evidence/server_handoff/worktree_batch_commit/batch4_review_staged_paths_20260602_011529.txt	RECOVERY_ARTIFACT_HOLD	RECOVERY_EVIDENCE_WORKCELL	REVIEW_COMMIT_INDEX_OR_ARCHIVE	recovery artifact
recovery_program_nl_question_completion_20260606_214738/candidates/current/evidence/server_handoff/worktree_batch_commit/batch4_staged_paths_20260602_011229.txt	RECOVERY_ARTIFACT_HOLD	RECOVERY_EVIDENCE_WORKCELL	REVIEW_COMMIT_INDEX_OR_ARCHIVE	recovery artifact
recovery_program_nl_question_completion_20260606_214738/candidates/current/evidence/server_handoff/worktree_batch_commit/status_after_20260602_005228.txt	RECOVERY_ARTIFACT_HOLD	RECOVERY_EVIDENCE_WORKCELL	REVIEW_COMMIT_INDEX_OR_ARCHIVE	recovery artifact
recovery_program_nl_question_completion_20260606_214738/candidates/current/evidence/server_handoff/worktree_batch_commit/status_before_20260602_005228.txt	RECOVERY_ARTIFACT_HOLD	RECOVERY_EVIDENCE_WORKCELL	REVIEW_COMMIT_INDEX_OR_ARCHIVE	recovery artifact
recovery_program_nl_question_completion_20260606_214738/candidates/current/evidence/verification/cross_node_receive_probe_MSI_20260606_210542.md	RECOVERY_ARTIFACT_HOLD	RECOVERY_EVIDENCE_WORKCELL	REVIEW_COMMIT_INDEX_OR_ARCHIVE	recovery artifact
recovery_program_nl_question_completion_20260606_214738/candidates/current/evidence/verification/w7tp_intent_field_packaging_topology_reconciliation_MSI_20260606_212148.md	RECOVERY_ARTIFACT_HOLD	RECOVERY_EVIDENCE_WORKCELL	REVIEW_COMMIT_INDEX_OR_ARCHIVE	recovery artifact
recovery_program_nl_question_completion_20260606_214738/candidates/current/evidence/verification/w7tp_transport_verdict_MSI_20260606_193746.md	RECOVERY_ARTIFACT_HOLD	RECOVERY_EVIDENCE_WORKCELL	REVIEW_COMMIT_INDEX_OR_ARCHIVE	recovery artifact
recovery_program_nl_question_completion_20260606_214738/candidates/current/evidence_generative_transport_history_20260606_164237.txt	RECOVERY_ARTIFACT_HOLD	RECOVERY_EVIDENCE_WORKCELL	REVIEW_COMMIT_INDEX_OR_ARCHIVE	recovery artifact
recovery_program_nl_question_completion_20260606_214738/candidates/current/evidence_master_index/claim_artifact_mapping_v0_1.csv	RECOVERY_ARTIFACT_HOLD	RECOVERY_EVIDENCE_WORKCELL	REVIEW_COMMIT_INDEX_OR_ARCHIVE	recovery artifact
recovery_program_nl_question_completion_20260606_214738/candidates/current/evidence_master_index/claim_artifact_mapping_v0_1.md	RECOVERY_ARTIFACT_HOLD	RECOVERY_EVIDENCE_WORKCELL	REVIEW_COMMIT_INDEX_OR_ARCHIVE	recovery artifact
recovery_program_nl_question_completion_20260606_214738/candidates/current/evidence_master_index/claim_artifact_mapping_v0_2_clean.csv	RECOVERY_ARTIFACT_HOLD	RECOVERY_EVIDENCE_WORKCELL	REVIEW_COMMIT_INDEX_OR_ARCHIVE	recovery artifact
recovery_program_nl_question_completion_20260606_214738/candidates/current/evidence_master_index/claim_artifact_mapping_v0_2_clean.md	RECOVERY_ARTIFACT_HOLD	RECOVERY_EVIDENCE_WORKCELL	REVIEW_COMMIT_INDEX_OR_ARCHIVE	recovery artifact
recovery_program_nl_question_completion_20260606_214738/candidates/current/evidence_master_index/patent_abstract_v0_4.md	RECOVERY_ARTIFACT_HOLD	RECOVERY_EVIDENCE_WORKCELL	REVIEW_COMMIT_INDEX_OR_ARCHIVE	recovery artifact
recovery_program_nl_question_completion_20260606_214738/candidates/current/evidence_master_index/patent_claims_v0_3_main_claim_draft.md	RECOVERY_ARTIFACT_HOLD	RECOVERY_EVIDENCE_WORKCELL	REVIEW_COMMIT_INDEX_OR_ARCHIVE	recovery artifact
recovery_program_nl_question_completion_20260606_214738/candidates/current/evidence_master_index/patent_claims_v0_4.md	RECOVERY_ARTIFACT_HOLD	RECOVERY_EVIDENCE_WORKCELL	REVIEW_COMMIT_INDEX_OR_ARCHIVE	recovery artifact
recovery_program_nl_question_completion_20260606_214738/candidates/current/evidence_master_index/patent_figures_v0_4.md	RECOVERY_ARTIFACT_HOLD	RECOVERY_EVIDENCE_WORKCELL	REVIEW_COMMIT_INDEX_OR_ARCHIVE	recovery artifact
recovery_program_nl_question_completion_20260606_214738/candidates/current/evidence_master_index/patent_specification_v0_4.md	RECOVERY_ARTIFACT_HOLD	RECOVERY_EVIDENCE_WORKCELL	REVIEW_COMMIT_INDEX_OR_ARCHIVE	recovery artifact
recovery_program_nl_question_completion_20260606_214738/candidates/current/evidence_master_index/patent_v0_5_tipo/patent_abstract_v0_5_tipo.md	RECOVERY_ARTIFACT_HOLD	RECOVERY_EVIDENCE_WORKCELL	REVIEW_COMMIT_INDEX_OR_ARCHIVE	recovery artifact
recovery_program_nl_question_completion_20260606_214738/candidates/current/evidence_master_index/patent_v0_5_tipo/patent_claims_v0_5_tipo.md	RECOVERY_ARTIFACT_HOLD	RECOVERY_EVIDENCE_WORKCELL	REVIEW_COMMIT_INDEX_OR_ARCHIVE	recovery artifact
recovery_program_nl_question_completion_20260606_214738/candidates/current/evidence_master_index/patent_v0_5_tipo/patent_figures_v0_5_tipo.md	RECOVERY_ARTIFACT_HOLD	RECOVERY_EVIDENCE_WORKCELL	REVIEW_COMMIT_INDEX_OR_ARCHIVE	recovery artifact
recovery_program_nl_question_completion_20260606_214738/candidates/current/evidence_master_index/patent_v0_5_tipo/patent_specification_v0_5_tipo.md	RECOVERY_ARTIFACT_HOLD	RECOVERY_EVIDENCE_WORKCELL	REVIEW_COMMIT_INDEX_OR_ARCHIVE	recovery artifact
recovery_program_nl_question_completion_20260606_214738/candidates/current/evidence_master_index/patent_v0_7_agent_review_pack/claim_artifact_mapping_v0_2_clean.csv	RECOVERY_ARTIFACT_HOLD	RECOVERY_EVIDENCE_WORKCELL	REVIEW_COMMIT_INDEX_OR_ARCHIVE	recovery artifact
recovery_program_nl_question_completion_20260606_214738/candidates/current/evidence_master_index/patent_v0_7_agent_review_pack/claim_artifact_mapping_v0_2_clean.md	RECOVERY_ARTIFACT_HOLD	RECOVERY_EVIDENCE_WORKCELL	REVIEW_COMMIT_INDEX_OR_ARCHIVE	recovery artifact
recovery_program_nl_question_completion_20260606_214738/candidates/current/evidence_master_index/patent_v0_7_agent_review_pack/patent_claims_v0_3_main_claim_draft.md	RECOVERY_ARTIFACT_HOLD	RECOVERY_EVIDENCE_WORKCELL	REVIEW_COMMIT_INDEX_OR_ARCHIVE	recovery artifact
recovery_program_nl_question_completion_20260606_214738/candidates/current/evidence_master_index/patent_v0_7_agent_review_pack/redteam_review_summary_v0_7.md	RECOVERY_ARTIFACT_HOLD	RECOVERY_EVIDENCE_WORKCELL	REVIEW_COMMIT_INDEX_OR_ARCHIVE	recovery artifact
recovery_program_nl_question_completion_20260606_214738/candidates/current/evidence_master_index/patent_v0_8_handoff_package/README_FOR_PATENT_ATTORNEY_v0_8.md	RECOVERY_ARTIFACT_HOLD	RECOVERY_EVIDENCE_WORKCELL	REVIEW_COMMIT_INDEX_OR_ARCHIVE	recovery artifact
recovery_program_nl_question_completion_20260606_214738/candidates/current/evidence_master_index/patent_v0_8_handoff_package/claim_artifact_mapping_v0_2_clean.csv	RECOVERY_ARTIFACT_HOLD	RECOVERY_EVIDENCE_WORKCELL	REVIEW_COMMIT_INDEX_OR_ARCHIVE	recovery artifact
recovery_program_nl_question_completion_20260606_214738/candidates/current/evidence_master_index/patent_v0_8_handoff_package/claim_artifact_mapping_v0_2_clean.md	RECOVERY_ARTIFACT_HOLD	RECOVERY_EVIDENCE_WORKCELL	REVIEW_COMMIT_INDEX_OR_ARCHIVE	recovery artifact
recovery_program_nl_question_completion_20260606_214738/candidates/current/evidence_master_index/patent_v0_8_handoff_package/patent_claims_v0_3_main_claim_draft.md	RECOVERY_ARTIFACT_HOLD	RECOVERY_EVIDENCE_WORKCELL	REVIEW_COMMIT_INDEX_OR_ARCHIVE	recovery artifact
recovery_program_nl_question_completion_20260606_214738/candidates/current/evidence_master_index/patent_v0_8_handoff_package/redteam_review_summary_v0_7.md	RECOVERY_ARTIFACT_HOLD	RECOVERY_EVIDENCE_WORKCELL	REVIEW_COMMIT_INDEX_OR_ARCHIVE	recovery artifact
recovery_program_nl_question_completion_20260606_214738/candidates/current/evidence_master_index/patent_v0_9_development_history_appendix/claim_artifact_mapping_v0_2_clean.csv	RECOVERY_ARTIFACT_HOLD	RECOVERY_EVIDENCE_WORKCELL	REVIEW_COMMIT_INDEX_OR_ARCHIVE	recovery artifact
recovery_program_nl_question_completion_20260606_214738/candidates/current/evidence_master_index/patent_v0_9_development_history_appendix/claim_artifact_mapping_v0_2_clean.md	RECOVERY_ARTIFACT_HOLD	RECOVERY_EVIDENCE_WORKCELL	REVIEW_COMMIT_INDEX_OR_ARCHIVE	recovery artifact
recovery_program_nl_question_completion_20260606_214738/candidates/current/evidence_master_index/patent_v0_9_development_history_appendix/patent_v0_9_development_history_appendix.md	RECOVERY_ARTIFACT_HOLD	RECOVERY_EVIDENCE_WORKCELL	REVIEW_COMMIT_INDEX_OR_ARCHIVE	recovery artifact
recovery_program_nl_question_completion_20260606_214738/candidates/current/evidence_master_index/patent_v0_9_development_history_appendix/patent_v0_9_development_history_timeline.csv	RECOVERY_ARTIFACT_HOLD	RECOVERY_EVIDENCE_WORKCELL	REVIEW_COMMIT_INDEX_OR_ARCHIVE	recovery artifact
recovery_program_nl_question_completion_20260606_214738/candidates/current/examples/intent_manifests/payment_prepare.sample.json	RECOVERY_ARTIFACT_HOLD	RECOVERY_EVIDENCE_WORKCELL	REVIEW_COMMIT_INDEX_OR_ARCHIVE	recovery artifact
recovery_program_nl_question_completion_20260606_214738/candidates/current/examples/intent_manifests/service_request.sample.json	RECOVERY_ARTIFACT_HOLD	RECOVERY_EVIDENCE_WORKCELL	REVIEW_COMMIT_INDEX_OR_ARCHIVE	recovery artifact
recovery_program_nl_question_completion_20260606_214738/candidates/current/indexes/AI_FILE_TENSOR_INDEX_20260507_012719.json	RECOVERY_ARTIFACT_HOLD	RECOVERY_EVIDENCE_WORKCELL	REVIEW_COMMIT_INDEX_OR_ARCHIVE	recovery artifact
recovery_program_nl_question_completion_20260606_214738/candidates/current/indexes/ARCHIVE_MANIFEST_20260507_012719.tsv	RECOVERY_ARTIFACT_HOLD	RECOVERY_EVIDENCE_WORKCELL	REVIEW_COMMIT_INDEX_OR_ARCHIVE	recovery artifact
recovery_program_nl_question_completion_20260606_214738/candidates/current/intent_design_trace.txt	RECOVERY_ARTIFACT_HOLD	RECOVERY_EVIDENCE_WORKCELL	REVIEW_COMMIT_INDEX_OR_ARCHIVE	recovery artifact
recovery_program_nl_question_completion_20260606_214738/candidates/current/intent_discovery/INTENT_DISCOVERY_CLASS_INDEX.txt	RECOVERY_ARTIFACT_HOLD	RECOVERY_EVIDENCE_WORKCELL	REVIEW_COMMIT_INDEX_OR_ARCHIVE	recovery artifact
recovery_program_nl_question_completion_20260606_214738/candidates/current/intent_discovery/INTENT_DISCOVERY_FULL_MANIFEST.txt	RECOVERY_ARTIFACT_HOLD	RECOVERY_EVIDENCE_WORKCELL	REVIEW_COMMIT_INDEX_OR_ARCHIVE	recovery artifact
recovery_program_nl_question_completion_20260606_214738/candidates/current/intent_discovery_211_manifest.txt	RECOVERY_ARTIFACT_HOLD	RECOVERY_EVIDENCE_WORKCELL	REVIEW_COMMIT_INDEX_OR_ARCHIVE	recovery artifact
recovery_program_nl_question_completion_20260606_214738/candidates/current/intent_discovery_211_sha256.txt	RECOVERY_ARTIFACT_HOLD	RECOVERY_EVIDENCE_WORKCELL	REVIEW_COMMIT_INDEX_OR_ARCHIVE	recovery artifact
recovery_program_nl_question_completion_20260606_214738/candidates/current/intent_discovery_238_manifest.txt	RECOVERY_ARTIFACT_HOLD	RECOVERY_EVIDENCE_WORKCELL	REVIEW_COMMIT_INDEX_OR_ARCHIVE	recovery artifact
recovery_program_nl_question_completion_20260606_214738/candidates/current/intent_discovery_238_sha256.txt	RECOVERY_ARTIFACT_HOLD	RECOVERY_EVIDENCE_WORKCELL	REVIEW_COMMIT_INDEX_OR_ARCHIVE	recovery artifact
recovery_program_nl_question_completion_20260606_214738/candidates/current/kan_yu_onepaste.py	RECOVERY_ARTIFACT_HOLD	RECOVERY_EVIDENCE_WORKCELL	REVIEW_COMMIT_INDEX_OR_ARCHIVE	recovery artifact
recovery_program_nl_question_completion_20260606_214738/candidates/current/kan_yu_same_object_functions.py	RECOVERY_ARTIFACT_HOLD	RECOVERY_EVIDENCE_WORKCELL	REVIEW_COMMIT_INDEX_OR_ARCHIVE	recovery artifact
recovery_program_nl_question_completion_20260606_214738/candidates/current/legacy_core/sister_j_agent_core.py	RECOVERY_ARTIFACT_HOLD	RECOVERY_EVIDENCE_WORKCELL	REVIEW_COMMIT_INDEX_OR_ARCHIVE	recovery artifact
recovery_program_nl_question_completion_20260606_214738/candidates/current/legacy_core/taiji_8_0_api_gateway.py	RECOVERY_ARTIFACT_HOLD	RECOVERY_EVIDENCE_WORKCELL	REVIEW_COMMIT_INDEX_OR_ARCHIVE	recovery artifact
recovery_program_nl_question_completion_20260606_214738/candidates/current/legacy_core/taiji_8_0_main.py	RECOVERY_ARTIFACT_HOLD	RECOVERY_EVIDENCE_WORKCELL	REVIEW_COMMIT_INDEX_OR_ARCHIVE	recovery artifact
recovery_program_nl_question_completion_20260606_214738/candidates/current/legacy_core/taiji_f5_protocol.py	RECOVERY_ARTIFACT_HOLD	RECOVERY_EVIDENCE_WORKCELL	REVIEW_COMMIT_INDEX_OR_ARCHIVE	recovery artifact
recovery_program_nl_question_completion_20260606_214738/candidates/current/legacy_core/taiji_native_claw.py	RECOVERY_ARTIFACT_HOLD	RECOVERY_EVIDENCE_WORKCELL	REVIEW_COMMIT_INDEX_OR_ARCHIVE	recovery artifact
recovery_program_nl_question_completion_20260606_214738/candidates/current/legacy_core/taiji_patent_v3_engine.py	RECOVERY_ARTIFACT_HOLD	RECOVERY_EVIDENCE_WORKCELL	REVIEW_COMMIT_INDEX_OR_ARCHIVE	recovery artifact
recovery_program_nl_question_completion_20260606_214738/candidates/current/legacy_core/taiji_redis_engine.py	RECOVERY_ARTIFACT_HOLD	RECOVERY_EVIDENCE_WORKCELL	REVIEW_COMMIT_INDEX_OR_ARCHIVE	recovery artifact
recovery_program_nl_question_completion_20260606_214738/candidates/current/legacy_core/taiji_unified_gateway_edge.py	RECOVERY_ARTIFACT_HOLD	RECOVERY_EVIDENCE_WORKCELL	REVIEW_COMMIT_INDEX_OR_ARCHIVE	recovery artifact
recovery_program_nl_question_completion_20260606_214738/candidates/current/legacy_core/wuchang_gemini_router.py	RECOVERY_ARTIFACT_HOLD	RECOVERY_EVIDENCE_WORKCELL	REVIEW_COMMIT_INDEX_OR_ARCHIVE	recovery artifact
recovery_program_nl_question_completion_20260606_214738/candidates/current/legacy_core/wuchang_llm_core.py	RECOVERY_ARTIFACT_HOLD	RECOVERY_EVIDENCE_WORKCELL	REVIEW_COMMIT_INDEX_OR_ARCHIVE	recovery artifact
recovery_program_nl_question_completion_20260606_214738/candidates/current/legacy_core/wuchang_pos_voice_engine.py	RECOVERY_ARTIFACT_HOLD	RECOVERY_EVIDENCE_WORKCELL	REVIEW_COMMIT_INDEX_OR_ARCHIVE	recovery artifact
recovery_program_nl_question_completion_20260606_214738/candidates/current/legacy_core/wuchang_translation_service.py	RECOVERY_ARTIFACT_HOLD	RECOVERY_EVIDENCE_WORKCELL	REVIEW_COMMIT_INDEX_OR_ARCHIVE	recovery artifact
recovery_program_nl_question_completion_20260606_214738/candidates/current/local_worker.py	RECOVERY_ARTIFACT_HOLD	RECOVERY_EVIDENCE_WORKCELL	REVIEW_COMMIT_INDEX_OR_ARCHIVE	recovery artifact
recovery_program_nl_question_completion_20260606_214738/candidates/current/models/Wuchang_Adjutant.Modelfile	RECOVERY_ARTIFACT_HOLD	RECOVERY_EVIDENCE_WORKCELL	REVIEW_COMMIT_INDEX_OR_ARCHIVE	recovery artifact
recovery_program_nl_question_completion_20260606_214738/candidates/current/models/ollama/Modelfile.metric_language_gateway_ai	RECOVERY_ARTIFACT_HOLD	RECOVERY_EVIDENCE_WORKCELL	REVIEW_COMMIT_INDEX_OR_ARCHIVE	recovery artifact
recovery_program_nl_question_completion_20260606_214738/candidates/current/models/ollama/Modelfile.metric_language_gateway_ai.container	RECOVERY_ARTIFACT_HOLD	RECOVERY_EVIDENCE_WORKCELL	REVIEW_COMMIT_INDEX_OR_ARCHIVE	recovery artifact
recovery_program_nl_question_completion_20260606_214738/candidates/current/models/ollama/Modelfile.xiaoj_dual_brain_unified	RECOVERY_ARTIFACT_HOLD	RECOVERY_EVIDENCE_WORKCELL	REVIEW_COMMIT_INDEX_OR_ARCHIVE	recovery artifact
recovery_program_nl_question_completion_20260606_214738/candidates/current/models/ollama/Modelfile.xiaoj_dual_brain_unified_2b	RECOVERY_ARTIFACT_HOLD	RECOVERY_EVIDENCE_WORKCELL	REVIEW_COMMIT_INDEX_OR_ARCHIVE	recovery artifact
recovery_program_nl_question_completion_20260606_214738/candidates/current/models/ollama/Modelfile.xiaoj_model_window.template	RECOVERY_ARTIFACT_HOLD	RECOVERY_EVIDENCE_WORKCELL	REVIEW_COMMIT_INDEX_OR_ARCHIVE	recovery artifact
recovery_program_nl_question_completion_20260606_214738/candidates/current/models/wuchang_7d8z_5code_tensor.py	RECOVERY_ARTIFACT_HOLD	RECOVERY_EVIDENCE_WORKCELL	REVIEW_COMMIT_INDEX_OR_ARCHIVE	recovery artifact
recovery_program_nl_question_completion_20260606_214738/candidates/current/openwebui_tools/taiji_claw_safe_tool.py	RECOVERY_ARTIFACT_HOLD	RECOVERY_EVIDENCE_WORKCELL	REVIEW_COMMIT_INDEX_OR_ARCHIVE	recovery artifact
recovery_program_nl_question_completion_20260606_214738/candidates/current/openwebui_tools/taiji_metric_gateway_assembly_tool.py	RECOVERY_ARTIFACT_HOLD	RECOVERY_EVIDENCE_WORKCELL	REVIEW_COMMIT_INDEX_OR_ARCHIVE	recovery artifact
recovery_program_nl_question_completion_20260606_214738/candidates/current/patent/Taiji_Tensor_Gateway_Patent_Package/01_summary/INVENTION_DISCLOSURE.md	RECOVERY_ARTIFACT_HOLD	RECOVERY_EVIDENCE_WORKCELL	REVIEW_COMMIT_INDEX_OR_ARCHIVE	recovery artifact
recovery_program_nl_question_completion_20260606_214738/candidates/current/patent/Taiji_Tensor_Gateway_Patent_Package/02_claims/CLAIM_DRAFT.md	RECOVERY_ARTIFACT_HOLD	RECOVERY_EVIDENCE_WORKCELL	REVIEW_COMMIT_INDEX_OR_ARCHIVE	recovery artifact
recovery_program_nl_question_completion_20260606_214738/candidates/current/patent/Taiji_Tensor_Gateway_Patent_Package/03_architecture/SYSTEM_ARCHITECTURE.md	RECOVERY_ARTIFACT_HOLD	RECOVERY_EVIDENCE_WORKCELL	REVIEW_COMMIT_INDEX_OR_ARCHIVE	recovery artifact
recovery_program_nl_question_completion_20260606_214738/candidates/current/patent/Taiji_Tensor_Gateway_Patent_Package/04_embodiments/IMPLEMENTATION_EXAMPLE.md	RECOVERY_ARTIFACT_HOLD	RECOVERY_EVIDENCE_WORKCELL	REVIEW_COMMIT_INDEX_OR_ARCHIVE	recovery artifact
recovery_program_nl_question_completion_20260606_214738/candidates/current/patent_filing/readonly_boot_edge_runtime_m5_v0_1/02_摘要.md	RECOVERY_ARTIFACT_HOLD	RECOVERY_EVIDENCE_WORKCELL	REVIEW_COMMIT_INDEX_OR_ARCHIVE	recovery artifact
recovery_program_nl_question_completion_20260606_214738/candidates/current/patent_filing/readonly_boot_edge_runtime_m5_v0_1/03_說明書.md	RECOVERY_ARTIFACT_HOLD	RECOVERY_EVIDENCE_WORKCELL	REVIEW_COMMIT_INDEX_OR_ARCHIVE	recovery artifact
recovery_program_nl_question_completion_20260606_214738/candidates/current/patent_filing/readonly_boot_edge_runtime_m5_v0_1/04_申請專利範圍.md	RECOVERY_ARTIFACT_HOLD	RECOVERY_EVIDENCE_WORKCELL	REVIEW_COMMIT_INDEX_OR_ARCHIVE	recovery artifact
recovery_program_nl_question_completion_20260606_214738/candidates/current/patent_filing/readonly_boot_edge_runtime_m5_v0_1/figures/fig5.svg	RECOVERY_ARTIFACT_HOLD	RECOVERY_EVIDENCE_WORKCELL	REVIEW_COMMIT_INDEX_OR_ARCHIVE	recovery artifact
recovery_program_nl_question_completion_20260606_214738/candidates/current/patent_filing/readonly_boot_edge_runtime_m5_v0_1/source_originals/specification_original.txt	RECOVERY_ARTIFACT_HOLD	RECOVERY_EVIDENCE_WORKCELL	REVIEW_COMMIT_INDEX_OR_ARCHIVE	recovery artifact
recovery_program_nl_question_completion_20260606_214738/candidates/current/patent_recovery_pack/W7TP_DESIGN_EVIDENCE_INDEX.txt	RECOVERY_ARTIFACT_HOLD	RECOVERY_EVIDENCE_WORKCELL	REVIEW_COMMIT_INDEX_OR_ARCHIVE	recovery artifact
recovery_program_nl_question_completion_20260606_214738/candidates/current/patent_recovery_pack/intent_discovery_238_manifest.txt	RECOVERY_ARTIFACT_HOLD	RECOVERY_EVIDENCE_WORKCELL	REVIEW_COMMIT_INDEX_OR_ARCHIVE	recovery artifact
recovery_program_nl_question_completion_20260606_214738/candidates/current/patent_recovery_pack/intent_discovery_238_sha256.txt	RECOVERY_ARTIFACT_HOLD	RECOVERY_EVIDENCE_WORKCELL	REVIEW_COMMIT_INDEX_OR_ARCHIVE	recovery artifact
recovery_program_nl_question_completion_20260606_214738/candidates/current/policies/7d_cloud_ai_policy.json	RECOVERY_ARTIFACT_HOLD	RECOVERY_EVIDENCE_WORKCELL	REVIEW_COMMIT_INDEX_OR_ARCHIVE	recovery artifact
recovery_program_nl_question_completion_20260606_214738/candidates/current/policies/dead_letter_intruder_policy.md	RECOVERY_ARTIFACT_HOLD	RECOVERY_EVIDENCE_WORKCELL	REVIEW_COMMIT_INDEX_OR_ARCHIVE	recovery artifact
recovery_program_nl_question_completion_20260606_214738/candidates/current/product/Taiji_Tensor_Gateway_v0_1/PRODUCT_MANIFEST.md	RECOVERY_ARTIFACT_HOLD	RECOVERY_EVIDENCE_WORKCELL	REVIEW_COMMIT_INDEX_OR_ARCHIVE	recovery artifact
recovery_program_nl_question_completion_20260606_214738/candidates/current/product/Taiji_Tensor_Gateway_v0_1/docs/ARCHITECTURE.md	RECOVERY_ARTIFACT_HOLD	RECOVERY_EVIDENCE_WORKCELL	REVIEW_COMMIT_INDEX_OR_ARCHIVE	recovery artifact
recovery_program_nl_question_completion_20260606_214738/candidates/current/product/Taiji_Tensor_Gateway_v0_1/docs/CONTEXT_REPLAY_INDEX.md	RECOVERY_ARTIFACT_HOLD	RECOVERY_EVIDENCE_WORKCELL	REVIEW_COMMIT_INDEX_OR_ARCHIVE	recovery artifact
recovery_program_nl_question_completion_20260606_214738/candidates/current/product/Taiji_Tensor_Gateway_v0_1/docs/DEADBOX_ROUTE.md	RECOVERY_ARTIFACT_HOLD	RECOVERY_EVIDENCE_WORKCELL	REVIEW_COMMIT_INDEX_OR_ARCHIVE	recovery artifact
recovery_program_nl_question_completion_20260606_214738/candidates/current/product/Taiji_Tensor_Gateway_v0_1/schema/context_replay_index.schema.json	RECOVERY_ARTIFACT_HOLD	RECOVERY_EVIDENCE_WORKCELL	REVIEW_COMMIT_INDEX_OR_ARCHIVE	recovery artifact
recovery_program_nl_question_completion_20260606_214738/candidates/current/product/Taiji_Tensor_Gateway_v0_1/schema/deadbox_packet.schema.json	RECOVERY_ARTIFACT_HOLD	RECOVERY_EVIDENCE_WORKCELL	REVIEW_COMMIT_INDEX_OR_ARCHIVE	recovery artifact
recovery_program_nl_question_completion_20260606_214738/candidates/current/product/Taiji_Tensor_Gateway_v0_1/schema/tensor_packet.schema.json	RECOVERY_ARTIFACT_HOLD	RECOVERY_EVIDENCE_WORKCELL	REVIEW_COMMIT_INDEX_OR_ARCHIVE	recovery artifact
recovery_program_nl_question_completion_20260606_214738/candidates/current/prompts/CREATOR_SELF_LIMITING_PUBLIC_INTEREST_CLOSURE_PREFIX.md	RECOVERY_ARTIFACT_HOLD	RECOVERY_EVIDENCE_WORKCELL	REVIEW_COMMIT_INDEX_OR_ARCHIVE	recovery artifact
recovery_program_nl_question_completion_20260606_214738/candidates/current/prompts/FINAL_MTL_AI_ASSEMBLY_EN_ONLY_PREFIX.md	RECOVERY_ARTIFACT_HOLD	RECOVERY_EVIDENCE_WORKCELL	REVIEW_COMMIT_INDEX_OR_ARCHIVE	recovery artifact
recovery_program_nl_question_completion_20260606_214738/candidates/current/prompts/FINAL_MTL_AI_CONCEPT_ARCHITECTURE_EN_ONLY_PREFIX.md	RECOVERY_ARTIFACT_HOLD	RECOVERY_EVIDENCE_WORKCELL	REVIEW_COMMIT_INDEX_OR_ARCHIVE	recovery artifact
recovery_program_nl_question_completion_20260606_214738/candidates/current/prompts/XIAOJ_MODEL_WINDOW_GOVERNED_PREFIX.md	RECOVERY_ARTIFACT_HOLD	RECOVERY_EVIDENCE_WORKCELL	REVIEW_COMMIT_INDEX_OR_ARCHIVE	recovery artifact
recovery_program_nl_question_completion_20260606_214738/candidates/current/prompts/original/20260507_035851_00_小J總前綴_數位孿生妹妹_收斂版.txt	RECOVERY_ARTIFACT_HOLD	RECOVERY_EVIDENCE_WORKCELL	REVIEW_COMMIT_INDEX_OR_ARCHIVE	recovery artifact
recovery_program_nl_question_completion_20260606_214738/candidates/current/prompts/original/20260507_035851_xiao_j_wuchang_cognition_master_latest.txt	RECOVERY_ARTIFACT_HOLD	RECOVERY_EVIDENCE_WORKCELL	REVIEW_COMMIT_INDEX_OR_ARCHIVE	recovery artifact
recovery_program_nl_question_completion_20260606_214738/candidates/current/prompts/xiao_j_wuchang_cognition_master_latest.txt	RECOVERY_ARTIFACT_HOLD	RECOVERY_EVIDENCE_WORKCELL	REVIEW_COMMIT_INDEX_OR_ARCHIVE	recovery artifact
recovery_program_nl_question_completion_20260606_214738/candidates/current/prompts/xiaoj_zh_transparent_reasoning.md	RECOVERY_ARTIFACT_HOLD	RECOVERY_EVIDENCE_WORKCELL	REVIEW_COMMIT_INDEX_OR_ARCHIVE	recovery artifact
recovery_program_nl_question_completion_20260606_214738/candidates/current/recovery_evidence_20260606/intent_discovery_238_manifest.txt	RECOVERY_ARTIFACT_HOLD	RECOVERY_EVIDENCE_WORKCELL	REVIEW_COMMIT_INDEX_OR_ARCHIVE	recovery artifact
recovery_program_nl_question_completion_20260606_214738/candidates/current/recovery_evidence_20260606/intent_discovery_238_sha256.txt	RECOVERY_ARTIFACT_HOLD	RECOVERY_EVIDENCE_WORKCELL	REVIEW_COMMIT_INDEX_OR_ARCHIVE	recovery artifact
recovery_program_nl_question_completion_20260606_214738/candidates/current/redteam/redteam_report_20260510_023315.txt	RECOVERY_ARTIFACT_HOLD	RECOVERY_EVIDENCE_WORKCELL	REVIEW_COMMIT_INDEX_OR_ARCHIVE	recovery artifact
recovery_program_nl_question_completion_20260606_214738/candidates/current/release/MTL_AI_GATEWAY_v1_0_RC1_20260507_043832/contexts/ai_metric/FINAL_MTL_AI_CONCEPT_ARCHITECTURE_EN_ONLY.mtl.json	RECOVERY_ARTIFACT_HOLD	RECOVERY_EVIDENCE_WORKCELL	REVIEW_COMMIT_INDEX_OR_ARCHIVE	recovery artifact
recovery_program_nl_question_completion_20260606_214738/candidates/current/release/MTL_AI_GATEWAY_v1_0_RC1_20260507_043832/contexts/current/FINAL_MTL_AI_CONCEPT_ARCHITECTURE_EN_ONLY.md	RECOVERY_ARTIFACT_HOLD	RECOVERY_EVIDENCE_WORKCELL	REVIEW_COMMIT_INDEX_OR_ARCHIVE	recovery artifact
recovery_program_nl_question_completion_20260606_214738/candidates/current/release/MTL_AI_GATEWAY_v1_0_RC1_20260507_043832/contexts/current/FINAL_MTL_AI_EN_ONLY_CONCEPT_ARCHITECTURE.mtl.json	RECOVERY_ARTIFACT_HOLD	RECOVERY_EVIDENCE_WORKCELL	REVIEW_COMMIT_INDEX_OR_ARCHIVE	recovery artifact
recovery_program_nl_question_completion_20260606_214738/candidates/current/release/MTL_AI_GATEWAY_v1_0_RC1_20260507_043832/contexts/current/SYSTEM_CURRENT_STATE.md	RECOVERY_ARTIFACT_HOLD	RECOVERY_EVIDENCE_WORKCELL	REVIEW_COMMIT_INDEX_OR_ARCHIVE	recovery artifact
recovery_program_nl_question_completion_20260606_214738/candidates/current/release/MTL_AI_GATEWAY_v1_0_RC1_20260507_043832/models/ollama/Modelfile.metric_language_gateway_ai	RECOVERY_ARTIFACT_HOLD	RECOVERY_EVIDENCE_WORKCELL	REVIEW_COMMIT_INDEX_OR_ARCHIVE	recovery artifact
recovery_program_nl_question_completion_20260606_214738/candidates/current/release/MTL_AI_GATEWAY_v1_0_RC1_20260507_043832/openwebui_tools/taiji_claw_safe_tool.py	RECOVERY_ARTIFACT_HOLD	RECOVERY_EVIDENCE_WORKCELL	REVIEW_COMMIT_INDEX_OR_ARCHIVE	recovery artifact
recovery_program_nl_question_completion_20260606_214738/candidates/current/release/MTL_AI_GATEWAY_v1_0_RC1_20260507_043832/openwebui_tools/taiji_metric_gateway_assembly_tool.py	RECOVERY_ARTIFACT_HOLD	RECOVERY_EVIDENCE_WORKCELL	REVIEW_COMMIT_INDEX_OR_ARCHIVE	recovery artifact
recovery_program_nl_question_completion_20260606_214738/candidates/current/release/MTL_AI_GATEWAY_v1_0_RC1_20260507_043832/prompts/FINAL_MTL_AI_ASSEMBLY_EN_ONLY_PREFIX.md	RECOVERY_ARTIFACT_HOLD	RECOVERY_EVIDENCE_WORKCELL	REVIEW_COMMIT_INDEX_OR_ARCHIVE	recovery artifact
recovery_program_nl_question_completion_20260606_214738/candidates/current/release/MTL_AI_GATEWAY_v1_0_RC1_20260507_043832/prompts/FINAL_MTL_AI_CONCEPT_ARCHITECTURE_EN_ONLY_PREFIX.md	RECOVERY_ARTIFACT_HOLD	RECOVERY_EVIDENCE_WORKCELL	REVIEW_COMMIT_INDEX_OR_ARCHIVE	recovery artifact
recovery_program_nl_question_completion_20260606_214738/candidates/current/release/MTL_AI_GATEWAY_v1_0_RC1_20260507_043832/scripts/oneclick_mtl_ai_assembly.sh	RECOVERY_ARTIFACT_HOLD	RECOVERY_EVIDENCE_WORKCELL	REVIEW_COMMIT_INDEX_OR_ARCHIVE	recovery artifact
recovery_program_nl_question_completion_20260606_214738/candidates/current/release/MTL_AI_GATEWAY_v1_0_RC1_20260507_044020/contexts/ai_metric/FINAL_MTL_AI_CONCEPT_ARCHITECTURE_EN_ONLY.mtl.json	RECOVERY_ARTIFACT_HOLD	RECOVERY_EVIDENCE_WORKCELL	REVIEW_COMMIT_INDEX_OR_ARCHIVE	recovery artifact
recovery_program_nl_question_completion_20260606_214738/candidates/current/release/MTL_AI_GATEWAY_v1_0_RC1_20260507_044020/contexts/current/FINAL_MTL_AI_CONCEPT_ARCHITECTURE_EN_ONLY.md	RECOVERY_ARTIFACT_HOLD	RECOVERY_EVIDENCE_WORKCELL	REVIEW_COMMIT_INDEX_OR_ARCHIVE	recovery artifact
recovery_program_nl_question_completion_20260606_214738/candidates/current/release/MTL_AI_GATEWAY_v1_0_RC1_20260507_044020/contexts/current/FINAL_MTL_AI_EN_ONLY_CONCEPT_ARCHITECTURE.mtl.json	RECOVERY_ARTIFACT_HOLD	RECOVERY_EVIDENCE_WORKCELL	REVIEW_COMMIT_INDEX_OR_ARCHIVE	recovery artifact
recovery_program_nl_question_completion_20260606_214738/candidates/current/release/MTL_AI_GATEWAY_v1_0_RC1_20260507_044020/contexts/current/SYSTEM_CURRENT_STATE.md	RECOVERY_ARTIFACT_HOLD	RECOVERY_EVIDENCE_WORKCELL	REVIEW_COMMIT_INDEX_OR_ARCHIVE	recovery artifact
recovery_program_nl_question_completion_20260606_214738/candidates/current/release/MTL_AI_GATEWAY_v1_0_RC1_20260507_044020/models/ollama/Modelfile.metric_language_gateway_ai	RECOVERY_ARTIFACT_HOLD	RECOVERY_EVIDENCE_WORKCELL	REVIEW_COMMIT_INDEX_OR_ARCHIVE	recovery artifact
recovery_program_nl_question_completion_20260606_214738/candidates/current/release/MTL_AI_GATEWAY_v1_0_RC1_20260507_044020/openwebui_tools/taiji_claw_safe_tool.py	RECOVERY_ARTIFACT_HOLD	RECOVERY_EVIDENCE_WORKCELL	REVIEW_COMMIT_INDEX_OR_ARCHIVE	recovery artifact
recovery_program_nl_question_completion_20260606_214738/candidates/current/release/MTL_AI_GATEWAY_v1_0_RC1_20260507_044020/openwebui_tools/taiji_metric_gateway_assembly_tool.py	RECOVERY_ARTIFACT_HOLD	RECOVERY_EVIDENCE_WORKCELL	REVIEW_COMMIT_INDEX_OR_ARCHIVE	recovery artifact
recovery_program_nl_question_completion_20260606_214738/candidates/current/release/MTL_AI_GATEWAY_v1_0_RC1_20260507_044020/prompts/FINAL_MTL_AI_ASSEMBLY_EN_ONLY_PREFIX.md	RECOVERY_ARTIFACT_HOLD	RECOVERY_EVIDENCE_WORKCELL	REVIEW_COMMIT_INDEX_OR_ARCHIVE	recovery artifact
recovery_program_nl_question_completion_20260606_214738/candidates/current/release/MTL_AI_GATEWAY_v1_0_RC1_20260507_044020/prompts/FINAL_MTL_AI_CONCEPT_ARCHITECTURE_EN_ONLY_PREFIX.md	RECOVERY_ARTIFACT_HOLD	RECOVERY_EVIDENCE_WORKCELL	REVIEW_COMMIT_INDEX_OR_ARCHIVE	recovery artifact
recovery_program_nl_question_completion_20260606_214738/candidates/current/release/MTL_AI_GATEWAY_v1_0_RC1_20260507_044020/scripts/oneclick_mtl_ai_assembly.sh	RECOVERY_ARTIFACT_HOLD	RECOVERY_EVIDENCE_WORKCELL	REVIEW_COMMIT_INDEX_OR_ARCHIVE	recovery artifact
recovery_program_nl_question_completion_20260606_214738/candidates/current/runtime_adapters/intent_flow_cache_policy.py	RECOVERY_ARTIFACT_HOLD	RECOVERY_EVIDENCE_WORKCELL	REVIEW_COMMIT_INDEX_OR_ARCHIVE	recovery artifact
recovery_program_nl_question_completion_20260606_214738/candidates/current/runtime_core_evidence/tensor_packet_schema.yaml	RECOVERY_ARTIFACT_HOLD	RECOVERY_EVIDENCE_WORKCELL	REVIEW_COMMIT_INDEX_OR_ARCHIVE	recovery artifact
recovery_program_nl_question_completion_20260606_214738/candidates/current/runtime_core_source_review.txt	RECOVERY_ARTIFACT_HOLD	RECOVERY_EVIDENCE_WORKCELL	REVIEW_COMMIT_INDEX_OR_ARCHIVE	recovery artifact
recovery_program_nl_question_completion_20260606_214738/candidates/current/schemas/community_micro_economy_flow.schema.json	RECOVERY_ARTIFACT_HOLD	RECOVERY_EVIDENCE_WORKCELL	REVIEW_COMMIT_INDEX_OR_ARCHIVE	recovery artifact
recovery_program_nl_question_completion_20260606_214738/candidates/current/schemas/eamtp_7d_packet.schema.json	RECOVERY_ARTIFACT_HOLD	RECOVERY_EVIDENCE_WORKCELL	REVIEW_COMMIT_INDEX_OR_ARCHIVE	recovery artifact
recovery_program_nl_question_completion_20260606_214738/candidates/current/schemas/formal_tensor_packet.schema.json	RECOVERY_ARTIFACT_HOLD	RECOVERY_EVIDENCE_WORKCELL	REVIEW_COMMIT_INDEX_OR_ARCHIVE	recovery artifact
recovery_program_nl_question_completion_20260606_214738/candidates/current/schemas/member_identity_classification.schema.json	RECOVERY_ARTIFACT_HOLD	RECOVERY_EVIDENCE_WORKCELL	REVIEW_COMMIT_INDEX_OR_ARCHIVE	recovery artifact
recovery_program_nl_question_completion_20260606_214738/candidates/current/schemas/task_force_dispatch.schema.json	RECOVERY_ARTIFACT_HOLD	RECOVERY_EVIDENCE_WORKCELL	REVIEW_COMMIT_INDEX_OR_ARCHIVE	recovery artifact
recovery_program_nl_question_completion_20260606_214738/candidates/current/schemas/tensor_packet.schema.json	RECOVERY_ARTIFACT_HOLD	RECOVERY_EVIDENCE_WORKCELL	REVIEW_COMMIT_INDEX_OR_ARCHIVE	recovery artifact
recovery_program_nl_question_completion_20260606_214738/candidates/current/schemas/transparent_observation_pack.schema.json	RECOVERY_ARTIFACT_HOLD	RECOVERY_EVIDENCE_WORKCELL	REVIEW_COMMIT_INDEX_OR_ARCHIVE	recovery artifact
recovery_program_nl_question_completion_20260606_214738/candidates/current/schemas/utsl_schema.v0.1.json	RECOVERY_ARTIFACT_HOLD	RECOVERY_EVIDENCE_WORKCELL	REVIEW_COMMIT_INDEX_OR_ARCHIVE	recovery artifact
recovery_program_nl_question_completion_20260606_214738/candidates/current/schemas/w7tp_container_offload_registry.schema.json	RECOVERY_ARTIFACT_HOLD	RECOVERY_EVIDENCE_WORKCELL	REVIEW_COMMIT_INDEX_OR_ARCHIVE	recovery artifact
recovery_program_nl_question_completion_20260606_214738/candidates/current/schemas/w7tp_nl_to_7d_task_packet.schema.json	RECOVERY_ARTIFACT_HOLD	RECOVERY_EVIDENCE_WORKCELL	REVIEW_COMMIT_INDEX_OR_ARCHIVE	recovery artifact
recovery_program_nl_question_completion_20260606_214738/candidates/current/schemas/w7tp_phase_delta_manifest.schema.json	RECOVERY_ARTIFACT_HOLD	RECOVERY_EVIDENCE_WORKCELL	REVIEW_COMMIT_INDEX_OR_ARCHIVE	recovery artifact
recovery_program_nl_question_completion_20260606_214738/candidates/current/schemas/w7tp_semantic_router_decision.schema.json	RECOVERY_ARTIFACT_HOLD	RECOVERY_EVIDENCE_WORKCELL	REVIEW_COMMIT_INDEX_OR_ARCHIVE	recovery artifact
recovery_program_nl_question_completion_20260606_214738/candidates/current/schemas/w7tp_tri_party_7d_packet.schema.json	RECOVERY_ARTIFACT_HOLD	RECOVERY_EVIDENCE_WORKCELL	REVIEW_COMMIT_INDEX_OR_ARCHIVE	recovery artifact
recovery_program_nl_question_completion_20260606_214738/candidates/current/schemas/xiaoj_dynamic_service_completion_token.schema.json	RECOVERY_ARTIFACT_HOLD	RECOVERY_EVIDENCE_WORKCELL	REVIEW_COMMIT_INDEX_OR_ARCHIVE	recovery artifact
recovery_program_nl_question_completion_20260606_214738/candidates/current/schemas/xiaoj_volunteer_qualification_record.schema.json	RECOVERY_ARTIFACT_HOLD	RECOVERY_EVIDENCE_WORKCELL	REVIEW_COMMIT_INDEX_OR_ARCHIVE	recovery artifact
recovery_program_nl_question_completion_20260606_214738/candidates/current/scripts/community_3d_map_index.sh	RECOVERY_ARTIFACT_HOLD	RECOVERY_EVIDENCE_WORKCELL	REVIEW_COMMIT_INDEX_OR_ARCHIVE	recovery artifact
recovery_program_nl_question_completion_20260606_214738/candidates/current/scripts/oneclick_mtl_ai_assembly.sh	RECOVERY_ARTIFACT_HOLD	RECOVERY_EVIDENCE_WORKCELL	REVIEW_COMMIT_INDEX_OR_ARCHIVE	recovery artifact
recovery_program_nl_question_completion_20260606_214738/candidates/current/scripts/prune_context_keep_status_only.sh	RECOVERY_ARTIFACT_HOLD	RECOVERY_EVIDENCE_WORKCELL	REVIEW_COMMIT_INDEX_OR_ARCHIVE	recovery artifact
recovery_program_nl_question_completion_20260606_214738/candidates/current/scripts/taiji_layer_latency_probe.sh	RECOVERY_ARTIFACT_HOLD	RECOVERY_EVIDENCE_WORKCELL	REVIEW_COMMIT_INDEX_OR_ARCHIVE	recovery artifact
recovery_program_nl_question_completion_20260606_214738/candidates/current/services/gateway/main.py	RECOVERY_ARTIFACT_HOLD	RECOVERY_EVIDENCE_WORKCELL	REVIEW_COMMIT_INDEX_OR_ARCHIVE	recovery artifact
recovery_program_nl_question_completion_20260606_214738/candidates/current/services/gateway/topology_router.py	RECOVERY_ARTIFACT_HOLD	RECOVERY_EVIDENCE_WORKCELL	REVIEW_COMMIT_INDEX_OR_ARCHIVE	recovery artifact
recovery_program_nl_question_completion_20260606_214738/candidates/current/services/transparent_build/mock_cloud_review_packet.py	RECOVERY_ARTIFACT_HOLD	RECOVERY_EVIDENCE_WORKCELL	REVIEW_COMMIT_INDEX_OR_ARCHIVE	recovery artifact
recovery_program_nl_question_completion_20260606_214738/candidates/current/services/transparent_build/mock_observation_collector.py	RECOVERY_ARTIFACT_HOLD	RECOVERY_EVIDENCE_WORKCELL	REVIEW_COMMIT_INDEX_OR_ARCHIVE	recovery artifact
recovery_program_nl_question_completion_20260606_214738/candidates/current/services/w7tp_lite/mock_phase_delta_allocator.py	RECOVERY_ARTIFACT_HOLD	RECOVERY_EVIDENCE_WORKCELL	REVIEW_COMMIT_INDEX_OR_ARCHIVE	recovery artifact
recovery_program_nl_question_completion_20260606_214738/candidates/current/services/w7tp_lite/mock_router_dlq_policy.py	RECOVERY_ARTIFACT_HOLD	RECOVERY_EVIDENCE_WORKCELL	REVIEW_COMMIT_INDEX_OR_ARCHIVE	recovery artifact
recovery_program_nl_question_completion_20260606_214738/candidates/current/services/w7tp_lite/mock_semantic_lane_router.py	RECOVERY_ARTIFACT_HOLD	RECOVERY_EVIDENCE_WORKCELL	REVIEW_COMMIT_INDEX_OR_ARCHIVE	recovery artifact
recovery_program_nl_question_completion_20260606_214738/candidates/current/systemd/T100_GIT_DEBT_CLEANUP.yaml	RECOVERY_ARTIFACT_HOLD	RECOVERY_EVIDENCE_WORKCELL	REVIEW_COMMIT_INDEX_OR_ARCHIVE	recovery artifact
recovery_program_nl_question_completion_20260606_214738/candidates/current/taiji_hub.py	RECOVERY_ARTIFACT_HOLD	RECOVERY_EVIDENCE_WORKCELL	REVIEW_COMMIT_INDEX_OR_ARCHIVE	recovery artifact
recovery_program_nl_question_completion_20260606_214738/candidates/current/tests/test_formal_tensor_validator.py	RECOVERY_ARTIFACT_HOLD	RECOVERY_EVIDENCE_WORKCELL	REVIEW_COMMIT_INDEX_OR_ARCHIVE	recovery artifact
recovery_program_nl_question_completion_20260606_214738/candidates/current/tests/test_intent_flow_cache_policy.py	RECOVERY_ARTIFACT_HOLD	RECOVERY_EVIDENCE_WORKCELL	REVIEW_COMMIT_INDEX_OR_ARCHIVE	recovery artifact
recovery_program_nl_question_completion_20260606_214738/candidates/current/tests/test_odoo_renyi_volunteer_business_static.py	RECOVERY_ARTIFACT_HOLD	RECOVERY_EVIDENCE_WORKCELL	REVIEW_COMMIT_INDEX_OR_ARCHIVE	recovery artifact
recovery_program_nl_question_completion_20260606_214738/candidates/current/tools/container_offload_linter.py	RECOVERY_ARTIFACT_HOLD	RECOVERY_EVIDENCE_WORKCELL	REVIEW_COMMIT_INDEX_OR_ARCHIVE	recovery artifact
recovery_program_nl_question_completion_20260606_214738/candidates/current/tools/generate_patent_printable_pdf.py	RECOVERY_ARTIFACT_HOLD	RECOVERY_EVIDENCE_WORKCELL	REVIEW_COMMIT_INDEX_OR_ARCHIVE	recovery artifact
recovery_program_nl_question_completion_20260606_214738/candidates/current/tools/generate_readonly_boot_patent_package.py	RECOVERY_ARTIFACT_HOLD	RECOVERY_EVIDENCE_WORKCELL	REVIEW_COMMIT_INDEX_OR_ARCHIVE	recovery artifact
recovery_program_nl_question_completion_20260606_214738/candidates/current/tools/indexer_oneshot_job_linter.py	RECOVERY_ARTIFACT_HOLD	RECOVERY_EVIDENCE_WORKCELL	REVIEW_COMMIT_INDEX_OR_ARCHIVE	recovery artifact
recovery_program_nl_question_completion_20260606_214738/candidates/current/tools/project_board_generator.py	RECOVERY_ARTIFACT_HOLD	RECOVERY_EVIDENCE_WORKCELL	REVIEW_COMMIT_INDEX_OR_ARCHIVE	recovery artifact
recovery_program_nl_question_completion_20260606_214738/candidates/current/tools/project_dashboard_generator.py	RECOVERY_ARTIFACT_HOLD	RECOVERY_EVIDENCE_WORKCELL	REVIEW_COMMIT_INDEX_OR_ARCHIVE	recovery artifact
recovery_program_nl_question_completion_20260606_214738/candidates/current/tools/task_card_generator.py	RECOVERY_ARTIFACT_HOLD	RECOVERY_EVIDENCE_WORKCELL	REVIEW_COMMIT_INDEX_OR_ARCHIVE	recovery artifact
recovery_program_nl_question_completion_20260606_214738/candidates/current/tools/w7tp_local_7d_automation_smoke_gate_linter.py	RECOVERY_ARTIFACT_HOLD	RECOVERY_EVIDENCE_WORKCELL	REVIEW_COMMIT_INDEX_OR_ARCHIVE	recovery artifact
recovery_program_nl_question_completion_20260606_214738/candidates/current/tools/w7tp_local_7d_automation_smoke_runner.py	RECOVERY_ARTIFACT_HOLD	RECOVERY_EVIDENCE_WORKCELL	REVIEW_COMMIT_INDEX_OR_ARCHIVE	recovery artifact
recovery_program_nl_question_completion_20260606_214738/candidates/current/tools/w7tp_nl_to_7d_task_packet_linter.py	RECOVERY_ARTIFACT_HOLD	RECOVERY_EVIDENCE_WORKCELL	REVIEW_COMMIT_INDEX_OR_ARCHIVE	recovery artifact
recovery_program_nl_question_completion_20260606_214738/candidates/current/tools/w7tp_tri_party_7d_runtime_dryrun_linter.py	RECOVERY_ARTIFACT_HOLD	RECOVERY_EVIDENCE_WORKCELL	REVIEW_COMMIT_INDEX_OR_ARCHIVE	recovery artifact
recovery_program_nl_question_completion_20260606_214738/candidates/current/tools/worklink_builder.py	RECOVERY_ARTIFACT_HOLD	RECOVERY_EVIDENCE_WORKCELL	REVIEW_COMMIT_INDEX_OR_ARCHIVE	recovery artifact
recovery_program_nl_question_completion_20260606_214738/candidates/current/tools/wuchang_project_source_inventory_linter.py	RECOVERY_ARTIFACT_HOLD	RECOVERY_EVIDENCE_WORKCELL	REVIEW_COMMIT_INDEX_OR_ARCHIVE	recovery artifact
recovery_program_nl_question_completion_20260606_214738/candidates/current/topology/7d_ai_io_odoo_metric_tensor_topology.json	RECOVERY_ARTIFACT_HOLD	RECOVERY_EVIDENCE_WORKCELL	REVIEW_COMMIT_INDEX_OR_ARCHIVE	recovery artifact
recovery_program_nl_question_completion_20260606_214738/candidates/current/topology/7d_bagua_metric_language.json	RECOVERY_ARTIFACT_HOLD	RECOVERY_EVIDENCE_WORKCELL	REVIEW_COMMIT_INDEX_OR_ARCHIVE	recovery artifact
recovery_program_nl_question_completion_20260606_214738/candidates/current/topology/7d_formation_mesh.json	RECOVERY_ARTIFACT_HOLD	RECOVERY_EVIDENCE_WORKCELL	REVIEW_COMMIT_INDEX_OR_ARCHIVE	recovery artifact
recovery_program_nl_question_completion_20260606_214738/candidates/current/topology/7d_geospatial_topology.json	RECOVERY_ARTIFACT_HOLD	RECOVERY_EVIDENCE_WORKCELL	REVIEW_COMMIT_INDEX_OR_ARCHIVE	recovery artifact
recovery_program_nl_question_completion_20260606_214738/candidates/current/topology/community_3d_map/manifest.json	RECOVERY_ARTIFACT_HOLD	RECOVERY_EVIDENCE_WORKCELL	REVIEW_COMMIT_INDEX_OR_ARCHIVE	recovery artifact
recovery_program_nl_question_completion_20260606_214738/candidates/current/topology/community_3d_map/spatial_index.json	RECOVERY_ARTIFACT_HOLD	RECOVERY_EVIDENCE_WORKCELL	REVIEW_COMMIT_INDEX_OR_ARCHIVE	recovery artifact
recovery_program_nl_question_completion_20260606_214738/candidates/current/voice_gateway/app.py	RECOVERY_ARTIFACT_HOLD	RECOVERY_EVIDENCE_WORKCELL	REVIEW_COMMIT_INDEX_OR_ARCHIVE	recovery artifact
recovery_program_nl_question_completion_20260606_214738/candidates/current/w7tp_direct_landing_t091_t092.py	RECOVERY_ARTIFACT_HOLD	RECOVERY_EVIDENCE_WORKCELL	REVIEW_COMMIT_INDEX_OR_ARCHIVE	recovery artifact
recovery_program_nl_question_completion_20260606_214738/candidates/current/w7tp_t093_recheck_after_direct_landing.py	RECOVERY_ARTIFACT_HOLD	RECOVERY_EVIDENCE_WORKCELL	REVIEW_COMMIT_INDEX_OR_ARCHIVE	recovery artifact
recovery_program_nl_question_completion_20260606_214738/candidates/current/web/xiaoj_delivery_review_card/index.html	RECOVERY_ARTIFACT_HOLD	RECOVERY_EVIDENCE_WORKCELL	REVIEW_COMMIT_INDEX_OR_ARCHIVE	recovery artifact
recovery_program_nl_question_completion_20260606_214738/candidates/current/web/xiaoj_openwebui_workbench/index.html	RECOVERY_ARTIFACT_HOLD	RECOVERY_EVIDENCE_WORKCELL	REVIEW_COMMIT_INDEX_OR_ARCHIVE	recovery artifact
recovery_program_nl_question_completion_20260606_214738/candidates/current/wuchang_cognition_archive/WUCHANG_COGNITION_MASTER_20260505_003744.txt	RECOVERY_ARTIFACT_HOLD	RECOVERY_EVIDENCE_WORKCELL	REVIEW_COMMIT_INDEX_OR_ARCHIVE	recovery artifact
recovery_program_nl_question_completion_20260606_214738/candidates/current/wuchang_cognition_archive/fund/02_團體會員算力貢獻與數位資訊使用權.txt	RECOVERY_ARTIFACT_HOLD	RECOVERY_EVIDENCE_WORKCELL	REVIEW_COMMIT_INDEX_OR_ARCHIVE	recovery artifact
recovery_program_nl_question_completion_20260606_214738/candidates/current/wuchang_cognition_archive/governance/02_雙層可究責自然人與權限規則.txt	RECOVERY_ARTIFACT_HOLD	RECOVERY_EVIDENCE_WORKCELL	REVIEW_COMMIT_INDEX_OR_ARCHIVE	recovery artifact
recovery_program_nl_question_completion_20260606_214738/candidates/current/wuchang_cognition_archive/legal/ASSOCIATION_BYLAW_AND_COMMUNITY_DEVELOPMENT_AUTHORITY_20260505_011535.txt	RECOVERY_ARTIFACT_HOLD	RECOVERY_EVIDENCE_WORKCELL	REVIEW_COMMIT_INDEX_OR_ARCHIVE	recovery artifact
recovery_program_nl_question_completion_20260606_214738/candidates/current/wuchang_cognition_archive/prefix/00_小J總前綴_數位孿生妹妹_收斂版.txt	RECOVERY_ARTIFACT_HOLD	RECOVERY_EVIDENCE_WORKCELL	REVIEW_COMMIT_INDEX_OR_ARCHIVE	recovery artifact
recovery_program_nl_question_completion_20260606_214738/candidates/current/wuchang_cognition_archive/prefix/XIAOJ_BYLAW_COMMUNITY_DEVELOPMENT_CONCEPT_20260505_011535.txt	RECOVERY_ARTIFACT_HOLD	RECOVERY_EVIDENCE_WORKCELL	REVIEW_COMMIT_INDEX_OR_ARCHIVE	recovery artifact
recovery_program_nl_question_completion_20260606_214915/candidates/current/02_edge_nodes/openwebui/node_boot.yaml	RECOVERY_ARTIFACT_HOLD	RECOVERY_EVIDENCE_WORKCELL	REVIEW_COMMIT_INDEX_OR_ARCHIVE	recovery artifact
recovery_program_nl_question_completion_20260606_214915/candidates/current/AI_CURRENT_STATE.mtl.json	RECOVERY_ARTIFACT_HOLD	RECOVERY_EVIDENCE_WORKCELL	REVIEW_COMMIT_INDEX_OR_ARCHIVE	recovery artifact
recovery_program_nl_question_completion_20260606_214915/candidates/current/INTENT_DISCOVERY_MODULE_INDEX.txt	RECOVERY_ARTIFACT_HOLD	RECOVERY_EVIDENCE_WORKCELL	REVIEW_COMMIT_INDEX_OR_ARCHIVE	recovery artifact
recovery_program_nl_question_completion_20260606_214915/candidates/current/INTENT_DISCOVERY_REBUILD_MATRIX.txt	RECOVERY_ARTIFACT_HOLD	RECOVERY_EVIDENCE_WORKCELL	REVIEW_COMMIT_INDEX_OR_ARCHIVE	recovery artifact
recovery_program_nl_question_completion_20260606_214915/candidates/current/LANDING_READINESS_GAP_LIST.yaml	RECOVERY_ARTIFACT_HOLD	RECOVERY_EVIDENCE_WORKCELL	REVIEW_COMMIT_INDEX_OR_ARCHIVE	recovery artifact
recovery_program_nl_question_completion_20260606_214915/candidates/current/SYSTEM_COMPLETION_CONVERGENCE.yaml	RECOVERY_ARTIFACT_HOLD	RECOVERY_EVIDENCE_WORKCELL	REVIEW_COMMIT_INDEX_OR_ARCHIVE	recovery artifact
recovery_program_nl_question_completion_20260606_214915/candidates/current/T093_RECHECK_BLOCKER_AFTER_DIRECT_LANDING.yaml	RECOVERY_ARTIFACT_HOLD	RECOVERY_EVIDENCE_WORKCELL	REVIEW_COMMIT_INDEX_OR_ARCHIVE	recovery artifact
recovery_program_nl_question_completion_20260606_214915/candidates/current/T093_XIAOJ_REVIEW.yaml	RECOVERY_ARTIFACT_HOLD	RECOVERY_EVIDENCE_WORKCELL	REVIEW_COMMIT_INDEX_OR_ARCHIVE	recovery artifact
recovery_program_nl_question_completion_20260606_214915/candidates/current/T094_XIAOJ_REVIEW.yaml	RECOVERY_ARTIFACT_HOLD	RECOVERY_EVIDENCE_WORKCELL	REVIEW_COMMIT_INDEX_OR_ARCHIVE	recovery artifact
recovery_program_nl_question_completion_20260606_214915/candidates/current/TAIJI_RUNTIME_MASTER_FILELIST.txt	RECOVERY_ARTIFACT_HOLD	RECOVERY_EVIDENCE_WORKCELL	REVIEW_COMMIT_INDEX_OR_ARCHIVE	recovery artifact
recovery_program_nl_question_completion_20260606_214915/candidates/current/Taiji_AutoBuild/scripts/06_metric_predictive_alert.py	RECOVERY_ARTIFACT_HOLD	RECOVERY_EVIDENCE_WORKCELL	REVIEW_COMMIT_INDEX_OR_ARCHIVE	recovery artifact
recovery_program_nl_question_completion_20260606_214915/candidates/current/Taiji_Claw_Safe/app/main.py	RECOVERY_ARTIFACT_HOLD	RECOVERY_EVIDENCE_WORKCELL	REVIEW_COMMIT_INDEX_OR_ARCHIVE	recovery artifact
recovery_program_nl_question_completion_20260606_214915/candidates/current/Taiji_Device_Resilience_Adapter/app/main.py	RECOVERY_ARTIFACT_HOLD	RECOVERY_EVIDENCE_WORKCELL	REVIEW_COMMIT_INDEX_OR_ARCHIVE	recovery artifact
recovery_program_nl_question_completion_20260606_214915/candidates/current/Taiji_Governance/architecture/layers_standards.yml	RECOVERY_ARTIFACT_HOLD	RECOVERY_EVIDENCE_WORKCELL	REVIEW_COMMIT_INDEX_OR_ARCHIVE	recovery artifact
recovery_program_nl_question_completion_20260606_214915/candidates/current/Taiji_Governance/auto_push_or_archive_20260531_223533.md	RECOVERY_ARTIFACT_HOLD	RECOVERY_EVIDENCE_WORKCELL	REVIEW_COMMIT_INDEX_OR_ARCHIVE	recovery artifact
recovery_program_nl_question_completion_20260606_214915/candidates/current/Taiji_Governance/deployments/cafe_main_redeploy_status.md	RECOVERY_ARTIFACT_HOLD	RECOVERY_EVIDENCE_WORKCELL	REVIEW_COMMIT_INDEX_OR_ARCHIVE	recovery artifact
recovery_program_nl_question_completion_20260606_214915/candidates/current/Taiji_Governance/economy/community_micro_economy_manifest_2026-05-12.json	RECOVERY_ARTIFACT_HOLD	RECOVERY_EVIDENCE_WORKCELL	REVIEW_COMMIT_INDEX_OR_ARCHIVE	recovery artifact
recovery_program_nl_question_completion_20260606_214915/candidates/current/Taiji_Governance/economy/sovereign_economic_engine_v8_invariants_2026-05-12.md	RECOVERY_ARTIFACT_HOLD	RECOVERY_EVIDENCE_WORKCELL	REVIEW_COMMIT_INDEX_OR_ARCHIVE	recovery artifact
recovery_program_nl_question_completion_20260606_214915/candidates/current/Taiji_Governance/economy/sovereign_economic_engine_v8_manifest_2026-05-12.json	RECOVERY_ARTIFACT_HOLD	RECOVERY_EVIDENCE_WORKCELL	REVIEW_COMMIT_INDEX_OR_ARCHIVE	recovery artifact
recovery_program_nl_question_completion_20260606_214915/candidates/current/Taiji_Governance/focused_governed_hive_push_20260531_223427.md	RECOVERY_ARTIFACT_HOLD	RECOVERY_EVIDENCE_WORKCELL	REVIEW_COMMIT_INDEX_OR_ARCHIVE	recovery artifact
recovery_program_nl_question_completion_20260606_214915/candidates/current/Taiji_Governance/full_system_module_feature_compare_20260531_225818.md	RECOVERY_ARTIFACT_HOLD	RECOVERY_EVIDENCE_WORKCELL	REVIEW_COMMIT_INDEX_OR_ARCHIVE	recovery artifact
recovery_program_nl_question_completion_20260606_214915/candidates/current/Taiji_Governance/git_rebuild/git_status_before_M011_20260601_173624.txt	RECOVERY_ARTIFACT_HOLD	RECOVERY_EVIDENCE_WORKCELL	REVIEW_COMMIT_INDEX_OR_ARCHIVE	recovery artifact
recovery_program_nl_question_completion_20260606_214915/candidates/current/Taiji_Governance/global_remaining_human_review.txt	RECOVERY_ARTIFACT_HOLD	RECOVERY_EVIDENCE_WORKCELL	REVIEW_COMMIT_INDEX_OR_ARCHIVE	recovery artifact
recovery_program_nl_question_completion_20260606_214915/candidates/current/Taiji_Governance/identity/digital_identity.yml	RECOVERY_ARTIFACT_HOLD	RECOVERY_EVIDENCE_WORKCELL	REVIEW_COMMIT_INDEX_OR_ARCHIVE	recovery artifact
recovery_program_nl_question_completion_20260606_214915/candidates/current/Taiji_Governance/identity/wuchang_association_legal_profile_2026-05-11.md	RECOVERY_ARTIFACT_HOLD	RECOVERY_EVIDENCE_WORKCELL	REVIEW_COMMIT_INDEX_OR_ARCHIVE	recovery artifact
recovery_program_nl_question_completion_20260606_214915/candidates/current/Taiji_Governance/identity/wuchang_association_legal_profile_v2_2026-05-11.md	RECOVERY_ARTIFACT_HOLD	RECOVERY_EVIDENCE_WORKCELL	REVIEW_COMMIT_INDEX_OR_ARCHIVE	recovery artifact
recovery_program_nl_question_completion_20260606_214915/candidates/current/Taiji_Governance/p1_p2_human_review_candidates.txt	RECOVERY_ARTIFACT_HOLD	RECOVERY_EVIDENCE_WORKCELL	REVIEW_COMMIT_INDEX_OR_ARCHIVE	recovery artifact
recovery_program_nl_question_completion_20260606_214915/candidates/current/Taiji_Governance/pm3_runtime_sync_source_truth_20260531_200753.md	RECOVERY_ARTIFACT_HOLD	RECOVERY_EVIDENCE_WORKCELL	REVIEW_COMMIT_INDEX_OR_ARCHIVE	recovery artifact
recovery_program_nl_question_completion_20260606_214915/candidates/current/Taiji_Governance/policies/community_association_data_authority_policy_2026-05-11.md	RECOVERY_ARTIFACT_HOLD	RECOVERY_EVIDENCE_WORKCELL	REVIEW_COMMIT_INDEX_OR_ARCHIVE	recovery artifact
recovery_program_nl_question_completion_20260606_214915/candidates/current/Taiji_Governance/policies/development_efficiency_first_policy_2026-05-11.md	RECOVERY_ARTIFACT_HOLD	RECOVERY_EVIDENCE_WORKCELL	REVIEW_COMMIT_INDEX_OR_ARCHIVE	recovery artifact
recovery_program_nl_question_completion_20260606_214915/candidates/current/Taiji_Governance/policies/information_custodian_accountability_statement_2026-05-11.md	RECOVERY_ARTIFACT_HOLD	RECOVERY_EVIDENCE_WORKCELL	REVIEW_COMMIT_INDEX_OR_ARCHIVE	recovery artifact
recovery_program_nl_question_completion_20260606_214915/candidates/current/Taiji_Governance/policies/member_information_sealed_vault_policy_2026-05-11.md	RECOVERY_ARTIFACT_HOLD	RECOVERY_EVIDENCE_WORKCELL	REVIEW_COMMIT_INDEX_OR_ARCHIVE	recovery artifact
recovery_program_nl_question_completion_20260606_214915/candidates/current/Taiji_Governance/policies/member_information_vault_d_drive_policy_2026-05-11.md	RECOVERY_ARTIFACT_HOLD	RECOVERY_EVIDENCE_WORKCELL	REVIEW_COMMIT_INDEX_OR_ARCHIVE	recovery artifact
recovery_program_nl_question_completion_20260606_214915/candidates/current/Taiji_Governance/policies/unique_ai_window_partition_policy_2026-05-12.md	RECOVERY_ARTIFACT_HOLD	RECOVERY_EVIDENCE_WORKCELL	REVIEW_COMMIT_INDEX_OR_ARCHIVE	recovery artifact
recovery_program_nl_question_completion_20260606_214915/candidates/current/Taiji_Governance/progress/completion_dashboard_blocks_2026-05-11.md	RECOVERY_ARTIFACT_HOLD	RECOVERY_EVIDENCE_WORKCELL	REVIEW_COMMIT_INDEX_OR_ARCHIVE	recovery artifact
recovery_program_nl_question_completion_20260606_214915/candidates/current/Taiji_Governance/progress/taiji01_topology_brain_transfer_progress_2026-05-14.md	RECOVERY_ARTIFACT_HOLD	RECOVERY_EVIDENCE_WORKCELL	REVIEW_COMMIT_INDEX_OR_ARCHIVE	recovery artifact
recovery_program_nl_question_completion_20260606_214915/candidates/current/Taiji_Governance/progress/taiji_hub_architecture_completion_dashboard_v2026-05-11.md	RECOVERY_ARTIFACT_HOLD	RECOVERY_EVIDENCE_WORKCELL	REVIEW_COMMIT_INDEX_OR_ARCHIVE	recovery artifact
recovery_program_nl_question_completion_20260606_214915/candidates/current/Taiji_Governance/system_info/active_intent_flow_cache_policy.manifest.json	RECOVERY_ARTIFACT_HOLD	RECOVERY_EVIDENCE_WORKCELL	REVIEW_COMMIT_INDEX_OR_ARCHIVE	recovery artifact
recovery_program_nl_question_completion_20260606_214915/candidates/current/Taiji_Governance/system_info/active_intent_flow_cache_policy_2026-05-12.md	RECOVERY_ARTIFACT_HOLD	RECOVERY_EVIDENCE_WORKCELL	REVIEW_COMMIT_INDEX_OR_ARCHIVE	recovery artifact
recovery_program_nl_question_completion_20260606_214915/candidates/current/Taiji_Governance/system_info/business_entity_subject_mapping_2026-05-12.md	RECOVERY_ARTIFACT_HOLD	RECOVERY_EVIDENCE_WORKCELL	REVIEW_COMMIT_INDEX_OR_ARCHIVE	recovery artifact
recovery_program_nl_question_completion_20260606_214915/candidates/current/Taiji_Governance/system_info/community_branch_group_member_mapping.manifest.json	RECOVERY_ARTIFACT_HOLD	RECOVERY_EVIDENCE_WORKCELL	REVIEW_COMMIT_INDEX_OR_ARCHIVE	recovery artifact
recovery_program_nl_question_completion_20260606_214915/candidates/current/Taiji_Governance/system_info/dependency_links_2026-05-12.csv	RECOVERY_ARTIFACT_HOLD	RECOVERY_EVIDENCE_WORKCELL	REVIEW_COMMIT_INDEX_OR_ARCHIVE	recovery artifact
recovery_program_nl_question_completion_20260606_214915/candidates/current/Taiji_Governance/system_info/dependency_relocation_plan_2026-05-12.jsonl	RECOVERY_ARTIFACT_HOLD	RECOVERY_EVIDENCE_WORKCELL	REVIEW_COMMIT_INDEX_OR_ARCHIVE	recovery artifact
recovery_program_nl_question_completion_20260606_214915/candidates/current/Taiji_Governance/system_info/dependency_relocation_verify_2026-05-12.jsonl	RECOVERY_ARTIFACT_HOLD	RECOVERY_EVIDENCE_WORKCELL	REVIEW_COMMIT_INDEX_OR_ARCHIVE	recovery artifact
recovery_program_nl_question_completion_20260606_214915/candidates/current/Taiji_Governance/system_info/host_restructure/taiji01_host_inventory_20260511T170226Z.jsonl	RECOVERY_ARTIFACT_HOLD	RECOVERY_EVIDENCE_WORKCELL	REVIEW_COMMIT_INDEX_OR_ARCHIVE	recovery artifact
recovery_program_nl_question_completion_20260606_214915/candidates/current/Taiji_Governance/system_info/local_machine_gateway_control_2026-05-13.md	RECOVERY_ARTIFACT_HOLD	RECOVERY_EVIDENCE_WORKCELL	REVIEW_COMMIT_INDEX_OR_ARCHIVE	recovery artifact
recovery_program_nl_question_completion_20260606_214915/candidates/current/Taiji_Governance/system_info/wuchang_jurisdiction_coordinate_analysis_2026-05-12.md	RECOVERY_ARTIFACT_HOLD	RECOVERY_EVIDENCE_WORKCELL	REVIEW_COMMIT_INDEX_OR_ARCHIVE	recovery artifact
recovery_program_nl_question_completion_20260606_214915/candidates/current/Taiji_Governance/task_force/task_force_dispatch_manifest_2026-05-12.json	RECOVERY_ARTIFACT_HOLD	RECOVERY_EVIDENCE_WORKCELL	REVIEW_COMMIT_INDEX_OR_ARCHIVE	recovery artifact
recovery_program_nl_question_completion_20260606_214915/candidates/current/Taiji_Governance/total_field_duplicate_development_audit_20260531_225228.md	RECOVERY_ARTIFACT_HOLD	RECOVERY_EVIDENCE_WORKCELL	REVIEW_COMMIT_INDEX_OR_ARCHIVE	recovery artifact
recovery_program_nl_question_completion_20260606_214915/candidates/current/Taiji_Governance/worklist/worklist.md	RECOVERY_ARTIFACT_HOLD	RECOVERY_EVIDENCE_WORKCELL	REVIEW_COMMIT_INDEX_OR_ARCHIVE	recovery artifact
recovery_program_nl_question_completion_20260606_214915/candidates/current/Taiji_Governance/workspace_unclassified_inventory_20260601_152523.md	RECOVERY_ARTIFACT_HOLD	RECOVERY_EVIDENCE_WORKCELL	REVIEW_COMMIT_INDEX_OR_ARCHIVE	recovery artifact
recovery_program_nl_question_completion_20260606_214915/candidates/current/Taiji_Governance/wuchang_universe_misplaced_file_packet_20260531_200715.md	RECOVERY_ARTIFACT_HOLD	RECOVERY_EVIDENCE_WORKCELL	REVIEW_COMMIT_INDEX_OR_ARCHIVE	recovery artifact
recovery_program_nl_question_completion_20260606_214915/candidates/current/Taiji_Governance/xiaoj_pre_review_upgrade_inventory_20260531_230819.md	RECOVERY_ARTIFACT_HOLD	RECOVERY_EVIDENCE_WORKCELL	REVIEW_COMMIT_INDEX_OR_ARCHIVE	recovery artifact
recovery_program_nl_question_completion_20260606_214915/candidates/current/Taiji_Governance/xiaoj_source_link_reconciliation_20260601_154508.md	RECOVERY_ARTIFACT_HOLD	RECOVERY_EVIDENCE_WORKCELL	REVIEW_COMMIT_INDEX_OR_ARCHIVE	recovery artifact
recovery_program_nl_question_completion_20260606_214915/candidates/current/Taiji_Governance/yaml_only_targets.txt	RECOVERY_ARTIFACT_HOLD	RECOVERY_EVIDENCE_WORKCELL	REVIEW_COMMIT_INDEX_OR_ARCHIVE	recovery artifact
recovery_program_nl_question_completion_20260606_214915/candidates/current/Taiji_Odoo/addons/PM3_SYSTEM_STATUS_INVENTORY.md	RECOVERY_ARTIFACT_HOLD	RECOVERY_EVIDENCE_WORKCELL	REVIEW_COMMIT_INDEX_OR_ARCHIVE	recovery artifact
recovery_program_nl_question_completion_20260606_214915/candidates/current/Taiji_Odoo/addons/pm3_runtime_sync/views/web_login_templates.xml	RECOVERY_ARTIFACT_HOLD	RECOVERY_EVIDENCE_WORKCELL	REVIEW_COMMIT_INDEX_OR_ARCHIVE	recovery artifact
recovery_program_nl_question_completion_20260606_214915/candidates/current/Taiji_Odoo/addons/pm3_runtime_sync/views/web_login_templates.xml.disabled	RECOVERY_ARTIFACT_HOLD	RECOVERY_EVIDENCE_WORKCELL	REVIEW_COMMIT_INDEX_OR_ARCHIVE	recovery artifact
recovery_program_nl_question_completion_20260606_214915/candidates/current/Taiji_Odoo/addons/taiji_member_login/static/src/css/taiji_member_login.css	RECOVERY_ARTIFACT_HOLD	RECOVERY_EVIDENCE_WORKCELL	REVIEW_COMMIT_INDEX_OR_ARCHIVE	recovery artifact
recovery_program_nl_question_completion_20260606_214915/candidates/current/Taiji_Odoo/addons/wuchang_cafe_menu_options/models/menu_options.py	RECOVERY_ARTIFACT_HOLD	RECOVERY_EVIDENCE_WORKCELL	REVIEW_COMMIT_INDEX_OR_ARCHIVE	recovery artifact
recovery_program_nl_question_completion_20260606_214915/candidates/current/Taiji_Odoo/addons/wuchang_cafe_menu_options/security/ir.model.access.csv	RECOVERY_ARTIFACT_HOLD	RECOVERY_EVIDENCE_WORKCELL	REVIEW_COMMIT_INDEX_OR_ARCHIVE	recovery artifact
recovery_program_nl_question_completion_20260606_214915/candidates/current/Taiji_Odoo/addons/wuchang_core/__manifest__.py	RECOVERY_ARTIFACT_HOLD	RECOVERY_EVIDENCE_WORKCELL	REVIEW_COMMIT_INDEX_OR_ARCHIVE	recovery artifact
recovery_program_nl_question_completion_20260606_214915/candidates/current/Taiji_Odoo/addons/wuchang_core/controllers/main.py	RECOVERY_ARTIFACT_HOLD	RECOVERY_EVIDENCE_WORKCELL	REVIEW_COMMIT_INDEX_OR_ARCHIVE	recovery artifact
recovery_program_nl_question_completion_20260606_214915/candidates/current/Taiji_Odoo/addons/wuchang_core/data/ai_cron.xml	RECOVERY_ARTIFACT_HOLD	RECOVERY_EVIDENCE_WORKCELL	REVIEW_COMMIT_INDEX_OR_ARCHIVE	recovery artifact
recovery_program_nl_question_completion_20260606_214915/candidates/current/Taiji_Odoo/addons/wuchang_core/data/cron.xml	RECOVERY_ARTIFACT_HOLD	RECOVERY_EVIDENCE_WORKCELL	REVIEW_COMMIT_INDEX_OR_ARCHIVE	recovery artifact
recovery_program_nl_question_completion_20260606_214915/candidates/current/Taiji_Odoo/addons/wuchang_core/data/missing_items.json	RECOVERY_ARTIFACT_HOLD	RECOVERY_EVIDENCE_WORKCELL	REVIEW_COMMIT_INDEX_OR_ARCHIVE	recovery artifact
recovery_program_nl_question_completion_20260606_214915/candidates/current/Taiji_Odoo/addons/wuchang_core/data/optimization_items.json	RECOVERY_ARTIFACT_HOLD	RECOVERY_EVIDENCE_WORKCELL	REVIEW_COMMIT_INDEX_OR_ARCHIVE	recovery artifact
recovery_program_nl_question_completion_20260606_214915/candidates/current/Taiji_Odoo/addons/wuchang_core/data/system_params.xml	RECOVERY_ARTIFACT_HOLD	RECOVERY_EVIDENCE_WORKCELL	REVIEW_COMMIT_INDEX_OR_ARCHIVE	recovery artifact
recovery_program_nl_question_completion_20260606_214915/candidates/current/Taiji_Odoo/addons/wuchang_core/models/Untitled-2.py	RECOVERY_ARTIFACT_HOLD	RECOVERY_EVIDENCE_WORKCELL	REVIEW_COMMIT_INDEX_OR_ARCHIVE	recovery artifact
recovery_program_nl_question_completion_20260606_214915/candidates/current/Taiji_Odoo/addons/wuchang_core/models/ai_event_listener.py	RECOVERY_ARTIFACT_HOLD	RECOVERY_EVIDENCE_WORKCELL	REVIEW_COMMIT_INDEX_OR_ARCHIVE	recovery artifact
recovery_program_nl_question_completion_20260606_214915/candidates/current/Taiji_Odoo/addons/wuchang_core/models/ai_guard.py	RECOVERY_ARTIFACT_HOLD	RECOVERY_EVIDENCE_WORKCELL	REVIEW_COMMIT_INDEX_OR_ARCHIVE	recovery artifact
recovery_program_nl_question_completion_20260606_214915/candidates/current/Taiji_Odoo/addons/wuchang_core/models/ai_logic.py	RECOVERY_ARTIFACT_HOLD	RECOVERY_EVIDENCE_WORKCELL	REVIEW_COMMIT_INDEX_OR_ARCHIVE	recovery artifact
recovery_program_nl_question_completion_20260606_214915/candidates/current/Taiji_Odoo/addons/wuchang_core/models/ai_memory.py	RECOVERY_ARTIFACT_HOLD	RECOVERY_EVIDENCE_WORKCELL	REVIEW_COMMIT_INDEX_OR_ARCHIVE	recovery artifact
recovery_program_nl_question_completion_20260606_214915/candidates/current/Taiji_Odoo/addons/wuchang_core/models/api_account_separation.py	RECOVERY_ARTIFACT_HOLD	RECOVERY_EVIDENCE_WORKCELL	REVIEW_COMMIT_INDEX_OR_ARCHIVE	recovery artifact
recovery_program_nl_question_completion_20260606_214915/candidates/current/Taiji_Odoo/addons/wuchang_core/models/core_logic.py	RECOVERY_ARTIFACT_HOLD	RECOVERY_EVIDENCE_WORKCELL	REVIEW_COMMIT_INDEX_OR_ARCHIVE	recovery artifact
recovery_program_nl_question_completion_20260606_214915/candidates/current/Taiji_Odoo/addons/wuchang_core/models/device_control_plan.py	RECOVERY_ARTIFACT_HOLD	RECOVERY_EVIDENCE_WORKCELL	REVIEW_COMMIT_INDEX_OR_ARCHIVE	recovery artifact
recovery_program_nl_question_completion_20260606_214915/candidates/current/Taiji_Odoo/addons/wuchang_core/models/jf_gateway.py	RECOVERY_ARTIFACT_HOLD	RECOVERY_EVIDENCE_WORKCELL	REVIEW_COMMIT_INDEX_OR_ARCHIVE	recovery artifact
recovery_program_nl_question_completion_20260606_214915/candidates/current/Taiji_Odoo/addons/wuchang_core/models/task.py	RECOVERY_ARTIFACT_HOLD	RECOVERY_EVIDENCE_WORKCELL	REVIEW_COMMIT_INDEX_OR_ARCHIVE	recovery artifact
recovery_program_nl_question_completion_20260606_214915/candidates/current/Taiji_Odoo/addons/wuchang_core/models/voice_conversation.py	RECOVERY_ARTIFACT_HOLD	RECOVERY_EVIDENCE_WORKCELL	REVIEW_COMMIT_INDEX_OR_ARCHIVE	recovery artifact
recovery_program_nl_question_completion_20260606_214915/candidates/current/Taiji_Odoo/addons/wuchang_core/models/volunteer.py	RECOVERY_ARTIFACT_HOLD	RECOVERY_EVIDENCE_WORKCELL	REVIEW_COMMIT_INDEX_OR_ARCHIVE	recovery artifact
recovery_program_nl_question_completion_20260606_214915/candidates/current/Taiji_Odoo/addons/wuchang_core/security/ir.model.access.csv	RECOVERY_ARTIFACT_HOLD	RECOVERY_EVIDENCE_WORKCELL	REVIEW_COMMIT_INDEX_OR_ARCHIVE	recovery artifact
recovery_program_nl_question_completion_20260606_214915/candidates/current/Taiji_Odoo/addons/wuchang_core/static/src/js/community_super_app.jsx	RECOVERY_ARTIFACT_HOLD	RECOVERY_EVIDENCE_WORKCELL	REVIEW_COMMIT_INDEX_OR_ARCHIVE	recovery artifact
recovery_program_nl_question_completion_20260606_214915/candidates/current/Taiji_Odoo/addons/wuchang_core/tests/benchmark_spatiotemporal.py	RECOVERY_ARTIFACT_HOLD	RECOVERY_EVIDENCE_WORKCELL	REVIEW_COMMIT_INDEX_OR_ARCHIVE	recovery artifact
recovery_program_nl_question_completion_20260606_214915/candidates/current/Taiji_Odoo/addons/wuchang_core/tests/test_listener_sim.py	RECOVERY_ARTIFACT_HOLD	RECOVERY_EVIDENCE_WORKCELL	REVIEW_COMMIT_INDEX_OR_ARCHIVE	recovery artifact
recovery_program_nl_question_completion_20260606_214915/candidates/current/Taiji_Odoo/addons/wuchang_core/views/delivery_page.xml	RECOVERY_ARTIFACT_HOLD	RECOVERY_EVIDENCE_WORKCELL	REVIEW_COMMIT_INDEX_OR_ARCHIVE	recovery artifact
recovery_program_nl_question_completion_20260606_214915/candidates/current/Taiji_Odoo/addons/wuchang_core/views/device_web_app_templates.xml	RECOVERY_ARTIFACT_HOLD	RECOVERY_EVIDENCE_WORKCELL	REVIEW_COMMIT_INDEX_OR_ARCHIVE	recovery artifact
recovery_program_nl_question_completion_20260606_214915/candidates/current/Taiji_Odoo/addons/wuchang_core/views/knowledge_templates.xml	RECOVERY_ARTIFACT_HOLD	RECOVERY_EVIDENCE_WORKCELL	REVIEW_COMMIT_INDEX_OR_ARCHIVE	recovery artifact
recovery_program_nl_question_completion_20260606_214915/candidates/current/Taiji_Odoo/addons/wuchang_core/views/mobile_voice_app.xml	RECOVERY_ARTIFACT_HOLD	RECOVERY_EVIDENCE_WORKCELL	REVIEW_COMMIT_INDEX_OR_ARCHIVE	recovery artifact
recovery_program_nl_question_completion_20260606_214915/candidates/current/Taiji_Odoo/addons/wuchang_core/views/order_views.xml	RECOVERY_ARTIFACT_HOLD	RECOVERY_EVIDENCE_WORKCELL	REVIEW_COMMIT_INDEX_OR_ARCHIVE	recovery artifact
recovery_program_nl_question_completion_20260606_214915/candidates/current/Taiji_Odoo/addons/wuchang_core/views/order_website.xml	RECOVERY_ARTIFACT_HOLD	RECOVERY_EVIDENCE_WORKCELL	REVIEW_COMMIT_INDEX_OR_ARCHIVE	recovery artifact
recovery_program_nl_question_completion_20260606_214915/candidates/current/Taiji_Odoo/addons/wuchang_core/views/pos_simulator.xml	RECOVERY_ARTIFACT_HOLD	RECOVERY_EVIDENCE_WORKCELL	REVIEW_COMMIT_INDEX_OR_ARCHIVE	recovery artifact
recovery_program_nl_question_completion_20260606_214915/candidates/current/Taiji_Odoo/addons/wuchang_core/views/service_dashboard.xml	RECOVERY_ARTIFACT_HOLD	RECOVERY_EVIDENCE_WORKCELL	REVIEW_COMMIT_INDEX_OR_ARCHIVE	recovery artifact
recovery_program_nl_question_completion_20260606_214915/candidates/current/Taiji_Odoo/addons/wuchang_core/views/task_views.xml	RECOVERY_ARTIFACT_HOLD	RECOVERY_EVIDENCE_WORKCELL	REVIEW_COMMIT_INDEX_OR_ARCHIVE	recovery artifact
recovery_program_nl_question_completion_20260606_214915/candidates/current/Taiji_Odoo/addons/wuchang_core/views/ticket_page.xml	RECOVERY_ARTIFACT_HOLD	RECOVERY_EVIDENCE_WORKCELL	REVIEW_COMMIT_INDEX_OR_ARCHIVE	recovery artifact
recovery_program_nl_question_completion_20260606_214915/candidates/current/Taiji_Odoo/addons/wuchang_core/views/webauthn_login.xml	RECOVERY_ARTIFACT_HOLD	RECOVERY_EVIDENCE_WORKCELL	REVIEW_COMMIT_INDEX_OR_ARCHIVE	recovery artifact
recovery_program_nl_question_completion_20260606_214915/candidates/current/Taiji_Odoo/addons/wuchang_knowledge_sync/models/wuchang_knowledge_sync.py	RECOVERY_ARTIFACT_HOLD	RECOVERY_EVIDENCE_WORKCELL	REVIEW_COMMIT_INDEX_OR_ARCHIVE	recovery artifact
recovery_program_nl_question_completion_20260606_214915/candidates/current/Taiji_Odoo/addons/wuchang_member_ai_portal/controllers/portal.py	RECOVERY_ARTIFACT_HOLD	RECOVERY_EVIDENCE_WORKCELL	REVIEW_COMMIT_INDEX_OR_ARCHIVE	recovery artifact
recovery_program_nl_question_completion_20260606_214915/candidates/current/Taiji_Odoo/addons/wuchang_member_registration/models/member_registration.py	RECOVERY_ARTIFACT_HOLD	RECOVERY_EVIDENCE_WORKCELL	REVIEW_COMMIT_INDEX_OR_ARCHIVE	recovery artifact
recovery_program_nl_question_completion_20260606_214915/candidates/current/Taiji_Odoo/addons/wuchang_member_registration/views/portal_templates.xml	RECOVERY_ARTIFACT_HOLD	RECOVERY_EVIDENCE_WORKCELL	REVIEW_COMMIT_INDEX_OR_ARCHIVE	recovery artifact
recovery_program_nl_question_completion_20260606_214915/candidates/current/Taiji_Odoo/addons/wuchang_property_local_cloud/models/wuchang_ticket_opening.py	RECOVERY_ARTIFACT_HOLD	RECOVERY_EVIDENCE_WORKCELL	REVIEW_COMMIT_INDEX_OR_ARCHIVE	recovery artifact
recovery_program_nl_question_completion_20260606_214915/candidates/current/Taiji_Odoo/backup/wuchang_property_local_cloud_before_association_registration_20260524_011059/models/wuchang_ticket_opening.py	RECOVERY_ARTIFACT_HOLD	RECOVERY_EVIDENCE_WORKCELL	REVIEW_COMMIT_INDEX_OR_ARCHIVE	recovery artifact
recovery_program_nl_question_completion_20260606_214915/candidates/current/Taiji_Odoo/backup/wuchang_property_local_cloud_before_fix_franchise_20260524_005231/models/wuchang_ticket_opening.py	RECOVERY_ARTIFACT_HOLD	RECOVERY_EVIDENCE_WORKCELL	REVIEW_COMMIT_INDEX_OR_ARCHIVE	recovery artifact
recovery_program_nl_question_completion_20260606_214915/candidates/current/Taiji_Odoo/backup/wuchang_property_local_cloud_before_google_nonprofit_resources_20260524_010622/models/wuchang_ticket_opening.py	RECOVERY_ARTIFACT_HOLD	RECOVERY_EVIDENCE_WORKCELL	REVIEW_COMMIT_INDEX_OR_ARCHIVE	recovery artifact
recovery_program_nl_question_completion_20260606_214915/candidates/current/Taiji_Odoo/backup/wuchang_property_local_cloud_before_google_workspace_admin_20260524_011419/models/wuchang_ticket_opening.py	RECOVERY_ARTIFACT_HOLD	RECOVERY_EVIDENCE_WORKCELL	REVIEW_COMMIT_INDEX_OR_ARCHIVE	recovery artifact
recovery_program_nl_question_completion_20260606_214915/candidates/current/Taiji_Odoo/backup/wuchang_property_local_cloud_before_google_workspace_admin_20260524_011629/models/wuchang_ticket_opening.py	RECOVERY_ARTIFACT_HOLD	RECOVERY_EVIDENCE_WORKCELL	REVIEW_COMMIT_INDEX_OR_ARCHIVE	recovery artifact
recovery_program_nl_question_completion_20260606_214915/candidates/current/Taiji_Odoo/backup/wuchang_property_local_cloud_before_pos_policy_20260524_005410/models/wuchang_ticket_opening.py	RECOVERY_ARTIFACT_HOLD	RECOVERY_EVIDENCE_WORKCELL	REVIEW_COMMIT_INDEX_OR_ARCHIVE	recovery artifact
recovery_program_nl_question_completion_20260606_214915/candidates/current/Taiji_Odoo/backup/wuchang_property_local_cloud_before_public_interest_franchise_20260524_005126/models/wuchang_ticket_opening.py	RECOVERY_ARTIFACT_HOLD	RECOVERY_EVIDENCE_WORKCELL	REVIEW_COMMIT_INDEX_OR_ARCHIVE	recovery artifact
recovery_program_nl_question_completion_20260606_214915/candidates/current/Taiji_Odoo/backup/wuchang_property_local_cloud_before_ticket_quota_buckets_20260524_002720/models/wuchang_ticket_opening.py	RECOVERY_ARTIFACT_HOLD	RECOVERY_EVIDENCE_WORKCELL	REVIEW_COMMIT_INDEX_OR_ARCHIVE	recovery artifact
recovery_program_nl_question_completion_20260606_214915/candidates/current/Taiji_Odoo/backup/wuchang_property_local_cloud_before_ticket_quota_buckets_20260524_002749/models/wuchang_ticket_opening.py	RECOVERY_ARTIFACT_HOLD	RECOVERY_EVIDENCE_WORKCELL	REVIEW_COMMIT_INDEX_OR_ARCHIVE	recovery artifact
recovery_program_nl_question_completion_20260606_214915/candidates/current/Taiji_Odoo/scripts/normalize_pos_menu.py	RECOVERY_ARTIFACT_HOLD	RECOVERY_EVIDENCE_WORKCELL	REVIEW_COMMIT_INDEX_OR_ARCHIVE	recovery artifact
recovery_program_nl_question_completion_20260606_214915/candidates/current/Taiji_POS_Google_Voice_Tool/app/main.py	RECOVERY_ARTIFACT_HOLD	RECOVERY_EVIDENCE_WORKCELL	REVIEW_COMMIT_INDEX_OR_ARCHIVE	recovery artifact
recovery_program_nl_question_completion_20260606_214915/candidates/current/W7TP_ARCHITECTURE_EVIDENCE_EXTRACT.txt	RECOVERY_ARTIFACT_HOLD	RECOVERY_EVIDENCE_WORKCELL	REVIEW_COMMIT_INDEX_OR_ARCHIVE	recovery artifact
recovery_program_nl_question_completion_20260606_214915/candidates/current/W7TP_CHAIN_EVIDENCE.txt	RECOVERY_ARTIFACT_HOLD	RECOVERY_EVIDENCE_WORKCELL	REVIEW_COMMIT_INDEX_OR_ARCHIVE	recovery artifact
recovery_program_nl_question_completion_20260606_214915/candidates/current/W7TP_DESIGN_EVIDENCE_INDEX.txt	RECOVERY_ARTIFACT_HOLD	RECOVERY_EVIDENCE_WORKCELL	REVIEW_COMMIT_INDEX_OR_ARCHIVE	recovery artifact
recovery_program_nl_question_completion_20260606_214915/candidates/current/W7TP_FIELD_ATLAS/02_governed_hive_master_index.yaml	RECOVERY_ARTIFACT_HOLD	RECOVERY_EVIDENCE_WORKCELL	REVIEW_COMMIT_INDEX_OR_ARCHIVE	recovery artifact
recovery_program_nl_question_completion_20260606_214915/candidates/current/W7TP_FIELD_ATLAS/19_state_world_extension.yaml	RECOVERY_ARTIFACT_HOLD	RECOVERY_EVIDENCE_WORKCELL	REVIEW_COMMIT_INDEX_OR_ARCHIVE	recovery artifact
recovery_program_nl_question_completion_20260606_214915/candidates/current/W7TP_FIELD_ATLAS/20_sub_universe_registry.yaml	RECOVERY_ARTIFACT_HOLD	RECOVERY_EVIDENCE_WORKCELL	REVIEW_COMMIT_INDEX_OR_ARCHIVE	recovery artifact
recovery_program_nl_question_completion_20260606_214915/candidates/current/W7TP_FIELD_ATLAS/28_state_world_router_boundary.yaml	RECOVERY_ARTIFACT_HOLD	RECOVERY_EVIDENCE_WORKCELL	REVIEW_COMMIT_INDEX_OR_ARCHIVE	recovery artifact
recovery_program_nl_question_completion_20260606_214915/candidates/current/W7TP_FIELD_ATLAS/29_memory_lifecycle_map.yaml	RECOVERY_ARTIFACT_HOLD	RECOVERY_EVIDENCE_WORKCELL	REVIEW_COMMIT_INDEX_OR_ARCHIVE	recovery artifact
recovery_program_nl_question_completion_20260606_214915/candidates/current/W7TP_FIELD_ATLAS/35_state_world_router_spec_v0.yaml	RECOVERY_ARTIFACT_HOLD	RECOVERY_EVIDENCE_WORKCELL	REVIEW_COMMIT_INDEX_OR_ARCHIVE	recovery artifact
recovery_program_nl_question_completion_20260606_214915/candidates/current/W7TP_FIELD_ATLAS/36_memory_boot_map_v0.yaml	RECOVERY_ARTIFACT_HOLD	RECOVERY_EVIDENCE_WORKCELL	REVIEW_COMMIT_INDEX_OR_ARCHIVE	recovery artifact
recovery_program_nl_question_completion_20260606_214915/candidates/current/W7TP_FIELD_ATLAS/38_odoo_inventory_classification_v0.yaml	RECOVERY_ARTIFACT_HOLD	RECOVERY_EVIDENCE_WORKCELL	REVIEW_COMMIT_INDEX_OR_ARCHIVE	recovery artifact
recovery_program_nl_question_completion_20260606_214915/candidates/current/W7TP_FIELD_ATLAS/39_task_execution_stopline_v0.yaml	RECOVERY_ARTIFACT_HOLD	RECOVERY_EVIDENCE_WORKCELL	REVIEW_COMMIT_INDEX_OR_ARCHIVE	recovery artifact
recovery_program_nl_question_completion_20260606_214915/candidates/current/W7TP_FIELD_ATLAS/40_state_world_snapshot_v0.yaml	RECOVERY_ARTIFACT_HOLD	RECOVERY_EVIDENCE_WORKCELL	REVIEW_COMMIT_INDEX_OR_ARCHIVE	recovery artifact
recovery_program_nl_question_completion_20260606_214915/candidates/current/W7TP_FIELD_ATLAS/ai_quality/W7TP_AI_ANSWER_QUALITY_FIELD_20260602_133837.yaml	RECOVERY_ARTIFACT_HOLD	RECOVERY_EVIDENCE_WORKCELL	REVIEW_COMMIT_INDEX_OR_ARCHIVE	recovery artifact
recovery_program_nl_question_completion_20260606_214915/candidates/current/W7TP_FIELD_ATLAS/ai_quality/latest_ai_answer_quality_field.yaml	RECOVERY_ARTIFACT_HOLD	RECOVERY_EVIDENCE_WORKCELL	REVIEW_COMMIT_INDEX_OR_ARCHIVE	recovery artifact
recovery_program_nl_question_completion_20260606_214915/candidates/current/W7TP_FIELD_ATLAS/cost_routing/W7TP_AI_BLIND_COMPUTE_COST_ROUTER_V1.yaml	RECOVERY_ARTIFACT_HOLD	RECOVERY_EVIDENCE_WORKCELL	REVIEW_COMMIT_INDEX_OR_ARCHIVE	recovery artifact
recovery_program_nl_question_completion_20260606_214915/candidates/current/W7TP_FIELD_ATLAS/drift_detector_plans/W7TP_DRIFT_DETECTOR_V1.yaml	RECOVERY_ARTIFACT_HOLD	RECOVERY_EVIDENCE_WORKCELL	REVIEW_COMMIT_INDEX_OR_ARCHIVE	recovery artifact
recovery_program_nl_question_completion_20260606_214915/candidates/current/W7TP_FIELD_ATLAS/feature_compare/latest_full_system_module_feature_compare.md	RECOVERY_ARTIFACT_HOLD	RECOVERY_EVIDENCE_WORKCELL	REVIEW_COMMIT_INDEX_OR_ARCHIVE	recovery artifact
recovery_program_nl_question_completion_20260606_214915/candidates/current/W7TP_FIELD_ATLAS/feature_compare/latest_module_feature_matrix.csv	RECOVERY_ARTIFACT_HOLD	RECOVERY_EVIDENCE_WORKCELL	REVIEW_COMMIT_INDEX_OR_ARCHIVE	recovery artifact
recovery_program_nl_question_completion_20260606_214915/candidates/current/W7TP_FIELD_ATLAS/feature_compare/module_feature_matrix_20260531_225818.csv	RECOVERY_ARTIFACT_HOLD	RECOVERY_EVIDENCE_WORKCELL	REVIEW_COMMIT_INDEX_OR_ARCHIVE	recovery artifact
recovery_program_nl_question_completion_20260606_214915/candidates/current/W7TP_FIELD_ATLAS/function_maps/WUCHANG_FUNCTION_TO_MODULE_MAP_V1.yaml	RECOVERY_ARTIFACT_HOLD	RECOVERY_EVIDENCE_WORKCELL	REVIEW_COMMIT_INDEX_OR_ARCHIVE	recovery artifact
recovery_program_nl_question_completion_20260606_214915/candidates/current/W7TP_FIELD_ATLAS/gei_context/00_GEI_MASTER_INDEX.yaml	RECOVERY_ARTIFACT_HOLD	RECOVERY_EVIDENCE_WORKCELL	REVIEW_COMMIT_INDEX_OR_ARCHIVE	recovery artifact
recovery_program_nl_question_completion_20260606_214915/candidates/current/W7TP_FIELD_ATLAS/gei_context/W7TP_GEI_CONTEXT_FIELD_V1.yaml	RECOVERY_ARTIFACT_HOLD	RECOVERY_EVIDENCE_WORKCELL	REVIEW_COMMIT_INDEX_OR_ARCHIVE	recovery artifact
recovery_program_nl_question_completion_20260606_214915/candidates/current/W7TP_FIELD_ATLAS/gei_context/W7TP_GEI_CONTEXT_INDEX_V1.yaml	RECOVERY_ARTIFACT_HOLD	RECOVERY_EVIDENCE_WORKCELL	REVIEW_COMMIT_INDEX_OR_ARCHIVE	recovery artifact
recovery_program_nl_question_completion_20260606_214915/candidates/current/W7TP_FIELD_ATLAS/gei_context/W7TP_GEI_CONTEXT_PACKET_SCHEMA_V1.yaml	RECOVERY_ARTIFACT_HOLD	RECOVERY_EVIDENCE_WORKCELL	REVIEW_COMMIT_INDEX_OR_ARCHIVE	recovery artifact
recovery_program_nl_question_completion_20260606_214915/candidates/current/W7TP_FIELD_ATLAS/gei_context/W7TP_GEI_CONTEXT_ROUTING_RULE_V1.yaml	RECOVERY_ARTIFACT_HOLD	RECOVERY_EVIDENCE_WORKCELL	REVIEW_COMMIT_INDEX_OR_ARCHIVE	recovery artifact
recovery_program_nl_question_completion_20260606_214915/candidates/current/W7TP_FIELD_ATLAS/gei_context/correlation/W7TP_GEI_FIELD_DRIFT_CORRELATION_ENGINE_V1.yaml	RECOVERY_ARTIFACT_HOLD	RECOVERY_EVIDENCE_WORKCELL	REVIEW_COMMIT_INDEX_OR_ARCHIVE	recovery artifact
recovery_program_nl_question_completion_20260606_214915/candidates/current/W7TP_FIELD_ATLAS/gei_context/export_policies/W7TP_GEI_CONTEXT_EXPORT_BOUNDARY_V1.yaml	RECOVERY_ARTIFACT_HOLD	RECOVERY_EVIDENCE_WORKCELL	REVIEW_COMMIT_INDEX_OR_ARCHIVE	recovery artifact
recovery_program_nl_question_completion_20260606_214915/candidates/current/W7TP_FIELD_ATLAS/gei_context/handoff_templates/W7TP_GEI_CHAT_HANDOFF_TEMPLATE_V1.md	RECOVERY_ARTIFACT_HOLD	RECOVERY_EVIDENCE_WORKCELL	REVIEW_COMMIT_INDEX_OR_ARCHIVE	recovery artifact
recovery_program_nl_question_completion_20260606_214915/candidates/current/W7TP_FIELD_ATLAS/gei_context/scripts/W7TP_GEI_SNAPSHOT_SCRIPT_PLAN_V1.yaml	RECOVERY_ARTIFACT_HOLD	RECOVERY_EVIDENCE_WORKCELL	REVIEW_COMMIT_INDEX_OR_ARCHIVE	recovery artifact
recovery_program_nl_question_completion_20260606_214915/candidates/current/W7TP_FIELD_ATLAS/gei_context/scripts/generate_gei_snapshot.sh	RECOVERY_ARTIFACT_HOLD	RECOVERY_EVIDENCE_WORKCELL	REVIEW_COMMIT_INDEX_OR_ARCHIVE	recovery artifact
recovery_program_nl_question_completion_20260606_214915/candidates/current/W7TP_FIELD_ATLAS/gei_context/snapshot_outputs/gei_context_snapshot_20260601_012517.md	RECOVERY_ARTIFACT_HOLD	RECOVERY_EVIDENCE_WORKCELL	REVIEW_COMMIT_INDEX_OR_ARCHIVE	recovery artifact
recovery_program_nl_question_completion_20260606_214915/candidates/current/W7TP_FIELD_ATLAS/gei_context/snapshot_outputs/gei_context_snapshot_20260601_012517.yaml	RECOVERY_ARTIFACT_HOLD	RECOVERY_EVIDENCE_WORKCELL	REVIEW_COMMIT_INDEX_OR_ARCHIVE	recovery artifact
recovery_program_nl_question_completion_20260606_214915/candidates/current/W7TP_FIELD_ATLAS/gei_context/snapshot_outputs/latest_gei_context_snapshot.md	RECOVERY_ARTIFACT_HOLD	RECOVERY_EVIDENCE_WORKCELL	REVIEW_COMMIT_INDEX_OR_ARCHIVE	recovery artifact
recovery_program_nl_question_completion_20260606_214915/candidates/current/W7TP_FIELD_ATLAS/gei_context/snapshot_outputs/latest_gei_context_snapshot.yaml	RECOVERY_ARTIFACT_HOLD	RECOVERY_EVIDENCE_WORKCELL	REVIEW_COMMIT_INDEX_OR_ARCHIVE	recovery artifact
recovery_program_nl_question_completion_20260606_214915/candidates/current/W7TP_FIELD_ATLAS/gei_context/snapshot_plans/W7TP_GEI_SNAPSHOT_GENERATOR_PLAN_V1.yaml	RECOVERY_ARTIFACT_HOLD	RECOVERY_EVIDENCE_WORKCELL	REVIEW_COMMIT_INDEX_OR_ARCHIVE	recovery artifact
recovery_program_nl_question_completion_20260606_214915/candidates/current/W7TP_FIELD_ATLAS/gei_context/source_maps/W7TP_GEI_SOURCE_OF_TRUTH_MAP_V1.yaml	RECOVERY_ARTIFACT_HOLD	RECOVERY_EVIDENCE_WORKCELL	REVIEW_COMMIT_INDEX_OR_ARCHIVE	recovery artifact
recovery_program_nl_question_completion_20260606_214915/candidates/current/W7TP_FIELD_ATLAS/gei_context/task_boards/W7TP_GEI_CONTEXT_TASK_BOARD_V1.yaml	RECOVERY_ARTIFACT_HOLD	RECOVERY_EVIDENCE_WORKCELL	REVIEW_COMMIT_INDEX_OR_ARCHIVE	recovery artifact
recovery_program_nl_question_completion_20260606_214915/candidates/current/W7TP_FIELD_ATLAS/gei_context/twin_compare/W7TP_GEI_TWIN_SYSTEM_COMPARE_PACKET_V1.yaml	RECOVERY_ARTIFACT_HOLD	RECOVERY_EVIDENCE_WORKCELL	REVIEW_COMMIT_INDEX_OR_ARCHIVE	recovery artifact
recovery_program_nl_question_completion_20260606_214915/candidates/current/W7TP_FIELD_ATLAS/git_space_architecture_v1.yaml	RECOVERY_ARTIFACT_HOLD	RECOVERY_EVIDENCE_WORKCELL	REVIEW_COMMIT_INDEX_OR_ARCHIVE	recovery artifact
recovery_program_nl_question_completion_20260606_214915/candidates/current/W7TP_FIELD_ATLAS/member_registration/W7TP_MEMBER_REGISTRATION_API_PACKET_V1.yaml	RECOVERY_ARTIFACT_HOLD	RECOVERY_EVIDENCE_WORKCELL	REVIEW_COMMIT_INDEX_OR_ARCHIVE	recovery artifact
recovery_program_nl_question_completion_20260606_214915/candidates/current/W7TP_FIELD_ATLAS/member_registration/W7TP_MEMBER_REGISTRATION_ODOO_MODEL_SPEC_V1.yaml	RECOVERY_ARTIFACT_HOLD	RECOVERY_EVIDENCE_WORKCELL	REVIEW_COMMIT_INDEX_OR_ARCHIVE	recovery artifact
recovery_program_nl_question_completion_20260606_214915/candidates/current/W7TP_FIELD_ATLAS/namespace_policies/WUCHANG_NAMESPACE_CANONICAL_POLICY_V1.yaml	RECOVERY_ARTIFACT_HOLD	RECOVERY_EVIDENCE_WORKCELL	REVIEW_COMMIT_INDEX_OR_ARCHIVE	recovery artifact
recovery_program_nl_question_completion_20260606_214915/candidates/current/W7TP_FIELD_ATLAS/odoo_container_file_universe_v0_1.yaml	RECOVERY_ARTIFACT_HOLD	RECOVERY_EVIDENCE_WORKCELL	REVIEW_COMMIT_INDEX_OR_ARCHIVE	recovery artifact
recovery_program_nl_question_completion_20260606_214915/candidates/current/W7TP_FIELD_ATLAS/registries/WUCHANG_SUB_UNIVERSE_REGISTRY_V1.yaml	RECOVERY_ARTIFACT_HOLD	RECOVERY_EVIDENCE_WORKCELL	REVIEW_COMMIT_INDEX_OR_ARCHIVE	recovery artifact
recovery_program_nl_question_completion_20260606_214915/candidates/current/W7TP_FIELD_ATLAS/registry_reports/WUCHANG_REGISTRY_STATUS_REPORT_TEMPLATE_V1.yaml	RECOVERY_ARTIFACT_HOLD	RECOVERY_EVIDENCE_WORKCELL	REVIEW_COMMIT_INDEX_OR_ARCHIVE	recovery artifact
recovery_program_nl_question_completion_20260606_214915/candidates/current/W7TP_FIELD_ATLAS/registry_reports/latest_duplicate_development_audit.md	RECOVERY_ARTIFACT_HOLD	RECOVERY_EVIDENCE_WORKCELL	REVIEW_COMMIT_INDEX_OR_ARCHIVE	recovery artifact
recovery_program_nl_question_completion_20260606_214915/candidates/current/W7TP_FIELD_ATLAS/registry_validators/WUCHANG_REGISTRY_INTEGRITY_VALIDATOR_V1.yaml	RECOVERY_ARTIFACT_HOLD	RECOVERY_EVIDENCE_WORKCELL	REVIEW_COMMIT_INDEX_OR_ARCHIVE	recovery artifact
recovery_program_nl_question_completion_20260606_214915/candidates/current/W7TP_FIELD_ATLAS/review_policies/W7TP_XIAOJ_PRE_REVIEW_OPINION_RULE_V1.yaml	RECOVERY_ARTIFACT_HOLD	RECOVERY_EVIDENCE_WORKCELL	REVIEW_COMMIT_INDEX_OR_ARCHIVE	recovery artifact
recovery_program_nl_question_completion_20260606_214915/candidates/current/W7TP_FIELD_ATLAS/review_upgrade/patch_plans/P1_P2_XIAOJ_PRE_REVIEW_TARGETED_PATCH_PLAN_V1.yaml	RECOVERY_ARTIFACT_HOLD	RECOVERY_EVIDENCE_WORKCELL	REVIEW_COMMIT_INDEX_OR_ARCHIVE	recovery artifact
recovery_program_nl_question_completion_20260606_214915/candidates/current/W7TP_FIELD_ATLAS/rollback_plans/TAIJI01_PM3_ROLLBACK_POINT_PLAN_V1.yaml	RECOVERY_ARTIFACT_HOLD	RECOVERY_EVIDENCE_WORKCELL	REVIEW_COMMIT_INDEX_OR_ARCHIVE	recovery artifact
recovery_program_nl_question_completion_20260606_214915/candidates/current/W7TP_FIELD_ATLAS/rollback_plans/W7TP_RUNTIME_ROLLBACK_POLICY_V1.yaml	RECOVERY_ARTIFACT_HOLD	RECOVERY_EVIDENCE_WORKCELL	REVIEW_COMMIT_INDEX_OR_ARCHIVE	recovery artifact
recovery_program_nl_question_completion_20260606_214915/candidates/current/W7TP_FIELD_ATLAS/service_flows/W7TP_MERCHANT_CONTACT_SERVICE_FLOW_V1.yaml	RECOVERY_ARTIFACT_HOLD	RECOVERY_EVIDENCE_WORKCELL	REVIEW_COMMIT_INDEX_OR_ARCHIVE	recovery artifact
recovery_program_nl_question_completion_20260606_214915/candidates/current/W7TP_FIELD_ATLAS/source_links/T081_SOURCE_OF_TRUTH_CANONICAL_TABLE.yaml	RECOVERY_ARTIFACT_HOLD	RECOVERY_EVIDENCE_WORKCELL	REVIEW_COMMIT_INDEX_OR_ARCHIVE	recovery artifact
recovery_program_nl_question_completion_20260606_214915/candidates/current/W7TP_FIELD_ATLAS/source_links/XIAOJ_SOURCE_LINK_RECONCILIATION_20260601_154508.yaml	RECOVERY_ARTIFACT_HOLD	RECOVERY_EVIDENCE_WORKCELL	REVIEW_COMMIT_INDEX_OR_ARCHIVE	recovery artifact
recovery_program_nl_question_completion_20260606_214915/candidates/current/W7TP_FIELD_ATLAS/sub_universe_candidates/T082_CANDIDATE_SUB_UNIVERSE_MOUNT_REVIEW.yaml	RECOVERY_ARTIFACT_HOLD	RECOVERY_EVIDENCE_WORKCELL	REVIEW_COMMIT_INDEX_OR_ARCHIVE	recovery artifact
recovery_program_nl_question_completion_20260606_214915/candidates/current/W7TP_FIELD_ATLAS/sub_universes/SU_12_INTENT_STATE_FIELD_V1.yaml	RECOVERY_ARTIFACT_HOLD	RECOVERY_EVIDENCE_WORKCELL	REVIEW_COMMIT_INDEX_OR_ARCHIVE	recovery artifact
recovery_program_nl_question_completion_20260606_214915/candidates/current/W7TP_FIELD_ATLAS/sub_universes/SU_GEI_REASONING_UNIVERSE_V1.yaml	RECOVERY_ARTIFACT_HOLD	RECOVERY_EVIDENCE_WORKCELL	REVIEW_COMMIT_INDEX_OR_ARCHIVE	recovery artifact
recovery_program_nl_question_completion_20260606_214915/candidates/current/W7TP_FIELD_ATLAS/sync_plans/W7TP_TWIN_SYNC_ERROR_CORRECTION_PLAN_V2.yaml	RECOVERY_ARTIFACT_HOLD	RECOVERY_EVIDENCE_WORKCELL	REVIEW_COMMIT_INDEX_OR_ARCHIVE	recovery artifact
recovery_program_nl_question_completion_20260606_214915/candidates/current/W7TP_FIELD_ATLAS/sync_strategies/W7TP_MAINLINE_FILE_SYNC_STRATEGY_V1.yaml	RECOVERY_ARTIFACT_HOLD	RECOVERY_EVIDENCE_WORKCELL	REVIEW_COMMIT_INDEX_OR_ARCHIVE	recovery artifact
recovery_program_nl_question_completion_20260606_214915/candidates/current/W7TP_FIELD_ATLAS/task_board_policies/W7TP_TASK_BOARD_COMPRESSION_POLICY_V1.yaml	RECOVERY_ARTIFACT_HOLD	RECOVERY_EVIDENCE_WORKCELL	REVIEW_COMMIT_INDEX_OR_ARCHIVE	recovery artifact
recovery_program_nl_question_completion_20260606_214915/candidates/current/W7TP_FIELD_ATLAS/task_boards/W7TP_GOVERNED_HIVE_TASK_BOARD_V1.yaml	RECOVERY_ARTIFACT_HOLD	RECOVERY_EVIDENCE_WORKCELL	REVIEW_COMMIT_INDEX_OR_ARCHIVE	recovery artifact
recovery_program_nl_question_completion_20260606_214915/candidates/current/W7TP_FIELD_ATLAS/u13_u14_odoo_model_extract_v0_1.yaml	RECOVERY_ARTIFACT_HOLD	RECOVERY_EVIDENCE_WORKCELL	REVIEW_COMMIT_INDEX_OR_ARCHIVE	recovery artifact
recovery_program_nl_question_completion_20260606_214915/candidates/current/W7TP_FIELD_ATLAS/u13_u14_schema_v1.yaml	RECOVERY_ARTIFACT_HOLD	RECOVERY_EVIDENCE_WORKCELL	REVIEW_COMMIT_INDEX_OR_ARCHIVE	recovery artifact
recovery_program_nl_question_completion_20260606_214915/candidates/current/W7TP_FIELD_ATLAS/vision_field/W7TP_VISION_FIELD_CORE_V1.yaml	RECOVERY_ARTIFACT_HOLD	RECOVERY_EVIDENCE_WORKCELL	REVIEW_COMMIT_INDEX_OR_ARCHIVE	recovery artifact
recovery_program_nl_question_completion_20260606_214915/candidates/current/W7TP_FIELD_ATLAS/vision_field/W7TP_VISION_FIELD_INDEX_V1.yaml	RECOVERY_ARTIFACT_HOLD	RECOVERY_EVIDENCE_WORKCELL	REVIEW_COMMIT_INDEX_OR_ARCHIVE	recovery artifact
recovery_program_nl_question_completion_20260606_214915/candidates/current/W7TP_FIELD_ATLAS/vision_field/W7TP_VISION_FIELD_PACKET_SCHEMA_V1.yaml	RECOVERY_ARTIFACT_HOLD	RECOVERY_EVIDENCE_WORKCELL	REVIEW_COMMIT_INDEX_OR_ARCHIVE	recovery artifact
recovery_program_nl_question_completion_20260606_214915/candidates/current/W7TP_FIELD_ATLAS/vision_field/W7TP_VISION_FIELD_ROUTING_POLICY_V1.yaml	RECOVERY_ARTIFACT_HOLD	RECOVERY_EVIDENCE_WORKCELL	REVIEW_COMMIT_INDEX_OR_ARCHIVE	recovery artifact
recovery_program_nl_question_completion_20260606_214915/candidates/current/W7TP_FIELD_ATLAS/vision_field/W7TP_VISION_FIELD_TO_12_FIELDS_MAP_V1.yaml	RECOVERY_ARTIFACT_HOLD	RECOVERY_EVIDENCE_WORKCELL	REVIEW_COMMIT_INDEX_OR_ARCHIVE	recovery artifact
recovery_program_nl_question_completion_20260606_214915/candidates/current/Wuchang_Hexagram_State_Protocol_Open_20260523_194932/README.md	RECOVERY_ARTIFACT_HOLD	RECOVERY_EVIDENCE_WORKCELL	REVIEW_COMMIT_INDEX_OR_ARCHIVE	recovery artifact
recovery_program_nl_question_completion_20260606_214915/candidates/current/Wuchang_Unified_Core/01_Cloud_Core/jules_cloud_api.py	RECOVERY_ARTIFACT_HOLD	RECOVERY_EVIDENCE_WORKCELL	REVIEW_COMMIT_INDEX_OR_ARCHIVE	recovery artifact
recovery_program_nl_question_completion_20260606_214915/candidates/current/Wuchang_Unified_Core/02_Edge_Nodes/taiji_router_node_5d.py	RECOVERY_ARTIFACT_HOLD	RECOVERY_EVIDENCE_WORKCELL	REVIEW_COMMIT_INDEX_OR_ARCHIVE	recovery artifact
recovery_program_nl_question_completion_20260606_214915/candidates/current/Wuchang_Unified_Core/02_Edge_Nodes/wuchang_ai_cerebellum.py	RECOVERY_ARTIFACT_HOLD	RECOVERY_EVIDENCE_WORKCELL	REVIEW_COMMIT_INDEX_OR_ARCHIVE	recovery artifact
recovery_program_nl_question_completion_20260606_214915/candidates/current/Wuchang_Unified_Core/03_UI_Interfaces/wuchang_community_system.html	RECOVERY_ARTIFACT_HOLD	RECOVERY_EVIDENCE_WORKCELL	REVIEW_COMMIT_INDEX_OR_ARCHIVE	recovery artifact
recovery_program_nl_question_completion_20260606_214915/candidates/current/XIAOJ_CONVERGENCE_REVIEW.yaml	RECOVERY_ARTIFACT_HOLD	RECOVERY_EVIDENCE_WORKCELL	REVIEW_COMMIT_INDEX_OR_ARCHIVE	recovery artifact
recovery_program_nl_question_completion_20260606_214915/candidates/current/_handoff/gemini_ui_materials_20260602_131237/field_atlas/member_registration/W7TP_MEMBER_REGISTRATION_API_PACKET_V1.yaml	RECOVERY_ARTIFACT_HOLD	RECOVERY_EVIDENCE_WORKCELL	REVIEW_COMMIT_INDEX_OR_ARCHIVE	recovery artifact
recovery_program_nl_question_completion_20260606_214915/candidates/current/_handoff/gemini_ui_materials_20260602_131237/field_atlas/member_registration/W7TP_MEMBER_REGISTRATION_ODOO_MODEL_SPEC_V1.yaml	RECOVERY_ARTIFACT_HOLD	RECOVERY_EVIDENCE_WORKCELL	REVIEW_COMMIT_INDEX_OR_ARCHIVE	recovery artifact
recovery_program_nl_question_completion_20260606_214915/candidates/current/_handoff/gemini_ui_materials_20260602_131237/module/wuchang_member_registration/models/member_registration.py	RECOVERY_ARTIFACT_HOLD	RECOVERY_EVIDENCE_WORKCELL	REVIEW_COMMIT_INDEX_OR_ARCHIVE	recovery artifact
recovery_program_nl_question_completion_20260606_214915/candidates/current/_handoff/gemini_ui_materials_20260602_131300/field_atlas/member_registration/W7TP_MEMBER_REGISTRATION_API_PACKET_V1.yaml	RECOVERY_ARTIFACT_HOLD	RECOVERY_EVIDENCE_WORKCELL	REVIEW_COMMIT_INDEX_OR_ARCHIVE	recovery artifact
recovery_program_nl_question_completion_20260606_214915/candidates/current/_handoff/gemini_ui_materials_20260602_131300/field_atlas/member_registration/W7TP_MEMBER_REGISTRATION_ODOO_MODEL_SPEC_V1.yaml	RECOVERY_ARTIFACT_HOLD	RECOVERY_EVIDENCE_WORKCELL	REVIEW_COMMIT_INDEX_OR_ARCHIVE	recovery artifact
recovery_program_nl_question_completion_20260606_214915/candidates/current/_handoff/gemini_ui_materials_20260602_131300/module/wuchang_member_registration/models/member_registration.py	RECOVERY_ARTIFACT_HOLD	RECOVERY_EVIDENCE_WORKCELL	REVIEW_COMMIT_INDEX_OR_ARCHIVE	recovery artifact
recovery_program_nl_question_completion_20260606_214915/candidates/current/_handoff/gemini_ui_materials_20260602_131313/field_atlas/member_registration/W7TP_MEMBER_REGISTRATION_API_PACKET_V1.yaml	RECOVERY_ARTIFACT_HOLD	RECOVERY_EVIDENCE_WORKCELL	REVIEW_COMMIT_INDEX_OR_ARCHIVE	recovery artifact
recovery_program_nl_question_completion_20260606_214915/candidates/current/_handoff/gemini_ui_materials_20260602_131313/field_atlas/member_registration/W7TP_MEMBER_REGISTRATION_ODOO_MODEL_SPEC_V1.yaml	RECOVERY_ARTIFACT_HOLD	RECOVERY_EVIDENCE_WORKCELL	REVIEW_COMMIT_INDEX_OR_ARCHIVE	recovery artifact
recovery_program_nl_question_completion_20260606_214915/candidates/current/_handoff/gemini_ui_materials_20260602_131313/module/wuchang_member_registration/models/member_registration.py	RECOVERY_ARTIFACT_HOLD	RECOVERY_EVIDENCE_WORKCELL	REVIEW_COMMIT_INDEX_OR_ARCHIVE	recovery artifact
recovery_program_nl_question_completion_20260606_214915/candidates/current/_handoff/gemini_ui_materials_20260602_155100/field_atlas/member_registration/W7TP_MEMBER_REGISTRATION_API_PACKET_V1.yaml	RECOVERY_ARTIFACT_HOLD	RECOVERY_EVIDENCE_WORKCELL	REVIEW_COMMIT_INDEX_OR_ARCHIVE	recovery artifact
recovery_program_nl_question_completion_20260606_214915/candidates/current/_handoff/gemini_ui_materials_20260602_155100/field_atlas/member_registration/W7TP_MEMBER_REGISTRATION_ODOO_MODEL_SPEC_V1.yaml	RECOVERY_ARTIFACT_HOLD	RECOVERY_EVIDENCE_WORKCELL	REVIEW_COMMIT_INDEX_OR_ARCHIVE	recovery artifact
recovery_program_nl_question_completion_20260606_214915/candidates/current/_handoff/gemini_ui_materials_20260602_155100/module/wuchang_member_registration/models/member_registration.py	RECOVERY_ARTIFACT_HOLD	RECOVERY_EVIDENCE_WORKCELL	REVIEW_COMMIT_INDEX_OR_ARCHIVE	recovery artifact
recovery_program_nl_question_completion_20260606_214915/candidates/current/_handoff/p1_member_portal_shell_20260602_154845/portal_templates.xml	RECOVERY_ARTIFACT_HOLD	RECOVERY_EVIDENCE_WORKCELL	REVIEW_COMMIT_INDEX_OR_ARCHIVE	recovery artifact
recovery_program_nl_question_completion_20260606_214915/candidates/current/_handoff/p1_ui_patch_hold_20260602_162032/portal_templates.xml	RECOVERY_ARTIFACT_HOLD	RECOVERY_EVIDENCE_WORKCELL	REVIEW_COMMIT_INDEX_OR_ARCHIVE	recovery artifact
recovery_program_nl_question_completion_20260606_214915/candidates/current/_imports/wuchang-ai-main/wuchang-ai-main/codex/prompts/linux_workspace_transfer_metric_tensor_prompt.md	RECOVERY_ARTIFACT_HOLD	RECOVERY_EVIDENCE_WORKCELL	REVIEW_COMMIT_INDEX_OR_ARCHIVE	recovery artifact
recovery_program_nl_question_completion_20260606_214915/candidates/current/_imports/wuchang-ai-main/wuchang-ai-main/docs/ai-civic-runtime/governed-prosocial-runtime.md	RECOVERY_ARTIFACT_HOLD	RECOVERY_EVIDENCE_WORKCELL	REVIEW_COMMIT_INDEX_OR_ARCHIVE	recovery artifact
recovery_program_nl_question_completion_20260606_214915/candidates/current/_imports/wuchang-ai-main/wuchang-ai-main/docs/governance/user_sovereign_ai_metric_constitution.md	RECOVERY_ARTIFACT_HOLD	RECOVERY_EVIDENCE_WORKCELL	REVIEW_COMMIT_INDEX_OR_ARCHIVE	recovery artifact
recovery_program_nl_question_completion_20260606_214915/candidates/current/_imports/wuchang-ai-main/wuchang-ai-main/docs/sovereign-ai-runtime/user_sovereign_ai_compute_pool_2026-05-16.md	RECOVERY_ARTIFACT_HOLD	RECOVERY_EVIDENCE_WORKCELL	REVIEW_COMMIT_INDEX_OR_ARCHIVE	recovery artifact
recovery_program_nl_question_completion_20260606_214915/candidates/current/_imports/wuchang-ai-main/wuchang-ai-main/wuchang_comm_incub/models/volunteer_task.py	RECOVERY_ARTIFACT_HOLD	RECOVERY_EVIDENCE_WORKCELL	REVIEW_COMMIT_INDEX_OR_ARCHIVE	recovery artifact
recovery_program_nl_question_completion_20260606_214915/candidates/current/_imports/wuchang-ai-main/wuchang-ai-main/wuchang_comm_incub/security/ir.model.access.csv	RECOVERY_ARTIFACT_HOLD	RECOVERY_EVIDENCE_WORKCELL	REVIEW_COMMIT_INDEX_OR_ARCHIVE	recovery artifact
recovery_program_nl_question_completion_20260606_214915/candidates/current/_imports/wuchang-ai-main/wuchang-ai-main/wuchang_comm_incub/views/wuchang_views.xml	RECOVERY_ARTIFACT_HOLD	RECOVERY_EVIDENCE_WORKCELL	REVIEW_COMMIT_INDEX_OR_ARCHIVE	recovery artifact
recovery_program_nl_question_completion_20260606_214915/candidates/current/_imports/wuchang-ai-main/wuchang-ai-main/wuchang_m1_property/models/property_request.py	RECOVERY_ARTIFACT_HOLD	RECOVERY_EVIDENCE_WORKCELL	REVIEW_COMMIT_INDEX_OR_ARCHIVE	recovery artifact
recovery_program_nl_question_completion_20260606_214915/candidates/current/_imports/wuchang-ai-main/wuchang-ai-main/wuchang_m1_property/views/property_request_views.xml	RECOVERY_ARTIFACT_HOLD	RECOVERY_EVIDENCE_WORKCELL	REVIEW_COMMIT_INDEX_OR_ARCHIVE	recovery artifact
recovery_program_nl_question_completion_20260606_214915/candidates/current/benchmarks/metric_tensor_io_eval.py	RECOVERY_ARTIFACT_HOLD	RECOVERY_EVIDENCE_WORKCELL	REVIEW_COMMIT_INDEX_OR_ARCHIVE	recovery artifact
recovery_program_nl_question_completion_20260606_214915/candidates/current/benchmarks/metric_tensor_io_eval_v2.py	RECOVERY_ARTIFACT_HOLD	RECOVERY_EVIDENCE_WORKCELL	REVIEW_COMMIT_INDEX_OR_ARCHIVE	recovery artifact
recovery_program_nl_question_completion_20260606_214915/candidates/current/bin/7d-formation-packet-test	RECOVERY_ARTIFACT_HOLD	RECOVERY_EVIDENCE_WORKCELL	REVIEW_COMMIT_INDEX_OR_ARCHIVE	recovery artifact
recovery_program_nl_question_completion_20260606_214915/candidates/current/bin/taiji-system-probe	RECOVERY_ARTIFACT_HOLD	RECOVERY_EVIDENCE_WORKCELL	REVIEW_COMMIT_INDEX_OR_ARCHIVE	recovery artifact
recovery_program_nl_question_completion_20260606_214915/candidates/current/commander/config/node_sync_policy.json	RECOVERY_ARTIFACT_HOLD	RECOVERY_EVIDENCE_WORKCELL	REVIEW_COMMIT_INDEX_OR_ARCHIVE	recovery artifact
recovery_program_nl_question_completion_20260606_214915/candidates/current/configs/cloud/cloud_provider_adapter_contract.template.json	RECOVERY_ARTIFACT_HOLD	RECOVERY_EVIDENCE_WORKCELL	REVIEW_COMMIT_INDEX_OR_ARCHIVE	recovery artifact
recovery_program_nl_question_completion_20260606_214915/candidates/current/configs/cloud/local_xiaoj_cloud_api_broker_dryrun.template.json	RECOVERY_ARTIFACT_HOLD	RECOVERY_EVIDENCE_WORKCELL	REVIEW_COMMIT_INDEX_OR_ARCHIVE	recovery artifact
recovery_program_nl_question_completion_20260606_214915/candidates/current/configs/community_3d_map_topology.yaml	RECOVERY_ARTIFACT_HOLD	RECOVERY_EVIDENCE_WORKCELL	REVIEW_COMMIT_INDEX_OR_ARCHIVE	recovery artifact
recovery_program_nl_question_completion_20260606_214915/candidates/current/configs/containers/container_offload_registry.template.json	RECOVERY_ARTIFACT_HOLD	RECOVERY_EVIDENCE_WORKCELL	REVIEW_COMMIT_INDEX_OR_ARCHIVE	recovery artifact
recovery_program_nl_question_completion_20260606_214915/candidates/current/configs/containers/wuchang_indexer_oneshot_job.template.json	RECOVERY_ARTIFACT_HOLD	RECOVERY_EVIDENCE_WORKCELL	REVIEW_COMMIT_INDEX_OR_ARCHIVE	recovery artifact
recovery_program_nl_question_completion_20260606_214915/candidates/current/configs/dead_letter_canonical_map.yaml	RECOVERY_ARTIFACT_HOLD	RECOVERY_EVIDENCE_WORKCELL	REVIEW_COMMIT_INDEX_OR_ARCHIVE	recovery artifact
recovery_program_nl_question_completion_20260606_214915/candidates/current/configs/dev/w7tp_local_7d_automation_smoke_gate.template.json	RECOVERY_ARTIFACT_HOLD	RECOVERY_EVIDENCE_WORKCELL	REVIEW_COMMIT_INDEX_OR_ARCHIVE	recovery artifact
recovery_program_nl_question_completion_20260606_214915/candidates/current/configs/dev/w7tp_local_7d_automation_smoke_runner.template.json	RECOVERY_ARTIFACT_HOLD	RECOVERY_EVIDENCE_WORKCELL	REVIEW_COMMIT_INDEX_OR_ARCHIVE	recovery artifact
recovery_program_nl_question_completion_20260606_214915/candidates/current/configs/dev/w7tp_nl_to_7d_task_packet.template.json	RECOVERY_ARTIFACT_HOLD	RECOVERY_EVIDENCE_WORKCELL	REVIEW_COMMIT_INDEX_OR_ARCHIVE	recovery artifact
recovery_program_nl_question_completion_20260606_214915/candidates/current/configs/dev/w7tp_tri_party_7d_runtime_dryrun.template.json	RECOVERY_ARTIFACT_HOLD	RECOVERY_EVIDENCE_WORKCELL	REVIEW_COMMIT_INDEX_OR_ARCHIVE	recovery artifact
recovery_program_nl_question_completion_20260606_214915/candidates/current/configs/dev/xiaoj_converged_governance_architecture.template.json	RECOVERY_ARTIFACT_HOLD	RECOVERY_EVIDENCE_WORKCELL	REVIEW_COMMIT_INDEX_OR_ARCHIVE	recovery artifact
recovery_program_nl_question_completion_20260606_214915/candidates/current/configs/ip/wuchang_project_source_manifest.template.json	RECOVERY_ARTIFACT_HOLD	RECOVERY_EVIDENCE_WORKCELL	REVIEW_COMMIT_INDEX_OR_ARCHIVE	recovery artifact
recovery_program_nl_question_completion_20260606_214915/candidates/current/configs/odoo/relative_identity_7d_code_spec.v1.json	RECOVERY_ARTIFACT_HOLD	RECOVERY_EVIDENCE_WORKCELL	REVIEW_COMMIT_INDEX_OR_ARCHIVE	recovery artifact
recovery_program_nl_question_completion_20260606_214915/candidates/current/configs/packets/tri_party_7d_packet.template.json	RECOVERY_ARTIFACT_HOLD	RECOVERY_EVIDENCE_WORKCELL	REVIEW_COMMIT_INDEX_OR_ARCHIVE	recovery artifact
recovery_program_nl_question_completion_20260606_214915/candidates/current/configs/taiji_sync_vpn_endpoints.yaml	RECOVERY_ARTIFACT_HOLD	RECOVERY_EVIDENCE_WORKCELL	REVIEW_COMMIT_INDEX_OR_ARCHIVE	recovery artifact
recovery_program_nl_question_completion_20260606_214915/candidates/current/configs/taiji_topology.json	RECOVERY_ARTIFACT_HOLD	RECOVERY_EVIDENCE_WORKCELL	REVIEW_COMMIT_INDEX_OR_ARCHIVE	recovery artifact
recovery_program_nl_question_completion_20260606_214915/candidates/current/contexts/current/AI_CURRENT_STATE.mtl.json	RECOVERY_ARTIFACT_HOLD	RECOVERY_EVIDENCE_WORKCELL	REVIEW_COMMIT_INDEX_OR_ARCHIVE	recovery artifact
recovery_program_nl_question_completion_20260606_214915/candidates/current/contexts/current/STATUS_ONLY.md	RECOVERY_ARTIFACT_HOLD	RECOVERY_EVIDENCE_WORKCELL	REVIEW_COMMIT_INDEX_OR_ARCHIVE	recovery artifact
recovery_program_nl_question_completion_20260606_214915/candidates/current/core/carbon/wuchang_carbon_accounting.py	RECOVERY_ARTIFACT_HOLD	RECOVERY_EVIDENCE_WORKCELL	REVIEW_COMMIT_INDEX_OR_ARCHIVE	recovery artifact
recovery_program_nl_question_completion_20260606_214915/candidates/current/core/cloud/cloud_model_router.py	RECOVERY_ARTIFACT_HOLD	RECOVERY_EVIDENCE_WORKCELL	REVIEW_COMMIT_INDEX_OR_ARCHIVE	recovery artifact
recovery_program_nl_question_completion_20260606_214915/candidates/current/core/demo/dual_path_carbon_demo.py	RECOVERY_ARTIFACT_HOLD	RECOVERY_EVIDENCE_WORKCELL	REVIEW_COMMIT_INDEX_OR_ARCHIVE	recovery artifact
recovery_program_nl_question_completion_20260606_214915/candidates/current/core/hippocampus/ai_hippocampus.py	RECOVERY_ARTIFACT_HOLD	RECOVERY_EVIDENCE_WORKCELL	REVIEW_COMMIT_INDEX_OR_ARCHIVE	recovery artifact
recovery_program_nl_question_completion_20260606_214915/candidates/current/core/intent_field/wuchang_citycode_engine.py	RECOVERY_ARTIFACT_HOLD	RECOVERY_EVIDENCE_WORKCELL	REVIEW_COMMIT_INDEX_OR_ARCHIVE	recovery artifact
recovery_program_nl_question_completion_20260606_214915/candidates/current/dashboard/preview.html	RECOVERY_ARTIFACT_HOLD	RECOVERY_EVIDENCE_WORKCELL	REVIEW_COMMIT_INDEX_OR_ARCHIVE	recovery artifact
recovery_program_nl_question_completion_20260606_214915/candidates/current/dashboard/system-module-progress.html	RECOVERY_ARTIFACT_HOLD	RECOVERY_EVIDENCE_WORKCELL	REVIEW_COMMIT_INDEX_OR_ARCHIVE	recovery artifact
recovery_program_nl_question_completion_20260606_214915/candidates/current/dashboard/system-module-progress.json	RECOVERY_ARTIFACT_HOLD	RECOVERY_EVIDENCE_WORKCELL	REVIEW_COMMIT_INDEX_OR_ARCHIVE	recovery artifact
recovery_program_nl_question_completion_20260606_214915/candidates/current/data/host_runner_results/20260508_150454_diag-readonly-001.json	RECOVERY_ARTIFACT_HOLD	RECOVERY_EVIDENCE_WORKCELL	REVIEW_COMMIT_INDEX_OR_ARCHIVE	recovery artifact
recovery_program_nl_question_completion_20260606_214915/candidates/current/deploy/migration/multi_target_dependency_migration_v0_1/ASSOCIATION_DATA_AUTHORITY_MATRIX.md	RECOVERY_ARTIFACT_HOLD	RECOVERY_EVIDENCE_WORKCELL	REVIEW_COMMIT_INDEX_OR_ARCHIVE	recovery artifact
recovery_program_nl_question_completion_20260606_214915/candidates/current/deploy/migration/multi_target_dependency_migration_v0_1/ORG_SHARED_CLOUD_POLICY.md	RECOVERY_ARTIFACT_HOLD	RECOVERY_EVIDENCE_WORKCELL	REVIEW_COMMIT_INDEX_OR_ARCHIVE	recovery artifact
recovery_program_nl_question_completion_20260606_214915/candidates/current/deploy/migration/multi_target_dependency_migration_v0_1/PREPARE_ORG_SHARED_STAGING.sh	RECOVERY_ARTIFACT_HOLD	RECOVERY_EVIDENCE_WORKCELL	REVIEW_COMMIT_INDEX_OR_ARCHIVE	recovery artifact
recovery_program_nl_question_completion_20260606_214915/candidates/current/deploy/migration/multi_target_dependency_migration_v0_1/STORAGE_BOUNDARY_POLICY_V2_C_DRIVE_SCENARIO.md	RECOVERY_ARTIFACT_HOLD	RECOVERY_EVIDENCE_WORKCELL	REVIEW_COMMIT_INDEX_OR_ARCHIVE	recovery artifact
recovery_program_nl_question_completion_20260606_214915/candidates/current/deploy/migration/multi_target_dependency_migration_v0_1/STORAGE_BOUNDARY_POLICY_V3_ASSOCIATION_AUTHORITY.md	RECOVERY_ARTIFACT_HOLD	RECOVERY_EVIDENCE_WORKCELL	REVIEW_COMMIT_INDEX_OR_ARCHIVE	recovery artifact
recovery_program_nl_question_completion_20260606_214915/candidates/current/deploy/packages/taiji01_topology_brain_transfer_v0_1/Modelfile.metric_language_gateway_ai.taiji01	RECOVERY_ARTIFACT_HOLD	RECOVERY_EVIDENCE_WORKCELL	REVIEW_COMMIT_INDEX_OR_ARCHIVE	recovery artifact
recovery_program_nl_question_completion_20260606_214915/candidates/current/deploy_jules.sh	RECOVERY_ARTIFACT_HOLD	RECOVERY_EVIDENCE_WORKCELL	REVIEW_COMMIT_INDEX_OR_ARCHIVE	recovery artifact
recovery_program_nl_question_completion_20260606_214915/candidates/current/docs/7d_bagua_metric_language.md	RECOVERY_ARTIFACT_HOLD	RECOVERY_EVIDENCE_WORKCELL	REVIEW_COMMIT_INDEX_OR_ARCHIVE	recovery artifact
recovery_program_nl_question_completion_20260606_214915/candidates/current/docs/design/SISTER_J_TRANSPARENT_BUILD_MODE.md	RECOVERY_ARTIFACT_HOLD	RECOVERY_EVIDENCE_WORKCELL	REVIEW_COMMIT_INDEX_OR_ARCHIVE	recovery artifact
recovery_program_nl_question_completion_20260606_214915/candidates/current/docs/design/W7TP_LITE_MVP_SPEC.md	RECOVERY_ARTIFACT_HOLD	RECOVERY_EVIDENCE_WORKCELL	REVIEW_COMMIT_INDEX_OR_ARCHIVE	recovery artifact
recovery_program_nl_question_completion_20260606_214915/candidates/current/docs/design/W7TP_SIMILAR_TECH_OPTIMIZATION.md	RECOVERY_ARTIFACT_HOLD	RECOVERY_EVIDENCE_WORKCELL	REVIEW_COMMIT_INDEX_OR_ARCHIVE	recovery artifact
recovery_program_nl_question_completion_20260606_214915/candidates/current/docs/design/XIAOJ_LINE_RESIDENT_ENTRY_MVP.md	RECOVERY_ARTIFACT_HOLD	RECOVERY_EVIDENCE_WORKCELL	REVIEW_COMMIT_INDEX_OR_ARCHIVE	recovery artifact
recovery_program_nl_question_completion_20260606_214915/candidates/current/docs/distributed_voice_nodes.md	RECOVERY_ARTIFACT_HOLD	RECOVERY_EVIDENCE_WORKCELL	REVIEW_COMMIT_INDEX_OR_ARCHIVE	recovery artifact
recovery_program_nl_question_completion_20260606_214915/candidates/current/docs/governance/EAMTP_7D_INTERNAL_LANGUAGE_SPEC.md	RECOVERY_ARTIFACT_HOLD	RECOVERY_EVIDENCE_WORKCELL	REVIEW_COMMIT_INDEX_OR_ARCHIVE	recovery artifact
recovery_program_nl_question_completion_20260606_214915/candidates/current/docs/governance/W7TP_CLOUD_PROVIDER_ADAPTER_CONTRACT.md	RECOVERY_ARTIFACT_HOLD	RECOVERY_EVIDENCE_WORKCELL	REVIEW_COMMIT_INDEX_OR_ARCHIVE	recovery artifact
recovery_program_nl_question_completion_20260606_214915/candidates/current/docs/governance/W7TP_CONTAINER_SERVER_OFFLOAD_PLAN.md	RECOVERY_ARTIFACT_HOLD	RECOVERY_EVIDENCE_WORKCELL	REVIEW_COMMIT_INDEX_OR_ARCHIVE	recovery artifact
recovery_program_nl_question_completion_20260606_214915/candidates/current/docs/governance/W7TP_HA_MESH_PLAN_ONLY.md	RECOVERY_ARTIFACT_HOLD	RECOVERY_EVIDENCE_WORKCELL	REVIEW_COMMIT_INDEX_OR_ARCHIVE	recovery artifact
recovery_program_nl_question_completion_20260606_214915/candidates/current/docs/governance/W7TP_INDEXER_SERVER_DEPLOYMENT_CHECKLIST.md	RECOVERY_ARTIFACT_HOLD	RECOVERY_EVIDENCE_WORKCELL	REVIEW_COMMIT_INDEX_OR_ARCHIVE	recovery artifact
recovery_program_nl_question_completion_20260606_214915/candidates/current/docs/governance/W7TP_INDEXER_SERVER_DRYRUN_RECORD.md	RECOVERY_ARTIFACT_HOLD	RECOVERY_EVIDENCE_WORKCELL	REVIEW_COMMIT_INDEX_OR_ARCHIVE	recovery artifact
recovery_program_nl_question_completion_20260606_214915/candidates/current/docs/governance/W7TP_LOCAL_XIAOJ_CLOUD_API_BROKER_DRYRUN.md	RECOVERY_ARTIFACT_HOLD	RECOVERY_EVIDENCE_WORKCELL	REVIEW_COMMIT_INDEX_OR_ARCHIVE	recovery artifact
recovery_program_nl_question_completion_20260606_214915/candidates/current/docs/governance/W7TP_NL_TO_7D_TASK_PACKET_GENERATOR.md	RECOVERY_ARTIFACT_HOLD	RECOVERY_EVIDENCE_WORKCELL	REVIEW_COMMIT_INDEX_OR_ARCHIVE	recovery artifact
recovery_program_nl_question_completion_20260606_214915/candidates/current/docs/governance/W7TP_TRI_PARTY_7D_PACKET_LANGUAGE_BRIDGE.md	RECOVERY_ARTIFACT_HOLD	RECOVERY_EVIDENCE_WORKCELL	REVIEW_COMMIT_INDEX_OR_ARCHIVE	recovery artifact
recovery_program_nl_question_completion_20260606_214915/candidates/current/docs/governance/XIAOJ_ADMIN_BLIND_PRIVACY_HARDWALL.md	RECOVERY_ARTIFACT_HOLD	RECOVERY_EVIDENCE_WORKCELL	REVIEW_COMMIT_INDEX_OR_ARCHIVE	recovery artifact
recovery_program_nl_question_completion_20260606_214915/candidates/current/docs/governance/XIAOJ_CONVERGED_GOVERNANCE_ARCHITECTURE.md	RECOVERY_ARTIFACT_HOLD	RECOVERY_EVIDENCE_WORKCELL	REVIEW_COMMIT_INDEX_OR_ARCHIVE	recovery artifact
recovery_program_nl_question_completion_20260606_214915/candidates/current/docs/governance/XIAOJ_VOLUNTEER_QUALIFICATION_POLICY.md	RECOVERY_ARTIFACT_HOLD	RECOVERY_EVIDENCE_WORKCELL	REVIEW_COMMIT_INDEX_OR_ARCHIVE	recovery artifact
recovery_program_nl_question_completion_20260606_214915/candidates/current/docs/ip/WUCHANG_PROJECT_SOURCE_INVENTORY.md	RECOVERY_ARTIFACT_HOLD	RECOVERY_EVIDENCE_WORKCELL	REVIEW_COMMIT_INDEX_OR_ARCHIVE	recovery artifact
recovery_program_nl_question_completion_20260606_214915/candidates/current/docs/legal/ASSOCIATION_BYLAW_AND_COMMUNITY_DEVELOPMENT_AUTHORITY.md	RECOVERY_ARTIFACT_HOLD	RECOVERY_EVIDENCE_WORKCELL	REVIEW_COMMIT_INDEX_OR_ARCHIVE	recovery artifact
recovery_program_nl_question_completion_20260606_214915/candidates/current/docs/odoo/ODOO_POS_OPEN_SOURCE_PACKAGE_AND_7D_IDENTITY_PLAN.md	RECOVERY_ARTIFACT_HOLD	RECOVERY_EVIDENCE_WORKCELL	REVIEW_COMMIT_INDEX_OR_ARCHIVE	recovery artifact
recovery_program_nl_question_completion_20260606_214915/candidates/current/docs/patent/TW-IF-02/appendix_A_wuchang_citycode_engine.py	RECOVERY_ARTIFACT_HOLD	RECOVERY_EVIDENCE_WORKCELL	REVIEW_COMMIT_INDEX_OR_ARCHIVE	recovery artifact
recovery_program_nl_question_completion_20260606_214915/candidates/current/docs/patent/TW-IF-02/appendix_A_wuchang_citycode_engine_msv_dev_srv.py	RECOVERY_ARTIFACT_HOLD	RECOVERY_EVIDENCE_WORKCELL	REVIEW_COMMIT_INDEX_OR_ARCHIVE	recovery artifact
recovery_program_nl_question_completion_20260606_214915/candidates/current/docs/patent/taiwan_patent_claims_v1.md	RECOVERY_ARTIFACT_HOLD	RECOVERY_EVIDENCE_WORKCELL	REVIEW_COMMIT_INDEX_OR_ARCHIVE	recovery artifact
recovery_program_nl_question_completion_20260606_214915/candidates/current/docs/patent/taiwan_patent_spec_v1.md	RECOVERY_ARTIFACT_HOLD	RECOVERY_EVIDENCE_WORKCELL	REVIEW_COMMIT_INDEX_OR_ARCHIVE	recovery artifact
recovery_program_nl_question_completion_20260606_214915/candidates/current/docs/patent/wuchang_sovereign_gateway_patent_draft_20260523_053242.md	RECOVERY_ARTIFACT_HOLD	RECOVERY_EVIDENCE_WORKCELL	REVIEW_COMMIT_INDEX_OR_ARCHIVE	recovery artifact
recovery_program_nl_question_completion_20260606_214915/candidates/current/docs/prefix/XIAOJ_BYLAW_COMMUNITY_DEVELOPMENT_CONCEPT.md	RECOVERY_ARTIFACT_HOLD	RECOVERY_EVIDENCE_WORKCELL	REVIEW_COMMIT_INDEX_OR_ARCHIVE	recovery artifact
recovery_program_nl_question_completion_20260606_214915/candidates/current/docs/project/PROJECT_CONTROL_BOARD.md	RECOVERY_ARTIFACT_HOLD	RECOVERY_EVIDENCE_WORKCELL	REVIEW_COMMIT_INDEX_OR_ARCHIVE	recovery artifact
recovery_program_nl_question_completion_20260606_214915/candidates/current/docs/project/PROJECT_DASHBOARD.html	RECOVERY_ARTIFACT_HOLD	RECOVERY_EVIDENCE_WORKCELL	REVIEW_COMMIT_INDEX_OR_ARCHIVE	recovery artifact
recovery_program_nl_question_completion_20260606_214915/candidates/current/docs/project/TASK_CARDS.md	RECOVERY_ARTIFACT_HOLD	RECOVERY_EVIDENCE_WORKCELL	REVIEW_COMMIT_INDEX_OR_ARCHIVE	recovery artifact
recovery_program_nl_question_completion_20260606_214915/candidates/current/docs/project/TASK_CARDS_COMPACT.md	RECOVERY_ARTIFACT_HOLD	RECOVERY_EVIDENCE_WORKCELL	REVIEW_COMMIT_INDEX_OR_ARCHIVE	recovery artifact
recovery_program_nl_question_completion_20260606_214915/candidates/current/docs/project/W7TP_007_VOLUNTEER_DELIVERY_STATUS.md	RECOVERY_ARTIFACT_HOLD	RECOVERY_EVIDENCE_WORKCELL	REVIEW_COMMIT_INDEX_OR_ARCHIVE	recovery artifact
recovery_program_nl_question_completion_20260606_214915/candidates/current/docs/project/W7TP_COMMUNITY_AI_MVP_CONTROL_SUMMARY_V1.md	RECOVERY_ARTIFACT_HOLD	RECOVERY_EVIDENCE_WORKCELL	REVIEW_COMMIT_INDEX_OR_ARCHIVE	recovery artifact
recovery_program_nl_question_completion_20260606_214915/candidates/current/docs/project/W7TP_FIELD_SCAN_LATEST.md	RECOVERY_ARTIFACT_HOLD	RECOVERY_EVIDENCE_WORKCELL	REVIEW_COMMIT_INDEX_OR_ARCHIVE	recovery artifact
recovery_program_nl_question_completion_20260606_214915/candidates/current/docs/project/W7TP_ODOO_COMMITTEE_CANDIDATE_DETAIL.md	RECOVERY_ARTIFACT_HOLD	RECOVERY_EVIDENCE_WORKCELL	REVIEW_COMMIT_INDEX_OR_ARCHIVE	recovery artifact
recovery_program_nl_question_completion_20260606_214915/candidates/current/docs/project/W7TP_ODOO_COMMITTEE_MODULE_READ.md	RECOVERY_ARTIFACT_HOLD	RECOVERY_EVIDENCE_WORKCELL	REVIEW_COMMIT_INDEX_OR_ARCHIVE	recovery artifact
recovery_program_nl_question_completion_20260606_214915/candidates/current/docs/project/W7TP_WUCHANG_CORE_COMMITTEE_MODULE_READ.md	RECOVERY_ARTIFACT_HOLD	RECOVERY_EVIDENCE_WORKCELL	REVIEW_COMMIT_INDEX_OR_ARCHIVE	recovery artifact
recovery_program_nl_question_completion_20260606_214915/candidates/current/docs/project/W7TP_WUCHANG_CORE_INSTALL_READINESS_CHECK.md	RECOVERY_ARTIFACT_HOLD	RECOVERY_EVIDENCE_WORKCELL	REVIEW_COMMIT_INDEX_OR_ARCHIVE	recovery artifact
recovery_program_nl_question_completion_20260606_214915/candidates/current/docs/project/WORKLINKS.md	RECOVERY_ARTIFACT_HOLD	RECOVERY_EVIDENCE_WORKCELL	REVIEW_COMMIT_INDEX_OR_ARCHIVE	recovery artifact
recovery_program_nl_question_completion_20260606_214915/candidates/current/docs/project/WUCHANG_CORE_FINAL_UI_EVIDENCE.md	RECOVERY_ARTIFACT_HOLD	RECOVERY_EVIDENCE_WORKCELL	REVIEW_COMMIT_INDEX_OR_ARCHIVE	recovery artifact
recovery_program_nl_question_completion_20260606_214915/candidates/current/docs/strategy/wuchang_sovereign_economic_engine_v8_zh.md	RECOVERY_ARTIFACT_HOLD	RECOVERY_EVIDENCE_WORKCELL	REVIEW_COMMIT_INDEX_OR_ARCHIVE	recovery artifact
recovery_program_nl_question_completion_20260606_214915/candidates/current/docs/system_memory/wuchang_culture_kindness_memory.md	RECOVERY_ARTIFACT_HOLD	RECOVERY_EVIDENCE_WORKCELL	REVIEW_COMMIT_INDEX_OR_ARCHIVE	recovery artifact
recovery_program_nl_question_completion_20260606_214915/candidates/current/docs/taiji_five_metric_formal_notation_runtime_zh.md	RECOVERY_ARTIFACT_HOLD	RECOVERY_EVIDENCE_WORKCELL	REVIEW_COMMIT_INDEX_OR_ARCHIVE	recovery artifact
recovery_program_nl_question_completion_20260606_214915/candidates/current/docs/taiji_five_metric_tensor_runtime_zh.md	RECOVERY_ARTIFACT_HOLD	RECOVERY_EVIDENCE_WORKCELL	REVIEW_COMMIT_INDEX_OR_ARCHIVE	recovery artifact
recovery_program_nl_question_completion_20260606_214915/candidates/current/docs/taiji_hub_architecture_completion_board_zh.md	RECOVERY_ARTIFACT_HOLD	RECOVERY_EVIDENCE_WORKCELL	REVIEW_COMMIT_INDEX_OR_ARCHIVE	recovery artifact
recovery_program_nl_question_completion_20260606_214915/candidates/current/docs/taiji_hub_device_least_privilege_browser_ui_zh.md	RECOVERY_ARTIFACT_HOLD	RECOVERY_EVIDENCE_WORKCELL	REVIEW_COMMIT_INDEX_OR_ARCHIVE	recovery artifact
recovery_program_nl_question_completion_20260606_214915/candidates/current/docs/taiji_hub_five_dim_zero_tree_tensor_io_assessment_zh.md	RECOVERY_ARTIFACT_HOLD	RECOVERY_EVIDENCE_WORKCELL	REVIEW_COMMIT_INDEX_OR_ARCHIVE	recovery artifact
recovery_program_nl_question_completion_20260606_214915/candidates/current/docs/taiji_hub_google_workspace_policy_gateway_zh.md	RECOVERY_ARTIFACT_HOLD	RECOVERY_EVIDENCE_WORKCELL	REVIEW_COMMIT_INDEX_OR_ARCHIVE	recovery artifact
recovery_program_nl_question_completion_20260606_214915/candidates/current/docs/taiji_hub_odoo_google_nonprofit_mail_bridge_zh.md	RECOVERY_ARTIFACT_HOLD	RECOVERY_EVIDENCE_WORKCELL	REVIEW_COMMIT_INDEX_OR_ARCHIVE	recovery artifact
recovery_program_nl_question_completion_20260606_214915/candidates/current/docs/taiji_hub_whitepaper_zh.md	RECOVERY_ARTIFACT_HOLD	RECOVERY_EVIDENCE_WORKCELL	REVIEW_COMMIT_INDEX_OR_ARCHIVE	recovery artifact
recovery_program_nl_question_completion_20260606_214915/candidates/current/docs/taiji_natural_intent_pos_gateway_zh.md	RECOVERY_ARTIFACT_HOLD	RECOVERY_EVIDENCE_WORKCELL	REVIEW_COMMIT_INDEX_OR_ARCHIVE	recovery artifact
recovery_program_nl_question_completion_20260606_214915/candidates/current/docs/task_force/wuchang_task_force_dispatch_policy_zh.md	RECOVERY_ARTIFACT_HOLD	RECOVERY_EVIDENCE_WORKCELL	REVIEW_COMMIT_INDEX_OR_ARCHIVE	recovery artifact
recovery_program_nl_question_completion_20260606_214915/candidates/current/docs/w7tp_algorithms/W7TP_EASTERN_STATE_ROUTER_v1.3_SPEC.md	RECOVERY_ARTIFACT_HOLD	RECOVERY_EVIDENCE_WORKCELL	REVIEW_COMMIT_INDEX_OR_ARCHIVE	recovery artifact
recovery_program_nl_question_completion_20260606_214915/candidates/current/docs/wuchang_community_system_functional_structure_zh.md	RECOVERY_ARTIFACT_HOLD	RECOVERY_EVIDENCE_WORKCELL	REVIEW_COMMIT_INDEX_OR_ARCHIVE	recovery artifact
recovery_program_nl_question_completion_20260606_214915/candidates/current/drive_upload_bundle/20260507_012719/AI_FILE_TENSOR_INDEX_20260507_012719.json	RECOVERY_ARTIFACT_HOLD	RECOVERY_EVIDENCE_WORKCELL	REVIEW_COMMIT_INDEX_OR_ARCHIVE	recovery artifact
recovery_program_nl_question_completion_20260606_214915/candidates/current/drive_upload_bundle/20260507_012719/ARCHIVE_MANIFEST_20260507_012719.tsv	RECOVERY_ARTIFACT_HOLD	RECOVERY_EVIDENCE_WORKCELL	REVIEW_COMMIT_INDEX_OR_ARCHIVE	recovery artifact
recovery_program_nl_question_completion_20260606_214915/candidates/current/eamtp_tipo_generator.py	RECOVERY_ARTIFACT_HOLD	RECOVERY_EVIDENCE_WORKCELL	REVIEW_COMMIT_INDEX_OR_ARCHIVE	recovery artifact
recovery_program_nl_question_completion_20260606_214915/candidates/current/evidence/full_scope_selfdev_20260508_025146/disk_mounts.txt	RECOVERY_ARTIFACT_HOLD	RECOVERY_EVIDENCE_WORKCELL	REVIEW_COMMIT_INDEX_OR_ARCHIVE	recovery artifact
recovery_program_nl_question_completion_20260606_214915/candidates/current/evidence/full_scope_selfdev_20260508_025146/full_file_timeline.txt	RECOVERY_ARTIFACT_HOLD	RECOVERY_EVIDENCE_WORKCELL	REVIEW_COMMIT_INDEX_OR_ARCHIVE	recovery artifact
recovery_program_nl_question_completion_20260606_214915/candidates/current/evidence/full_scope_selfdev_20260508_025146/git_diff.patch	RECOVERY_ARTIFACT_HOLD	RECOVERY_EVIDENCE_WORKCELL	REVIEW_COMMIT_INDEX_OR_ARCHIVE	recovery artifact
recovery_program_nl_question_completion_20260606_214915/candidates/current/evidence/full_scope_selfdev_20260508_025146/git_log.txt	RECOVERY_ARTIFACT_HOLD	RECOVERY_EVIDENCE_WORKCELL	REVIEW_COMMIT_INDEX_OR_ARCHIVE	recovery artifact
recovery_program_nl_question_completion_20260606_214915/candidates/current/evidence/full_scope_selfdev_20260508_025146/shell_history_redacted.txt	RECOVERY_ARTIFACT_HOLD	RECOVERY_EVIDENCE_WORKCELL	REVIEW_COMMIT_INDEX_OR_ARCHIVE	recovery artifact
recovery_program_nl_question_completion_20260606_214915/candidates/current/evidence/full_scope_selfdev_20260508_025146/source_document_files.txt	RECOVERY_ARTIFACT_HOLD	RECOVERY_EVIDENCE_WORKCELL	REVIEW_COMMIT_INDEX_OR_ARCHIVE	recovery artifact
recovery_program_nl_question_completion_20260606_214915/candidates/current/evidence/full_scope_selfdev_20260508_025146/source_document_sha256.txt	RECOVERY_ARTIFACT_HOLD	RECOVERY_EVIDENCE_WORKCELL	REVIEW_COMMIT_INDEX_OR_ARCHIVE	recovery artifact
recovery_program_nl_question_completion_20260606_214915/candidates/current/evidence/full_scope_selfdev_20260508_025146/systemd_journal_recent.txt	RECOVERY_ARTIFACT_HOLD	RECOVERY_EVIDENCE_WORKCELL	REVIEW_COMMIT_INDEX_OR_ARCHIVE	recovery artifact
recovery_program_nl_question_completion_20260606_214915/candidates/current/evidence/full_scope_selfdev_20260508_025146/systemd_status.txt	RECOVERY_ARTIFACT_HOLD	RECOVERY_EVIDENCE_WORKCELL	REVIEW_COMMIT_INDEX_OR_ARCHIVE	recovery artifact
recovery_program_nl_question_completion_20260606_214915/candidates/current/evidence/full_scope_selfdev_20260508_025146/taiji_related_timeline.txt	RECOVERY_ARTIFACT_HOLD	RECOVERY_EVIDENCE_WORKCELL	REVIEW_COMMIT_INDEX_OR_ARCHIVE	recovery artifact
recovery_program_nl_question_completion_20260606_214915/candidates/current/evidence/full_scope_selfdev_20260508_025146/web_scrape_indicator_scan.txt	RECOVERY_ARTIFACT_HOLD	RECOVERY_EVIDENCE_WORKCELL	REVIEW_COMMIT_INDEX_OR_ARCHIVE	recovery artifact
recovery_program_nl_question_completion_20260606_214915/candidates/current/evidence/member_registration/member_registration_avatar_patch_20260602_123409.txt	RECOVERY_ARTIFACT_HOLD	RECOVERY_EVIDENCE_WORKCELL	REVIEW_COMMIT_INDEX_OR_ARCHIVE	recovery artifact
recovery_program_nl_question_completion_20260606_214915/candidates/current/evidence/member_registration/member_registration_founder_patch_20260602_123801.txt	RECOVERY_ARTIFACT_HOLD	RECOVERY_EVIDENCE_WORKCELL	REVIEW_COMMIT_INDEX_OR_ARCHIVE	recovery artifact
recovery_program_nl_question_completion_20260606_214915/candidates/current/evidence/member_registration/member_registration_nickname_patch_20260602_123048.txt	RECOVERY_ARTIFACT_HOLD	RECOVERY_EVIDENCE_WORKCELL	REVIEW_COMMIT_INDEX_OR_ARCHIVE	recovery artifact
recovery_program_nl_question_completion_20260606_214915/candidates/current/evidence/member_registration/member_registration_odoo_install_005H_pgpassword_20260602_122849.txt	RECOVERY_ARTIFACT_HOLD	RECOVERY_EVIDENCE_WORKCELL	REVIEW_COMMIT_INDEX_OR_ARCHIVE	recovery artifact
recovery_program_nl_question_completion_20260606_214915/candidates/current/evidence/server_handoff/dirty_worktree/git_diff_stat_20260602_004526.txt	RECOVERY_ARTIFACT_HOLD	RECOVERY_EVIDENCE_WORKCELL	REVIEW_COMMIT_INDEX_OR_ARCHIVE	recovery artifact
recovery_program_nl_question_completion_20260606_214915/candidates/current/evidence/server_handoff/dirty_worktree/git_status_porcelain_20260602_004526.txt	RECOVERY_ARTIFACT_HOLD	RECOVERY_EVIDENCE_WORKCELL	REVIEW_COMMIT_INDEX_OR_ARCHIVE	recovery artifact
recovery_program_nl_question_completion_20260606_214915/candidates/current/evidence/server_handoff/dirty_worktree/git_typechange_20260602_004526.txt	RECOVERY_ARTIFACT_HOLD	RECOVERY_EVIDENCE_WORKCELL	REVIEW_COMMIT_INDEX_OR_ARCHIVE	recovery artifact
recovery_program_nl_question_completion_20260606_214915/candidates/current/evidence/server_handoff/production_copy_set/production_copy_set_manifest_20260602_012019.txt	RECOVERY_ARTIFACT_HOLD	RECOVERY_EVIDENCE_WORKCELL	REVIEW_COMMIT_INDEX_OR_ARCHIVE	recovery artifact
recovery_program_nl_question_completion_20260606_214915/candidates/current/evidence/server_handoff/production_copy_set/production_copy_set_manifest_20260602_012514.txt	RECOVERY_ARTIFACT_HOLD	RECOVERY_EVIDENCE_WORKCELL	REVIEW_COMMIT_INDEX_OR_ARCHIVE	recovery artifact
recovery_program_nl_question_completion_20260606_214915/candidates/current/evidence/server_handoff/production_copy_set/production_copy_set_manifest_20260602_012942.txt	RECOVERY_ARTIFACT_HOLD	RECOVERY_EVIDENCE_WORKCELL	REVIEW_COMMIT_INDEX_OR_ARCHIVE	recovery artifact
recovery_program_nl_question_completion_20260606_214915/candidates/current/evidence/server_handoff/production_copy_set/production_copy_set_manifest_20260602_013154.txt	RECOVERY_ARTIFACT_HOLD	RECOVERY_EVIDENCE_WORKCELL	REVIEW_COMMIT_INDEX_OR_ARCHIVE	recovery artifact
recovery_program_nl_question_completion_20260606_214915/candidates/current/evidence/server_handoff/systemd_takeover/taiji_edge_gateway_http_probe_20260602_114350.txt	RECOVERY_ARTIFACT_HOLD	RECOVERY_EVIDENCE_WORKCELL	REVIEW_COMMIT_INDEX_OR_ARCHIVE	recovery artifact
recovery_program_nl_question_completion_20260606_214915/candidates/current/evidence/server_handoff/systemd_takeover/taiji_edge_gateway_systemd_final_takeover_20260602_114718.txt	RECOVERY_ARTIFACT_HOLD	RECOVERY_EVIDENCE_WORKCELL	REVIEW_COMMIT_INDEX_OR_ARCHIVE	recovery artifact
recovery_program_nl_question_completion_20260606_214915/candidates/current/evidence/server_handoff/systemd_takeover/taiji_edge_gateway_systemd_takeover_20260602_114221.txt	RECOVERY_ARTIFACT_HOLD	RECOVERY_EVIDENCE_WORKCELL	REVIEW_COMMIT_INDEX_OR_ARCHIVE	recovery artifact
recovery_program_nl_question_completion_20260606_214915/candidates/current/evidence/server_handoff/systemd_takeover/taiji_unified_gateway_edge_pre_healthz_20260602_114553.py	RECOVERY_ARTIFACT_HOLD	RECOVERY_EVIDENCE_WORKCELL	REVIEW_COMMIT_INDEX_OR_ARCHIVE	recovery artifact
recovery_program_nl_question_completion_20260606_214915/candidates/current/evidence/server_handoff/taiji01_transfer_dry_run/taiji01_copy_set_filelist_20260602_013458.txt	RECOVERY_ARTIFACT_HOLD	RECOVERY_EVIDENCE_WORKCELL	REVIEW_COMMIT_INDEX_OR_ARCHIVE	recovery artifact
recovery_program_nl_question_completion_20260606_214915/candidates/current/evidence/server_handoff/taiji01_transfer_dry_run/taiji01_copy_set_filelist_unquoted_20260602_013828.txt	RECOVERY_ARTIFACT_HOLD	RECOVERY_EVIDENCE_WORKCELL	REVIEW_COMMIT_INDEX_OR_ARCHIVE	recovery artifact
recovery_program_nl_question_completion_20260606_214915/candidates/current/evidence/server_handoff/taiji01_transfer_dry_run/taiji01_copy_set_rsync_dry_run_20260602_013458.txt	RECOVERY_ARTIFACT_HOLD	RECOVERY_EVIDENCE_WORKCELL	REVIEW_COMMIT_INDEX_OR_ARCHIVE	recovery artifact
recovery_program_nl_question_completion_20260606_214915/candidates/current/evidence/server_handoff/taiji01_transfer_dry_run/taiji01_copy_set_rsync_dry_run_unquoted_20260602_013828.txt	RECOVERY_ARTIFACT_HOLD	RECOVERY_EVIDENCE_WORKCELL	REVIEW_COMMIT_INDEX_OR_ARCHIVE	recovery artifact
recovery_program_nl_question_completion_20260606_214915/candidates/current/evidence/server_handoff/taiji01_transfer_real_copy/taiji01_copy_set_real_rsync_20260602_014050.txt	RECOVERY_ARTIFACT_HOLD	RECOVERY_EVIDENCE_WORKCELL	REVIEW_COMMIT_INDEX_OR_ARCHIVE	recovery artifact
recovery_program_nl_question_completion_20260606_214915/candidates/current/evidence/server_handoff/taiji01_validation/taiji01_copy_set_hash_diff_20260602_014300.txt	RECOVERY_ARTIFACT_HOLD	RECOVERY_EVIDENCE_WORKCELL	REVIEW_COMMIT_INDEX_OR_ARCHIVE	recovery artifact
recovery_program_nl_question_completion_20260606_214915/candidates/current/evidence/server_handoff/worktree_batch_commit/batch1_staged_paths_20260602_005524.txt	RECOVERY_ARTIFACT_HOLD	RECOVERY_EVIDENCE_WORKCELL	REVIEW_COMMIT_INDEX_OR_ARCHIVE	recovery artifact
recovery_program_nl_question_completion_20260606_214915/candidates/current/evidence/server_handoff/worktree_batch_commit/batch3_runtime_staged_paths_20260602_010451.txt	RECOVERY_ARTIFACT_HOLD	RECOVERY_EVIDENCE_WORKCELL	REVIEW_COMMIT_INDEX_OR_ARCHIVE	recovery artifact
recovery_program_nl_question_completion_20260606_214915/candidates/current/evidence/server_handoff/worktree_batch_commit/batch3_staged_paths_20260602_010825.txt	RECOVERY_ARTIFACT_HOLD	RECOVERY_EVIDENCE_WORKCELL	REVIEW_COMMIT_INDEX_OR_ARCHIVE	recovery artifact
recovery_program_nl_question_completion_20260606_214915/candidates/current/evidence/server_handoff/worktree_batch_commit/batch4_review_staged_paths_20260602_011455.txt	RECOVERY_ARTIFACT_HOLD	RECOVERY_EVIDENCE_WORKCELL	REVIEW_COMMIT_INDEX_OR_ARCHIVE	recovery artifact
recovery_program_nl_question_completion_20260606_214915/candidates/current/evidence/server_handoff/worktree_batch_commit/batch4_review_staged_paths_20260602_011529.txt	RECOVERY_ARTIFACT_HOLD	RECOVERY_EVIDENCE_WORKCELL	REVIEW_COMMIT_INDEX_OR_ARCHIVE	recovery artifact
recovery_program_nl_question_completion_20260606_214915/candidates/current/evidence/server_handoff/worktree_batch_commit/batch4_staged_paths_20260602_011229.txt	RECOVERY_ARTIFACT_HOLD	RECOVERY_EVIDENCE_WORKCELL	REVIEW_COMMIT_INDEX_OR_ARCHIVE	recovery artifact
recovery_program_nl_question_completion_20260606_214915/candidates/current/evidence/server_handoff/worktree_batch_commit/status_after_20260602_005228.txt	RECOVERY_ARTIFACT_HOLD	RECOVERY_EVIDENCE_WORKCELL	REVIEW_COMMIT_INDEX_OR_ARCHIVE	recovery artifact
recovery_program_nl_question_completion_20260606_214915/candidates/current/evidence/server_handoff/worktree_batch_commit/status_before_20260602_005228.txt	RECOVERY_ARTIFACT_HOLD	RECOVERY_EVIDENCE_WORKCELL	REVIEW_COMMIT_INDEX_OR_ARCHIVE	recovery artifact
recovery_program_nl_question_completion_20260606_214915/candidates/current/evidence/verification/cross_node_receive_probe_MSI_20260606_210542.md	RECOVERY_ARTIFACT_HOLD	RECOVERY_EVIDENCE_WORKCELL	REVIEW_COMMIT_INDEX_OR_ARCHIVE	recovery artifact
recovery_program_nl_question_completion_20260606_214915/candidates/current/evidence/verification/w7tp_intent_field_packaging_topology_reconciliation_MSI_20260606_212148.md	RECOVERY_ARTIFACT_HOLD	RECOVERY_EVIDENCE_WORKCELL	REVIEW_COMMIT_INDEX_OR_ARCHIVE	recovery artifact
recovery_program_nl_question_completion_20260606_214915/candidates/current/evidence/verification/w7tp_transport_verdict_MSI_20260606_193746.md	RECOVERY_ARTIFACT_HOLD	RECOVERY_EVIDENCE_WORKCELL	REVIEW_COMMIT_INDEX_OR_ARCHIVE	recovery artifact
recovery_program_nl_question_completion_20260606_214915/candidates/current/evidence_generative_transport_history_20260606_164237.txt	RECOVERY_ARTIFACT_HOLD	RECOVERY_EVIDENCE_WORKCELL	REVIEW_COMMIT_INDEX_OR_ARCHIVE	recovery artifact
recovery_program_nl_question_completion_20260606_214915/candidates/current/evidence_master_index/claim_artifact_mapping_v0_1.csv	RECOVERY_ARTIFACT_HOLD	RECOVERY_EVIDENCE_WORKCELL	REVIEW_COMMIT_INDEX_OR_ARCHIVE	recovery artifact
recovery_program_nl_question_completion_20260606_214915/candidates/current/evidence_master_index/claim_artifact_mapping_v0_1.md	RECOVERY_ARTIFACT_HOLD	RECOVERY_EVIDENCE_WORKCELL	REVIEW_COMMIT_INDEX_OR_ARCHIVE	recovery artifact
recovery_program_nl_question_completion_20260606_214915/candidates/current/evidence_master_index/claim_artifact_mapping_v0_2_clean.csv	RECOVERY_ARTIFACT_HOLD	RECOVERY_EVIDENCE_WORKCELL	REVIEW_COMMIT_INDEX_OR_ARCHIVE	recovery artifact
recovery_program_nl_question_completion_20260606_214915/candidates/current/evidence_master_index/claim_artifact_mapping_v0_2_clean.md	RECOVERY_ARTIFACT_HOLD	RECOVERY_EVIDENCE_WORKCELL	REVIEW_COMMIT_INDEX_OR_ARCHIVE	recovery artifact
recovery_program_nl_question_completion_20260606_214915/candidates/current/evidence_master_index/patent_abstract_v0_4.md	RECOVERY_ARTIFACT_HOLD	RECOVERY_EVIDENCE_WORKCELL	REVIEW_COMMIT_INDEX_OR_ARCHIVE	recovery artifact
recovery_program_nl_question_completion_20260606_214915/candidates/current/evidence_master_index/patent_claims_v0_3_main_claim_draft.md	RECOVERY_ARTIFACT_HOLD	RECOVERY_EVIDENCE_WORKCELL	REVIEW_COMMIT_INDEX_OR_ARCHIVE	recovery artifact
recovery_program_nl_question_completion_20260606_214915/candidates/current/evidence_master_index/patent_claims_v0_4.md	RECOVERY_ARTIFACT_HOLD	RECOVERY_EVIDENCE_WORKCELL	REVIEW_COMMIT_INDEX_OR_ARCHIVE	recovery artifact
recovery_program_nl_question_completion_20260606_214915/candidates/current/evidence_master_index/patent_figures_v0_4.md	RECOVERY_ARTIFACT_HOLD	RECOVERY_EVIDENCE_WORKCELL	REVIEW_COMMIT_INDEX_OR_ARCHIVE	recovery artifact
recovery_program_nl_question_completion_20260606_214915/candidates/current/evidence_master_index/patent_specification_v0_4.md	RECOVERY_ARTIFACT_HOLD	RECOVERY_EVIDENCE_WORKCELL	REVIEW_COMMIT_INDEX_OR_ARCHIVE	recovery artifact
recovery_program_nl_question_completion_20260606_214915/candidates/current/evidence_master_index/patent_v0_5_tipo/patent_abstract_v0_5_tipo.md	RECOVERY_ARTIFACT_HOLD	RECOVERY_EVIDENCE_WORKCELL	REVIEW_COMMIT_INDEX_OR_ARCHIVE	recovery artifact
recovery_program_nl_question_completion_20260606_214915/candidates/current/evidence_master_index/patent_v0_5_tipo/patent_claims_v0_5_tipo.md	RECOVERY_ARTIFACT_HOLD	RECOVERY_EVIDENCE_WORKCELL	REVIEW_COMMIT_INDEX_OR_ARCHIVE	recovery artifact
recovery_program_nl_question_completion_20260606_214915/candidates/current/evidence_master_index/patent_v0_5_tipo/patent_figures_v0_5_tipo.md	RECOVERY_ARTIFACT_HOLD	RECOVERY_EVIDENCE_WORKCELL	REVIEW_COMMIT_INDEX_OR_ARCHIVE	recovery artifact
recovery_program_nl_question_completion_20260606_214915/candidates/current/evidence_master_index/patent_v0_5_tipo/patent_specification_v0_5_tipo.md	RECOVERY_ARTIFACT_HOLD	RECOVERY_EVIDENCE_WORKCELL	REVIEW_COMMIT_INDEX_OR_ARCHIVE	recovery artifact
recovery_program_nl_question_completion_20260606_214915/candidates/current/evidence_master_index/patent_v0_7_agent_review_pack/claim_artifact_mapping_v0_2_clean.csv	RECOVERY_ARTIFACT_HOLD	RECOVERY_EVIDENCE_WORKCELL	REVIEW_COMMIT_INDEX_OR_ARCHIVE	recovery artifact
recovery_program_nl_question_completion_20260606_214915/candidates/current/evidence_master_index/patent_v0_7_agent_review_pack/claim_artifact_mapping_v0_2_clean.md	RECOVERY_ARTIFACT_HOLD	RECOVERY_EVIDENCE_WORKCELL	REVIEW_COMMIT_INDEX_OR_ARCHIVE	recovery artifact
recovery_program_nl_question_completion_20260606_214915/candidates/current/evidence_master_index/patent_v0_7_agent_review_pack/patent_claims_v0_3_main_claim_draft.md	RECOVERY_ARTIFACT_HOLD	RECOVERY_EVIDENCE_WORKCELL	REVIEW_COMMIT_INDEX_OR_ARCHIVE	recovery artifact
recovery_program_nl_question_completion_20260606_214915/candidates/current/evidence_master_index/patent_v0_7_agent_review_pack/redteam_review_summary_v0_7.md	RECOVERY_ARTIFACT_HOLD	RECOVERY_EVIDENCE_WORKCELL	REVIEW_COMMIT_INDEX_OR_ARCHIVE	recovery artifact
recovery_program_nl_question_completion_20260606_214915/candidates/current/evidence_master_index/patent_v0_8_handoff_package/README_FOR_PATENT_ATTORNEY_v0_8.md	RECOVERY_ARTIFACT_HOLD	RECOVERY_EVIDENCE_WORKCELL	REVIEW_COMMIT_INDEX_OR_ARCHIVE	recovery artifact
recovery_program_nl_question_completion_20260606_214915/candidates/current/evidence_master_index/patent_v0_8_handoff_package/claim_artifact_mapping_v0_2_clean.csv	RECOVERY_ARTIFACT_HOLD	RECOVERY_EVIDENCE_WORKCELL	REVIEW_COMMIT_INDEX_OR_ARCHIVE	recovery artifact
recovery_program_nl_question_completion_20260606_214915/candidates/current/evidence_master_index/patent_v0_8_handoff_package/claim_artifact_mapping_v0_2_clean.md	RECOVERY_ARTIFACT_HOLD	RECOVERY_EVIDENCE_WORKCELL	REVIEW_COMMIT_INDEX_OR_ARCHIVE	recovery artifact
recovery_program_nl_question_completion_20260606_214915/candidates/current/evidence_master_index/patent_v0_8_handoff_package/patent_claims_v0_3_main_claim_draft.md	RECOVERY_ARTIFACT_HOLD	RECOVERY_EVIDENCE_WORKCELL	REVIEW_COMMIT_INDEX_OR_ARCHIVE	recovery artifact
recovery_program_nl_question_completion_20260606_214915/candidates/current/evidence_master_index/patent_v0_8_handoff_package/redteam_review_summary_v0_7.md	RECOVERY_ARTIFACT_HOLD	RECOVERY_EVIDENCE_WORKCELL	REVIEW_COMMIT_INDEX_OR_ARCHIVE	recovery artifact
recovery_program_nl_question_completion_20260606_214915/candidates/current/evidence_master_index/patent_v0_9_development_history_appendix/claim_artifact_mapping_v0_2_clean.csv	RECOVERY_ARTIFACT_HOLD	RECOVERY_EVIDENCE_WORKCELL	REVIEW_COMMIT_INDEX_OR_ARCHIVE	recovery artifact
recovery_program_nl_question_completion_20260606_214915/candidates/current/evidence_master_index/patent_v0_9_development_history_appendix/claim_artifact_mapping_v0_2_clean.md	RECOVERY_ARTIFACT_HOLD	RECOVERY_EVIDENCE_WORKCELL	REVIEW_COMMIT_INDEX_OR_ARCHIVE	recovery artifact
recovery_program_nl_question_completion_20260606_214915/candidates/current/evidence_master_index/patent_v0_9_development_history_appendix/patent_v0_9_development_history_appendix.md	RECOVERY_ARTIFACT_HOLD	RECOVERY_EVIDENCE_WORKCELL	REVIEW_COMMIT_INDEX_OR_ARCHIVE	recovery artifact
recovery_program_nl_question_completion_20260606_214915/candidates/current/evidence_master_index/patent_v0_9_development_history_appendix/patent_v0_9_development_history_timeline.csv	RECOVERY_ARTIFACT_HOLD	RECOVERY_EVIDENCE_WORKCELL	REVIEW_COMMIT_INDEX_OR_ARCHIVE	recovery artifact
recovery_program_nl_question_completion_20260606_214915/candidates/current/examples/intent_manifests/payment_prepare.sample.json	RECOVERY_ARTIFACT_HOLD	RECOVERY_EVIDENCE_WORKCELL	REVIEW_COMMIT_INDEX_OR_ARCHIVE	recovery artifact
recovery_program_nl_question_completion_20260606_214915/candidates/current/examples/intent_manifests/service_request.sample.json	RECOVERY_ARTIFACT_HOLD	RECOVERY_EVIDENCE_WORKCELL	REVIEW_COMMIT_INDEX_OR_ARCHIVE	recovery artifact
recovery_program_nl_question_completion_20260606_214915/candidates/current/indexes/AI_FILE_TENSOR_INDEX_20260507_012719.json	RECOVERY_ARTIFACT_HOLD	RECOVERY_EVIDENCE_WORKCELL	REVIEW_COMMIT_INDEX_OR_ARCHIVE	recovery artifact
recovery_program_nl_question_completion_20260606_214915/candidates/current/indexes/ARCHIVE_MANIFEST_20260507_012719.tsv	RECOVERY_ARTIFACT_HOLD	RECOVERY_EVIDENCE_WORKCELL	REVIEW_COMMIT_INDEX_OR_ARCHIVE	recovery artifact
recovery_program_nl_question_completion_20260606_214915/candidates/current/intent_design_trace.txt	RECOVERY_ARTIFACT_HOLD	RECOVERY_EVIDENCE_WORKCELL	REVIEW_COMMIT_INDEX_OR_ARCHIVE	recovery artifact
recovery_program_nl_question_completion_20260606_214915/candidates/current/intent_discovery/INTENT_DISCOVERY_CLASS_INDEX.txt	RECOVERY_ARTIFACT_HOLD	RECOVERY_EVIDENCE_WORKCELL	REVIEW_COMMIT_INDEX_OR_ARCHIVE	recovery artifact
recovery_program_nl_question_completion_20260606_214915/candidates/current/intent_discovery/INTENT_DISCOVERY_FULL_MANIFEST.txt	RECOVERY_ARTIFACT_HOLD	RECOVERY_EVIDENCE_WORKCELL	REVIEW_COMMIT_INDEX_OR_ARCHIVE	recovery artifact
recovery_program_nl_question_completion_20260606_214915/candidates/current/intent_discovery_211_manifest.txt	RECOVERY_ARTIFACT_HOLD	RECOVERY_EVIDENCE_WORKCELL	REVIEW_COMMIT_INDEX_OR_ARCHIVE	recovery artifact
recovery_program_nl_question_completion_20260606_214915/candidates/current/intent_discovery_211_sha256.txt	RECOVERY_ARTIFACT_HOLD	RECOVERY_EVIDENCE_WORKCELL	REVIEW_COMMIT_INDEX_OR_ARCHIVE	recovery artifact
recovery_program_nl_question_completion_20260606_214915/candidates/current/intent_discovery_238_manifest.txt	RECOVERY_ARTIFACT_HOLD	RECOVERY_EVIDENCE_WORKCELL	REVIEW_COMMIT_INDEX_OR_ARCHIVE	recovery artifact
recovery_program_nl_question_completion_20260606_214915/candidates/current/intent_discovery_238_sha256.txt	RECOVERY_ARTIFACT_HOLD	RECOVERY_EVIDENCE_WORKCELL	REVIEW_COMMIT_INDEX_OR_ARCHIVE	recovery artifact
recovery_program_nl_question_completion_20260606_214915/candidates/current/kan_yu_onepaste.py	RECOVERY_ARTIFACT_HOLD	RECOVERY_EVIDENCE_WORKCELL	REVIEW_COMMIT_INDEX_OR_ARCHIVE	recovery artifact
recovery_program_nl_question_completion_20260606_214915/candidates/current/kan_yu_same_object_functions.py	RECOVERY_ARTIFACT_HOLD	RECOVERY_EVIDENCE_WORKCELL	REVIEW_COMMIT_INDEX_OR_ARCHIVE	recovery artifact
recovery_program_nl_question_completion_20260606_214915/candidates/current/legacy_core/sister_j_agent_core.py	RECOVERY_ARTIFACT_HOLD	RECOVERY_EVIDENCE_WORKCELL	REVIEW_COMMIT_INDEX_OR_ARCHIVE	recovery artifact
recovery_program_nl_question_completion_20260606_214915/candidates/current/legacy_core/taiji_8_0_api_gateway.py	RECOVERY_ARTIFACT_HOLD	RECOVERY_EVIDENCE_WORKCELL	REVIEW_COMMIT_INDEX_OR_ARCHIVE	recovery artifact
recovery_program_nl_question_completion_20260606_214915/candidates/current/legacy_core/taiji_8_0_main.py	RECOVERY_ARTIFACT_HOLD	RECOVERY_EVIDENCE_WORKCELL	REVIEW_COMMIT_INDEX_OR_ARCHIVE	recovery artifact
recovery_program_nl_question_completion_20260606_214915/candidates/current/legacy_core/taiji_f5_protocol.py	RECOVERY_ARTIFACT_HOLD	RECOVERY_EVIDENCE_WORKCELL	REVIEW_COMMIT_INDEX_OR_ARCHIVE	recovery artifact
recovery_program_nl_question_completion_20260606_214915/candidates/current/legacy_core/taiji_native_claw.py	RECOVERY_ARTIFACT_HOLD	RECOVERY_EVIDENCE_WORKCELL	REVIEW_COMMIT_INDEX_OR_ARCHIVE	recovery artifact
recovery_program_nl_question_completion_20260606_214915/candidates/current/legacy_core/taiji_patent_v3_engine.py	RECOVERY_ARTIFACT_HOLD	RECOVERY_EVIDENCE_WORKCELL	REVIEW_COMMIT_INDEX_OR_ARCHIVE	recovery artifact
recovery_program_nl_question_completion_20260606_214915/candidates/current/legacy_core/taiji_redis_engine.py	RECOVERY_ARTIFACT_HOLD	RECOVERY_EVIDENCE_WORKCELL	REVIEW_COMMIT_INDEX_OR_ARCHIVE	recovery artifact
recovery_program_nl_question_completion_20260606_214915/candidates/current/legacy_core/taiji_unified_gateway_edge.py	RECOVERY_ARTIFACT_HOLD	RECOVERY_EVIDENCE_WORKCELL	REVIEW_COMMIT_INDEX_OR_ARCHIVE	recovery artifact
recovery_program_nl_question_completion_20260606_214915/candidates/current/legacy_core/wuchang_gemini_router.py	RECOVERY_ARTIFACT_HOLD	RECOVERY_EVIDENCE_WORKCELL	REVIEW_COMMIT_INDEX_OR_ARCHIVE	recovery artifact
recovery_program_nl_question_completion_20260606_214915/candidates/current/legacy_core/wuchang_llm_core.py	RECOVERY_ARTIFACT_HOLD	RECOVERY_EVIDENCE_WORKCELL	REVIEW_COMMIT_INDEX_OR_ARCHIVE	recovery artifact
recovery_program_nl_question_completion_20260606_214915/candidates/current/legacy_core/wuchang_pos_voice_engine.py	RECOVERY_ARTIFACT_HOLD	RECOVERY_EVIDENCE_WORKCELL	REVIEW_COMMIT_INDEX_OR_ARCHIVE	recovery artifact
recovery_program_nl_question_completion_20260606_214915/candidates/current/legacy_core/wuchang_translation_service.py	RECOVERY_ARTIFACT_HOLD	RECOVERY_EVIDENCE_WORKCELL	REVIEW_COMMIT_INDEX_OR_ARCHIVE	recovery artifact
recovery_program_nl_question_completion_20260606_214915/candidates/current/local_worker.py	RECOVERY_ARTIFACT_HOLD	RECOVERY_EVIDENCE_WORKCELL	REVIEW_COMMIT_INDEX_OR_ARCHIVE	recovery artifact
recovery_program_nl_question_completion_20260606_214915/candidates/current/models/Wuchang_Adjutant.Modelfile	RECOVERY_ARTIFACT_HOLD	RECOVERY_EVIDENCE_WORKCELL	REVIEW_COMMIT_INDEX_OR_ARCHIVE	recovery artifact
recovery_program_nl_question_completion_20260606_214915/candidates/current/models/ollama/Modelfile.metric_language_gateway_ai	RECOVERY_ARTIFACT_HOLD	RECOVERY_EVIDENCE_WORKCELL	REVIEW_COMMIT_INDEX_OR_ARCHIVE	recovery artifact
recovery_program_nl_question_completion_20260606_214915/candidates/current/models/ollama/Modelfile.metric_language_gateway_ai.container	RECOVERY_ARTIFACT_HOLD	RECOVERY_EVIDENCE_WORKCELL	REVIEW_COMMIT_INDEX_OR_ARCHIVE	recovery artifact
recovery_program_nl_question_completion_20260606_214915/candidates/current/models/ollama/Modelfile.xiaoj_dual_brain_unified	RECOVERY_ARTIFACT_HOLD	RECOVERY_EVIDENCE_WORKCELL	REVIEW_COMMIT_INDEX_OR_ARCHIVE	recovery artifact
recovery_program_nl_question_completion_20260606_214915/candidates/current/models/ollama/Modelfile.xiaoj_dual_brain_unified_2b	RECOVERY_ARTIFACT_HOLD	RECOVERY_EVIDENCE_WORKCELL	REVIEW_COMMIT_INDEX_OR_ARCHIVE	recovery artifact
recovery_program_nl_question_completion_20260606_214915/candidates/current/models/ollama/Modelfile.xiaoj_model_window.template	RECOVERY_ARTIFACT_HOLD	RECOVERY_EVIDENCE_WORKCELL	REVIEW_COMMIT_INDEX_OR_ARCHIVE	recovery artifact
recovery_program_nl_question_completion_20260606_214915/candidates/current/models/wuchang_7d8z_5code_tensor.py	RECOVERY_ARTIFACT_HOLD	RECOVERY_EVIDENCE_WORKCELL	REVIEW_COMMIT_INDEX_OR_ARCHIVE	recovery artifact
recovery_program_nl_question_completion_20260606_214915/candidates/current/openwebui_tools/taiji_claw_safe_tool.py	RECOVERY_ARTIFACT_HOLD	RECOVERY_EVIDENCE_WORKCELL	REVIEW_COMMIT_INDEX_OR_ARCHIVE	recovery artifact
recovery_program_nl_question_completion_20260606_214915/candidates/current/openwebui_tools/taiji_metric_gateway_assembly_tool.py	RECOVERY_ARTIFACT_HOLD	RECOVERY_EVIDENCE_WORKCELL	REVIEW_COMMIT_INDEX_OR_ARCHIVE	recovery artifact
recovery_program_nl_question_completion_20260606_214915/candidates/current/patent/Taiji_Tensor_Gateway_Patent_Package/01_summary/INVENTION_DISCLOSURE.md	RECOVERY_ARTIFACT_HOLD	RECOVERY_EVIDENCE_WORKCELL	REVIEW_COMMIT_INDEX_OR_ARCHIVE	recovery artifact
recovery_program_nl_question_completion_20260606_214915/candidates/current/patent/Taiji_Tensor_Gateway_Patent_Package/02_claims/CLAIM_DRAFT.md	RECOVERY_ARTIFACT_HOLD	RECOVERY_EVIDENCE_WORKCELL	REVIEW_COMMIT_INDEX_OR_ARCHIVE	recovery artifact
recovery_program_nl_question_completion_20260606_214915/candidates/current/patent/Taiji_Tensor_Gateway_Patent_Package/03_architecture/SYSTEM_ARCHITECTURE.md	RECOVERY_ARTIFACT_HOLD	RECOVERY_EVIDENCE_WORKCELL	REVIEW_COMMIT_INDEX_OR_ARCHIVE	recovery artifact
recovery_program_nl_question_completion_20260606_214915/candidates/current/patent/Taiji_Tensor_Gateway_Patent_Package/04_embodiments/IMPLEMENTATION_EXAMPLE.md	RECOVERY_ARTIFACT_HOLD	RECOVERY_EVIDENCE_WORKCELL	REVIEW_COMMIT_INDEX_OR_ARCHIVE	recovery artifact
recovery_program_nl_question_completion_20260606_214915/candidates/current/patent_filing/readonly_boot_edge_runtime_m5_v0_1/02_摘要.md	RECOVERY_ARTIFACT_HOLD	RECOVERY_EVIDENCE_WORKCELL	REVIEW_COMMIT_INDEX_OR_ARCHIVE	recovery artifact
recovery_program_nl_question_completion_20260606_214915/candidates/current/patent_filing/readonly_boot_edge_runtime_m5_v0_1/03_說明書.md	RECOVERY_ARTIFACT_HOLD	RECOVERY_EVIDENCE_WORKCELL	REVIEW_COMMIT_INDEX_OR_ARCHIVE	recovery artifact
recovery_program_nl_question_completion_20260606_214915/candidates/current/patent_filing/readonly_boot_edge_runtime_m5_v0_1/04_申請專利範圍.md	RECOVERY_ARTIFACT_HOLD	RECOVERY_EVIDENCE_WORKCELL	REVIEW_COMMIT_INDEX_OR_ARCHIVE	recovery artifact
recovery_program_nl_question_completion_20260606_214915/candidates/current/patent_filing/readonly_boot_edge_runtime_m5_v0_1/figures/fig5.svg	RECOVERY_ARTIFACT_HOLD	RECOVERY_EVIDENCE_WORKCELL	REVIEW_COMMIT_INDEX_OR_ARCHIVE	recovery artifact
recovery_program_nl_question_completion_20260606_214915/candidates/current/patent_filing/readonly_boot_edge_runtime_m5_v0_1/source_originals/specification_original.txt	RECOVERY_ARTIFACT_HOLD	RECOVERY_EVIDENCE_WORKCELL	REVIEW_COMMIT_INDEX_OR_ARCHIVE	recovery artifact
recovery_program_nl_question_completion_20260606_214915/candidates/current/patent_recovery_pack/W7TP_DESIGN_EVIDENCE_INDEX.txt	RECOVERY_ARTIFACT_HOLD	RECOVERY_EVIDENCE_WORKCELL	REVIEW_COMMIT_INDEX_OR_ARCHIVE	recovery artifact
recovery_program_nl_question_completion_20260606_214915/candidates/current/patent_recovery_pack/intent_discovery_238_manifest.txt	RECOVERY_ARTIFACT_HOLD	RECOVERY_EVIDENCE_WORKCELL	REVIEW_COMMIT_INDEX_OR_ARCHIVE	recovery artifact
recovery_program_nl_question_completion_20260606_214915/candidates/current/patent_recovery_pack/intent_discovery_238_sha256.txt	RECOVERY_ARTIFACT_HOLD	RECOVERY_EVIDENCE_WORKCELL	REVIEW_COMMIT_INDEX_OR_ARCHIVE	recovery artifact
recovery_program_nl_question_completion_20260606_214915/candidates/current/policies/7d_cloud_ai_policy.json	RECOVERY_ARTIFACT_HOLD	RECOVERY_EVIDENCE_WORKCELL	REVIEW_COMMIT_INDEX_OR_ARCHIVE	recovery artifact
recovery_program_nl_question_completion_20260606_214915/candidates/current/policies/dead_letter_intruder_policy.md	RECOVERY_ARTIFACT_HOLD	RECOVERY_EVIDENCE_WORKCELL	REVIEW_COMMIT_INDEX_OR_ARCHIVE	recovery artifact
recovery_program_nl_question_completion_20260606_214915/candidates/current/product/Taiji_Tensor_Gateway_v0_1/PRODUCT_MANIFEST.md	RECOVERY_ARTIFACT_HOLD	RECOVERY_EVIDENCE_WORKCELL	REVIEW_COMMIT_INDEX_OR_ARCHIVE	recovery artifact
recovery_program_nl_question_completion_20260606_214915/candidates/current/product/Taiji_Tensor_Gateway_v0_1/docs/ARCHITECTURE.md	RECOVERY_ARTIFACT_HOLD	RECOVERY_EVIDENCE_WORKCELL	REVIEW_COMMIT_INDEX_OR_ARCHIVE	recovery artifact
recovery_program_nl_question_completion_20260606_214915/candidates/current/product/Taiji_Tensor_Gateway_v0_1/docs/CONTEXT_REPLAY_INDEX.md	RECOVERY_ARTIFACT_HOLD	RECOVERY_EVIDENCE_WORKCELL	REVIEW_COMMIT_INDEX_OR_ARCHIVE	recovery artifact
recovery_program_nl_question_completion_20260606_214915/candidates/current/product/Taiji_Tensor_Gateway_v0_1/docs/DEADBOX_ROUTE.md	RECOVERY_ARTIFACT_HOLD	RECOVERY_EVIDENCE_WORKCELL	REVIEW_COMMIT_INDEX_OR_ARCHIVE	recovery artifact
recovery_program_nl_question_completion_20260606_214915/candidates/current/product/Taiji_Tensor_Gateway_v0_1/schema/context_replay_index.schema.json	RECOVERY_ARTIFACT_HOLD	RECOVERY_EVIDENCE_WORKCELL	REVIEW_COMMIT_INDEX_OR_ARCHIVE	recovery artifact
recovery_program_nl_question_completion_20260606_214915/candidates/current/product/Taiji_Tensor_Gateway_v0_1/schema/deadbox_packet.schema.json	RECOVERY_ARTIFACT_HOLD	RECOVERY_EVIDENCE_WORKCELL	REVIEW_COMMIT_INDEX_OR_ARCHIVE	recovery artifact
recovery_program_nl_question_completion_20260606_214915/candidates/current/product/Taiji_Tensor_Gateway_v0_1/schema/tensor_packet.schema.json	RECOVERY_ARTIFACT_HOLD	RECOVERY_EVIDENCE_WORKCELL	REVIEW_COMMIT_INDEX_OR_ARCHIVE	recovery artifact
recovery_program_nl_question_completion_20260606_214915/candidates/current/prompts/CREATOR_SELF_LIMITING_PUBLIC_INTEREST_CLOSURE_PREFIX.md	RECOVERY_ARTIFACT_HOLD	RECOVERY_EVIDENCE_WORKCELL	REVIEW_COMMIT_INDEX_OR_ARCHIVE	recovery artifact
recovery_program_nl_question_completion_20260606_214915/candidates/current/prompts/FINAL_MTL_AI_ASSEMBLY_EN_ONLY_PREFIX.md	RECOVERY_ARTIFACT_HOLD	RECOVERY_EVIDENCE_WORKCELL	REVIEW_COMMIT_INDEX_OR_ARCHIVE	recovery artifact
recovery_program_nl_question_completion_20260606_214915/candidates/current/prompts/FINAL_MTL_AI_CONCEPT_ARCHITECTURE_EN_ONLY_PREFIX.md	RECOVERY_ARTIFACT_HOLD	RECOVERY_EVIDENCE_WORKCELL	REVIEW_COMMIT_INDEX_OR_ARCHIVE	recovery artifact
recovery_program_nl_question_completion_20260606_214915/candidates/current/prompts/XIAOJ_MODEL_WINDOW_GOVERNED_PREFIX.md	RECOVERY_ARTIFACT_HOLD	RECOVERY_EVIDENCE_WORKCELL	REVIEW_COMMIT_INDEX_OR_ARCHIVE	recovery artifact
recovery_program_nl_question_completion_20260606_214915/candidates/current/prompts/original/20260507_035851_00_小J總前綴_數位孿生妹妹_收斂版.txt	RECOVERY_ARTIFACT_HOLD	RECOVERY_EVIDENCE_WORKCELL	REVIEW_COMMIT_INDEX_OR_ARCHIVE	recovery artifact
recovery_program_nl_question_completion_20260606_214915/candidates/current/prompts/original/20260507_035851_xiao_j_wuchang_cognition_master_latest.txt	RECOVERY_ARTIFACT_HOLD	RECOVERY_EVIDENCE_WORKCELL	REVIEW_COMMIT_INDEX_OR_ARCHIVE	recovery artifact
recovery_program_nl_question_completion_20260606_214915/candidates/current/prompts/xiao_j_wuchang_cognition_master_latest.txt	RECOVERY_ARTIFACT_HOLD	RECOVERY_EVIDENCE_WORKCELL	REVIEW_COMMIT_INDEX_OR_ARCHIVE	recovery artifact
recovery_program_nl_question_completion_20260606_214915/candidates/current/prompts/xiaoj_zh_transparent_reasoning.md	RECOVERY_ARTIFACT_HOLD	RECOVERY_EVIDENCE_WORKCELL	REVIEW_COMMIT_INDEX_OR_ARCHIVE	recovery artifact
recovery_program_nl_question_completion_20260606_214915/candidates/current/recovery_evidence_20260606/intent_discovery_238_manifest.txt	RECOVERY_ARTIFACT_HOLD	RECOVERY_EVIDENCE_WORKCELL	REVIEW_COMMIT_INDEX_OR_ARCHIVE	recovery artifact
recovery_program_nl_question_completion_20260606_214915/candidates/current/recovery_evidence_20260606/intent_discovery_238_sha256.txt	RECOVERY_ARTIFACT_HOLD	RECOVERY_EVIDENCE_WORKCELL	REVIEW_COMMIT_INDEX_OR_ARCHIVE	recovery artifact
recovery_program_nl_question_completion_20260606_214915/candidates/current/recovery_program_nl_question_completion_20260606_214738/candidates/current/02_edge_nodes/openwebui/node_boot.yaml	RECOVERY_ARTIFACT_HOLD	RECOVERY_EVIDENCE_WORKCELL	REVIEW_COMMIT_INDEX_OR_ARCHIVE	recovery artifact
recovery_program_nl_question_completion_20260606_214915/candidates/current/recovery_program_nl_question_completion_20260606_214738/candidates/current/AI_CURRENT_STATE.mtl.json	RECOVERY_ARTIFACT_HOLD	RECOVERY_EVIDENCE_WORKCELL	REVIEW_COMMIT_INDEX_OR_ARCHIVE	recovery artifact
recovery_program_nl_question_completion_20260606_214915/candidates/current/recovery_program_nl_question_completion_20260606_214738/candidates/current/INTENT_DISCOVERY_MODULE_INDEX.txt	RECOVERY_ARTIFACT_HOLD	RECOVERY_EVIDENCE_WORKCELL	REVIEW_COMMIT_INDEX_OR_ARCHIVE	recovery artifact
recovery_program_nl_question_completion_20260606_214915/candidates/current/recovery_program_nl_question_completion_20260606_214738/candidates/current/INTENT_DISCOVERY_REBUILD_MATRIX.txt	RECOVERY_ARTIFACT_HOLD	RECOVERY_EVIDENCE_WORKCELL	REVIEW_COMMIT_INDEX_OR_ARCHIVE	recovery artifact
recovery_program_nl_question_completion_20260606_214915/candidates/current/recovery_program_nl_question_completion_20260606_214738/candidates/current/LANDING_READINESS_GAP_LIST.yaml	RECOVERY_ARTIFACT_HOLD	RECOVERY_EVIDENCE_WORKCELL	REVIEW_COMMIT_INDEX_OR_ARCHIVE	recovery artifact
recovery_program_nl_question_completion_20260606_214915/candidates/current/recovery_program_nl_question_completion_20260606_214738/candidates/current/SYSTEM_COMPLETION_CONVERGENCE.yaml	RECOVERY_ARTIFACT_HOLD	RECOVERY_EVIDENCE_WORKCELL	REVIEW_COMMIT_INDEX_OR_ARCHIVE	recovery artifact
recovery_program_nl_question_completion_20260606_214915/candidates/current/recovery_program_nl_question_completion_20260606_214738/candidates/current/T093_RECHECK_BLOCKER_AFTER_DIRECT_LANDING.yaml	RECOVERY_ARTIFACT_HOLD	RECOVERY_EVIDENCE_WORKCELL	REVIEW_COMMIT_INDEX_OR_ARCHIVE	recovery artifact
recovery_program_nl_question_completion_20260606_214915/candidates/current/recovery_program_nl_question_completion_20260606_214738/candidates/current/T093_XIAOJ_REVIEW.yaml	RECOVERY_ARTIFACT_HOLD	RECOVERY_EVIDENCE_WORKCELL	REVIEW_COMMIT_INDEX_OR_ARCHIVE	recovery artifact
recovery_program_nl_question_completion_20260606_214915/candidates/current/recovery_program_nl_question_completion_20260606_214738/candidates/current/T094_XIAOJ_REVIEW.yaml	RECOVERY_ARTIFACT_HOLD	RECOVERY_EVIDENCE_WORKCELL	REVIEW_COMMIT_INDEX_OR_ARCHIVE	recovery artifact
recovery_program_nl_question_completion_20260606_214915/candidates/current/recovery_program_nl_question_completion_20260606_214738/candidates/current/TAIJI_RUNTIME_MASTER_FILELIST.txt	RECOVERY_ARTIFACT_HOLD	RECOVERY_EVIDENCE_WORKCELL	REVIEW_COMMIT_INDEX_OR_ARCHIVE	recovery artifact
recovery_program_nl_question_completion_20260606_214915/candidates/current/recovery_program_nl_question_completion_20260606_214738/candidates/current/Taiji_AutoBuild/scripts/06_metric_predictive_alert.py	RECOVERY_ARTIFACT_HOLD	RECOVERY_EVIDENCE_WORKCELL	REVIEW_COMMIT_INDEX_OR_ARCHIVE	recovery artifact
recovery_program_nl_question_completion_20260606_214915/candidates/current/recovery_program_nl_question_completion_20260606_214738/candidates/current/Taiji_Claw_Safe/app/main.py	RECOVERY_ARTIFACT_HOLD	RECOVERY_EVIDENCE_WORKCELL	REVIEW_COMMIT_INDEX_OR_ARCHIVE	recovery artifact
recovery_program_nl_question_completion_20260606_214915/candidates/current/recovery_program_nl_question_completion_20260606_214738/candidates/current/Taiji_Device_Resilience_Adapter/app/main.py	RECOVERY_ARTIFACT_HOLD	RECOVERY_EVIDENCE_WORKCELL	REVIEW_COMMIT_INDEX_OR_ARCHIVE	recovery artifact
recovery_program_nl_question_completion_20260606_214915/candidates/current/recovery_program_nl_question_completion_20260606_214738/candidates/current/Taiji_Governance/architecture/layers_standards.yml	RECOVERY_ARTIFACT_HOLD	RECOVERY_EVIDENCE_WORKCELL	REVIEW_COMMIT_INDEX_OR_ARCHIVE	recovery artifact
recovery_program_nl_question_completion_20260606_214915/candidates/current/recovery_program_nl_question_completion_20260606_214738/candidates/current/Taiji_Governance/auto_push_or_archive_20260531_223533.md	RECOVERY_ARTIFACT_HOLD	RECOVERY_EVIDENCE_WORKCELL	REVIEW_COMMIT_INDEX_OR_ARCHIVE	recovery artifact
recovery_program_nl_question_completion_20260606_214915/candidates/current/recovery_program_nl_question_completion_20260606_214738/candidates/current/Taiji_Governance/deployments/cafe_main_redeploy_status.md	RECOVERY_ARTIFACT_HOLD	RECOVERY_EVIDENCE_WORKCELL	REVIEW_COMMIT_INDEX_OR_ARCHIVE	recovery artifact
recovery_program_nl_question_completion_20260606_214915/candidates/current/recovery_program_nl_question_completion_20260606_214738/candidates/current/Taiji_Governance/economy/community_micro_economy_manifest_2026-05-12.json	RECOVERY_ARTIFACT_HOLD	RECOVERY_EVIDENCE_WORKCELL	REVIEW_COMMIT_INDEX_OR_ARCHIVE	recovery artifact
recovery_program_nl_question_completion_20260606_214915/candidates/current/recovery_program_nl_question_completion_20260606_214738/candidates/current/Taiji_Governance/economy/sovereign_economic_engine_v8_invariants_2026-05-12.md	RECOVERY_ARTIFACT_HOLD	RECOVERY_EVIDENCE_WORKCELL	REVIEW_COMMIT_INDEX_OR_ARCHIVE	recovery artifact
recovery_program_nl_question_completion_20260606_214915/candidates/current/recovery_program_nl_question_completion_20260606_214738/candidates/current/Taiji_Governance/economy/sovereign_economic_engine_v8_manifest_2026-05-12.json	RECOVERY_ARTIFACT_HOLD	RECOVERY_EVIDENCE_WORKCELL	REVIEW_COMMIT_INDEX_OR_ARCHIVE	recovery artifact
recovery_program_nl_question_completion_20260606_214915/candidates/current/recovery_program_nl_question_completion_20260606_214738/candidates/current/Taiji_Governance/focused_governed_hive_push_20260531_223427.md	RECOVERY_ARTIFACT_HOLD	RECOVERY_EVIDENCE_WORKCELL	REVIEW_COMMIT_INDEX_OR_ARCHIVE	recovery artifact
recovery_program_nl_question_completion_20260606_214915/candidates/current/recovery_program_nl_question_completion_20260606_214738/candidates/current/Taiji_Governance/full_system_module_feature_compare_20260531_225818.md	RECOVERY_ARTIFACT_HOLD	RECOVERY_EVIDENCE_WORKCELL	REVIEW_COMMIT_INDEX_OR_ARCHIVE	recovery artifact
recovery_program_nl_question_completion_20260606_214915/candidates/current/recovery_program_nl_question_completion_20260606_214738/candidates/current/Taiji_Governance/git_rebuild/git_status_before_M011_20260601_173624.txt	RECOVERY_ARTIFACT_HOLD	RECOVERY_EVIDENCE_WORKCELL	REVIEW_COMMIT_INDEX_OR_ARCHIVE	recovery artifact
recovery_program_nl_question_completion_20260606_214915/candidates/current/recovery_program_nl_question_completion_20260606_214738/candidates/current/Taiji_Governance/global_remaining_human_review.txt	RECOVERY_ARTIFACT_HOLD	RECOVERY_EVIDENCE_WORKCELL	REVIEW_COMMIT_INDEX_OR_ARCHIVE	recovery artifact
recovery_program_nl_question_completion_20260606_214915/candidates/current/recovery_program_nl_question_completion_20260606_214738/candidates/current/Taiji_Governance/identity/digital_identity.yml	RECOVERY_ARTIFACT_HOLD	RECOVERY_EVIDENCE_WORKCELL	REVIEW_COMMIT_INDEX_OR_ARCHIVE	recovery artifact
recovery_program_nl_question_completion_20260606_214915/candidates/current/recovery_program_nl_question_completion_20260606_214738/candidates/current/Taiji_Governance/identity/wuchang_association_legal_profile_2026-05-11.md	RECOVERY_ARTIFACT_HOLD	RECOVERY_EVIDENCE_WORKCELL	REVIEW_COMMIT_INDEX_OR_ARCHIVE	recovery artifact
recovery_program_nl_question_completion_20260606_214915/candidates/current/recovery_program_nl_question_completion_20260606_214738/candidates/current/Taiji_Governance/identity/wuchang_association_legal_profile_v2_2026-05-11.md	RECOVERY_ARTIFACT_HOLD	RECOVERY_EVIDENCE_WORKCELL	REVIEW_COMMIT_INDEX_OR_ARCHIVE	recovery artifact
recovery_program_nl_question_completion_20260606_214915/candidates/current/recovery_program_nl_question_completion_20260606_214738/candidates/current/Taiji_Governance/p1_p2_human_review_candidates.txt	RECOVERY_ARTIFACT_HOLD	RECOVERY_EVIDENCE_WORKCELL	REVIEW_COMMIT_INDEX_OR_ARCHIVE	recovery artifact
recovery_program_nl_question_completion_20260606_214915/candidates/current/recovery_program_nl_question_completion_20260606_214738/candidates/current/Taiji_Governance/pm3_runtime_sync_source_truth_20260531_200753.md	RECOVERY_ARTIFACT_HOLD	RECOVERY_EVIDENCE_WORKCELL	REVIEW_COMMIT_INDEX_OR_ARCHIVE	recovery artifact
recovery_program_nl_question_completion_20260606_214915/candidates/current/recovery_program_nl_question_completion_20260606_214738/candidates/current/Taiji_Governance/policies/community_association_data_authority_policy_2026-05-11.md	RECOVERY_ARTIFACT_HOLD	RECOVERY_EVIDENCE_WORKCELL	REVIEW_COMMIT_INDEX_OR_ARCHIVE	recovery artifact
recovery_program_nl_question_completion_20260606_214915/candidates/current/recovery_program_nl_question_completion_20260606_214738/candidates/current/Taiji_Governance/policies/development_efficiency_first_policy_2026-05-11.md	RECOVERY_ARTIFACT_HOLD	RECOVERY_EVIDENCE_WORKCELL	REVIEW_COMMIT_INDEX_OR_ARCHIVE	recovery artifact
recovery_program_nl_question_completion_20260606_214915/candidates/current/recovery_program_nl_question_completion_20260606_214738/candidates/current/Taiji_Governance/policies/information_custodian_accountability_statement_2026-05-11.md	RECOVERY_ARTIFACT_HOLD	RECOVERY_EVIDENCE_WORKCELL	REVIEW_COMMIT_INDEX_OR_ARCHIVE	recovery artifact
recovery_program_nl_question_completion_20260606_214915/candidates/current/recovery_program_nl_question_completion_20260606_214738/candidates/current/Taiji_Governance/policies/member_information_sealed_vault_policy_2026-05-11.md	RECOVERY_ARTIFACT_HOLD	RECOVERY_EVIDENCE_WORKCELL	REVIEW_COMMIT_INDEX_OR_ARCHIVE	recovery artifact
recovery_program_nl_question_completion_20260606_214915/candidates/current/recovery_program_nl_question_completion_20260606_214738/candidates/current/Taiji_Governance/policies/member_information_vault_d_drive_policy_2026-05-11.md	RECOVERY_ARTIFACT_HOLD	RECOVERY_EVIDENCE_WORKCELL	REVIEW_COMMIT_INDEX_OR_ARCHIVE	recovery artifact
recovery_program_nl_question_completion_20260606_214915/candidates/current/recovery_program_nl_question_completion_20260606_214738/candidates/current/Taiji_Governance/policies/unique_ai_window_partition_policy_2026-05-12.md	RECOVERY_ARTIFACT_HOLD	RECOVERY_EVIDENCE_WORKCELL	REVIEW_COMMIT_INDEX_OR_ARCHIVE	recovery artifact
recovery_program_nl_question_completion_20260606_214915/candidates/current/recovery_program_nl_question_completion_20260606_214738/candidates/current/Taiji_Governance/progress/completion_dashboard_blocks_2026-05-11.md	RECOVERY_ARTIFACT_HOLD	RECOVERY_EVIDENCE_WORKCELL	REVIEW_COMMIT_INDEX_OR_ARCHIVE	recovery artifact
recovery_program_nl_question_completion_20260606_214915/candidates/current/recovery_program_nl_question_completion_20260606_214738/candidates/current/Taiji_Governance/progress/taiji01_topology_brain_transfer_progress_2026-05-14.md	RECOVERY_ARTIFACT_HOLD	RECOVERY_EVIDENCE_WORKCELL	REVIEW_COMMIT_INDEX_OR_ARCHIVE	recovery artifact
recovery_program_nl_question_completion_20260606_214915/candidates/current/recovery_program_nl_question_completion_20260606_214738/candidates/current/Taiji_Governance/progress/taiji_hub_architecture_completion_dashboard_v2026-05-11.md	RECOVERY_ARTIFACT_HOLD	RECOVERY_EVIDENCE_WORKCELL	REVIEW_COMMIT_INDEX_OR_ARCHIVE	recovery artifact
recovery_program_nl_question_completion_20260606_214915/candidates/current/recovery_program_nl_question_completion_20260606_214738/candidates/current/Taiji_Governance/system_info/active_intent_flow_cache_policy.manifest.json	RECOVERY_ARTIFACT_HOLD	RECOVERY_EVIDENCE_WORKCELL	REVIEW_COMMIT_INDEX_OR_ARCHIVE	recovery artifact
recovery_program_nl_question_completion_20260606_214915/candidates/current/recovery_program_nl_question_completion_20260606_214738/candidates/current/Taiji_Governance/system_info/active_intent_flow_cache_policy_2026-05-12.md	RECOVERY_ARTIFACT_HOLD	RECOVERY_EVIDENCE_WORKCELL	REVIEW_COMMIT_INDEX_OR_ARCHIVE	recovery artifact
recovery_program_nl_question_completion_20260606_214915/candidates/current/recovery_program_nl_question_completion_20260606_214738/candidates/current/Taiji_Governance/system_info/business_entity_subject_mapping_2026-05-12.md	RECOVERY_ARTIFACT_HOLD	RECOVERY_EVIDENCE_WORKCELL	REVIEW_COMMIT_INDEX_OR_ARCHIVE	recovery artifact
recovery_program_nl_question_completion_20260606_214915/candidates/current/recovery_program_nl_question_completion_20260606_214738/candidates/current/Taiji_Governance/system_info/community_branch_group_member_mapping.manifest.json	RECOVERY_ARTIFACT_HOLD	RECOVERY_EVIDENCE_WORKCELL	REVIEW_COMMIT_INDEX_OR_ARCHIVE	recovery artifact
recovery_program_nl_question_completion_20260606_214915/candidates/current/recovery_program_nl_question_completion_20260606_214738/candidates/current/Taiji_Governance/system_info/dependency_links_2026-05-12.csv	RECOVERY_ARTIFACT_HOLD	RECOVERY_EVIDENCE_WORKCELL	REVIEW_COMMIT_INDEX_OR_ARCHIVE	recovery artifact
recovery_program_nl_question_completion_20260606_214915/candidates/current/recovery_program_nl_question_completion_20260606_214738/candidates/current/Taiji_Governance/system_info/dependency_relocation_plan_2026-05-12.jsonl	RECOVERY_ARTIFACT_HOLD	RECOVERY_EVIDENCE_WORKCELL	REVIEW_COMMIT_INDEX_OR_ARCHIVE	recovery artifact
recovery_program_nl_question_completion_20260606_214915/candidates/current/recovery_program_nl_question_completion_20260606_214738/candidates/current/Taiji_Governance/system_info/dependency_relocation_verify_2026-05-12.jsonl	RECOVERY_ARTIFACT_HOLD	RECOVERY_EVIDENCE_WORKCELL	REVIEW_COMMIT_INDEX_OR_ARCHIVE	recovery artifact
recovery_program_nl_question_completion_20260606_214915/candidates/current/recovery_program_nl_question_completion_20260606_214738/candidates/current/Taiji_Governance/system_info/host_restructure/taiji01_host_inventory_20260511T170226Z.jsonl	RECOVERY_ARTIFACT_HOLD	RECOVERY_EVIDENCE_WORKCELL	REVIEW_COMMIT_INDEX_OR_ARCHIVE	recovery artifact
recovery_program_nl_question_completion_20260606_214915/candidates/current/recovery_program_nl_question_completion_20260606_214738/candidates/current/Taiji_Governance/system_info/local_machine_gateway_control_2026-05-13.md	RECOVERY_ARTIFACT_HOLD	RECOVERY_EVIDENCE_WORKCELL	REVIEW_COMMIT_INDEX_OR_ARCHIVE	recovery artifact
recovery_program_nl_question_completion_20260606_214915/candidates/current/recovery_program_nl_question_completion_20260606_214738/candidates/current/Taiji_Governance/system_info/wuchang_jurisdiction_coordinate_analysis_2026-05-12.md	RECOVERY_ARTIFACT_HOLD	RECOVERY_EVIDENCE_WORKCELL	REVIEW_COMMIT_INDEX_OR_ARCHIVE	recovery artifact
recovery_program_nl_question_completion_20260606_214915/candidates/current/recovery_program_nl_question_completion_20260606_214738/candidates/current/Taiji_Governance/task_force/task_force_dispatch_manifest_2026-05-12.json	RECOVERY_ARTIFACT_HOLD	RECOVERY_EVIDENCE_WORKCELL	REVIEW_COMMIT_INDEX_OR_ARCHIVE	recovery artifact
recovery_program_nl_question_completion_20260606_214915/candidates/current/recovery_program_nl_question_completion_20260606_214738/candidates/current/Taiji_Governance/total_field_duplicate_development_audit_20260531_225228.md	RECOVERY_ARTIFACT_HOLD	RECOVERY_EVIDENCE_WORKCELL	REVIEW_COMMIT_INDEX_OR_ARCHIVE	recovery artifact
recovery_program_nl_question_completion_20260606_214915/candidates/current/recovery_program_nl_question_completion_20260606_214738/candidates/current/Taiji_Governance/worklist/worklist.md	RECOVERY_ARTIFACT_HOLD	RECOVERY_EVIDENCE_WORKCELL	REVIEW_COMMIT_INDEX_OR_ARCHIVE	recovery artifact
recovery_program_nl_question_completion_20260606_214915/candidates/current/recovery_program_nl_question_completion_20260606_214738/candidates/current/Taiji_Governance/workspace_unclassified_inventory_20260601_152523.md	RECOVERY_ARTIFACT_HOLD	RECOVERY_EVIDENCE_WORKCELL	REVIEW_COMMIT_INDEX_OR_ARCHIVE	recovery artifact
recovery_program_nl_question_completion_20260606_214915/candidates/current/recovery_program_nl_question_completion_20260606_214738/candidates/current/Taiji_Governance/wuchang_universe_misplaced_file_packet_20260531_200715.md	RECOVERY_ARTIFACT_HOLD	RECOVERY_EVIDENCE_WORKCELL	REVIEW_COMMIT_INDEX_OR_ARCHIVE	recovery artifact
recovery_program_nl_question_completion_20260606_214915/candidates/current/recovery_program_nl_question_completion_20260606_214738/candidates/current/Taiji_Governance/xiaoj_pre_review_upgrade_inventory_20260531_230819.md	RECOVERY_ARTIFACT_HOLD	RECOVERY_EVIDENCE_WORKCELL	REVIEW_COMMIT_INDEX_OR_ARCHIVE	recovery artifact
recovery_program_nl_question_completion_20260606_214915/candidates/current/recovery_program_nl_question_completion_20260606_214738/candidates/current/Taiji_Governance/xiaoj_source_link_reconciliation_20260601_154508.md	RECOVERY_ARTIFACT_HOLD	RECOVERY_EVIDENCE_WORKCELL	REVIEW_COMMIT_INDEX_OR_ARCHIVE	recovery artifact
recovery_program_nl_question_completion_20260606_214915/candidates/current/recovery_program_nl_question_completion_20260606_214738/candidates/current/Taiji_Governance/yaml_only_targets.txt	RECOVERY_ARTIFACT_HOLD	RECOVERY_EVIDENCE_WORKCELL	REVIEW_COMMIT_INDEX_OR_ARCHIVE	recovery artifact
recovery_program_nl_question_completion_20260606_214915/candidates/current/recovery_program_nl_question_completion_20260606_214738/candidates/current/Taiji_Odoo/addons/PM3_SYSTEM_STATUS_INVENTORY.md	RECOVERY_ARTIFACT_HOLD	RECOVERY_EVIDENCE_WORKCELL	REVIEW_COMMIT_INDEX_OR_ARCHIVE	recovery artifact
recovery_program_nl_question_completion_20260606_214915/candidates/current/recovery_program_nl_question_completion_20260606_214738/candidates/current/Taiji_Odoo/addons/pm3_runtime_sync/views/web_login_templates.xml	RECOVERY_ARTIFACT_HOLD	RECOVERY_EVIDENCE_WORKCELL	REVIEW_COMMIT_INDEX_OR_ARCHIVE	recovery artifact
recovery_program_nl_question_completion_20260606_214915/candidates/current/recovery_program_nl_question_completion_20260606_214738/candidates/current/Taiji_Odoo/addons/pm3_runtime_sync/views/web_login_templates.xml.disabled	RECOVERY_ARTIFACT_HOLD	RECOVERY_EVIDENCE_WORKCELL	REVIEW_COMMIT_INDEX_OR_ARCHIVE	recovery artifact
recovery_program_nl_question_completion_20260606_214915/candidates/current/recovery_program_nl_question_completion_20260606_214738/candidates/current/Taiji_Odoo/addons/taiji_member_login/static/src/css/taiji_member_login.css	RECOVERY_ARTIFACT_HOLD	RECOVERY_EVIDENCE_WORKCELL	REVIEW_COMMIT_INDEX_OR_ARCHIVE	recovery artifact
recovery_program_nl_question_completion_20260606_214915/candidates/current/recovery_program_nl_question_completion_20260606_214738/candidates/current/Taiji_Odoo/addons/wuchang_cafe_menu_options/models/menu_options.py	RECOVERY_ARTIFACT_HOLD	RECOVERY_EVIDENCE_WORKCELL	REVIEW_COMMIT_INDEX_OR_ARCHIVE	recovery artifact
recovery_program_nl_question_completion_20260606_214915/candidates/current/recovery_program_nl_question_completion_20260606_214738/candidates/current/Taiji_Odoo/addons/wuchang_cafe_menu_options/security/ir.model.access.csv	RECOVERY_ARTIFACT_HOLD	RECOVERY_EVIDENCE_WORKCELL	REVIEW_COMMIT_INDEX_OR_ARCHIVE	recovery artifact
recovery_program_nl_question_completion_20260606_214915/candidates/current/recovery_program_nl_question_completion_20260606_214738/candidates/current/Taiji_Odoo/addons/wuchang_core/__manifest__.py	RECOVERY_ARTIFACT_HOLD	RECOVERY_EVIDENCE_WORKCELL	REVIEW_COMMIT_INDEX_OR_ARCHIVE	recovery artifact
recovery_program_nl_question_completion_20260606_214915/candidates/current/recovery_program_nl_question_completion_20260606_214738/candidates/current/Taiji_Odoo/addons/wuchang_core/controllers/main.py	RECOVERY_ARTIFACT_HOLD	RECOVERY_EVIDENCE_WORKCELL	REVIEW_COMMIT_INDEX_OR_ARCHIVE	recovery artifact
recovery_program_nl_question_completion_20260606_214915/candidates/current/recovery_program_nl_question_completion_20260606_214738/candidates/current/Taiji_Odoo/addons/wuchang_core/data/ai_cron.xml	RECOVERY_ARTIFACT_HOLD	RECOVERY_EVIDENCE_WORKCELL	REVIEW_COMMIT_INDEX_OR_ARCHIVE	recovery artifact
recovery_program_nl_question_completion_20260606_214915/candidates/current/recovery_program_nl_question_completion_20260606_214738/candidates/current/Taiji_Odoo/addons/wuchang_core/data/cron.xml	RECOVERY_ARTIFACT_HOLD	RECOVERY_EVIDENCE_WORKCELL	REVIEW_COMMIT_INDEX_OR_ARCHIVE	recovery artifact
recovery_program_nl_question_completion_20260606_214915/candidates/current/recovery_program_nl_question_completion_20260606_214738/candidates/current/Taiji_Odoo/addons/wuchang_core/data/missing_items.json	RECOVERY_ARTIFACT_HOLD	RECOVERY_EVIDENCE_WORKCELL	REVIEW_COMMIT_INDEX_OR_ARCHIVE	recovery artifact
recovery_program_nl_question_completion_20260606_214915/candidates/current/recovery_program_nl_question_completion_20260606_214738/candidates/current/Taiji_Odoo/addons/wuchang_core/data/optimization_items.json	RECOVERY_ARTIFACT_HOLD	RECOVERY_EVIDENCE_WORKCELL	REVIEW_COMMIT_INDEX_OR_ARCHIVE	recovery artifact
recovery_program_nl_question_completion_20260606_214915/candidates/current/recovery_program_nl_question_completion_20260606_214738/candidates/current/Taiji_Odoo/addons/wuchang_core/data/system_params.xml	RECOVERY_ARTIFACT_HOLD	RECOVERY_EVIDENCE_WORKCELL	REVIEW_COMMIT_INDEX_OR_ARCHIVE	recovery artifact
recovery_program_nl_question_completion_20260606_214915/candidates/current/recovery_program_nl_question_completion_20260606_214738/candidates/current/Taiji_Odoo/addons/wuchang_core/models/Untitled-2.py	RECOVERY_ARTIFACT_HOLD	RECOVERY_EVIDENCE_WORKCELL	REVIEW_COMMIT_INDEX_OR_ARCHIVE	recovery artifact
recovery_program_nl_question_completion_20260606_214915/candidates/current/recovery_program_nl_question_completion_20260606_214738/candidates/current/Taiji_Odoo/addons/wuchang_core/models/ai_event_listener.py	RECOVERY_ARTIFACT_HOLD	RECOVERY_EVIDENCE_WORKCELL	REVIEW_COMMIT_INDEX_OR_ARCHIVE	recovery artifact
recovery_program_nl_question_completion_20260606_214915/candidates/current/recovery_program_nl_question_completion_20260606_214738/candidates/current/Taiji_Odoo/addons/wuchang_core/models/ai_guard.py	RECOVERY_ARTIFACT_HOLD	RECOVERY_EVIDENCE_WORKCELL	REVIEW_COMMIT_INDEX_OR_ARCHIVE	recovery artifact
recovery_program_nl_question_completion_20260606_214915/candidates/current/recovery_program_nl_question_completion_20260606_214738/candidates/current/Taiji_Odoo/addons/wuchang_core/models/ai_logic.py	RECOVERY_ARTIFACT_HOLD	RECOVERY_EVIDENCE_WORKCELL	REVIEW_COMMIT_INDEX_OR_ARCHIVE	recovery artifact
recovery_program_nl_question_completion_20260606_214915/candidates/current/recovery_program_nl_question_completion_20260606_214738/candidates/current/Taiji_Odoo/addons/wuchang_core/models/ai_memory.py	RECOVERY_ARTIFACT_HOLD	RECOVERY_EVIDENCE_WORKCELL	REVIEW_COMMIT_INDEX_OR_ARCHIVE	recovery artifact
recovery_program_nl_question_completion_20260606_214915/candidates/current/recovery_program_nl_question_completion_20260606_214738/candidates/current/Taiji_Odoo/addons/wuchang_core/models/api_account_separation.py	RECOVERY_ARTIFACT_HOLD	RECOVERY_EVIDENCE_WORKCELL	REVIEW_COMMIT_INDEX_OR_ARCHIVE	recovery artifact
recovery_program_nl_question_completion_20260606_214915/candidates/current/recovery_program_nl_question_completion_20260606_214738/candidates/current/Taiji_Odoo/addons/wuchang_core/models/core_logic.py	RECOVERY_ARTIFACT_HOLD	RECOVERY_EVIDENCE_WORKCELL	REVIEW_COMMIT_INDEX_OR_ARCHIVE	recovery artifact
recovery_program_nl_question_completion_20260606_214915/candidates/current/recovery_program_nl_question_completion_20260606_214738/candidates/current/Taiji_Odoo/addons/wuchang_core/models/device_control_plan.py	RECOVERY_ARTIFACT_HOLD	RECOVERY_EVIDENCE_WORKCELL	REVIEW_COMMIT_INDEX_OR_ARCHIVE	recovery artifact
recovery_program_nl_question_completion_20260606_214915/candidates/current/recovery_program_nl_question_completion_20260606_214738/candidates/current/Taiji_Odoo/addons/wuchang_core/models/jf_gateway.py	RECOVERY_ARTIFACT_HOLD	RECOVERY_EVIDENCE_WORKCELL	REVIEW_COMMIT_INDEX_OR_ARCHIVE	recovery artifact
recovery_program_nl_question_completion_20260606_214915/candidates/current/recovery_program_nl_question_completion_20260606_214738/candidates/current/Taiji_Odoo/addons/wuchang_core/models/task.py	RECOVERY_ARTIFACT_HOLD	RECOVERY_EVIDENCE_WORKCELL	REVIEW_COMMIT_INDEX_OR_ARCHIVE	recovery artifact
recovery_program_nl_question_completion_20260606_214915/candidates/current/recovery_program_nl_question_completion_20260606_214738/candidates/current/Taiji_Odoo/addons/wuchang_core/models/voice_conversation.py	RECOVERY_ARTIFACT_HOLD	RECOVERY_EVIDENCE_WORKCELL	REVIEW_COMMIT_INDEX_OR_ARCHIVE	recovery artifact
recovery_program_nl_question_completion_20260606_214915/candidates/current/recovery_program_nl_question_completion_20260606_214738/candidates/current/Taiji_Odoo/addons/wuchang_core/models/volunteer.py	RECOVERY_ARTIFACT_HOLD	RECOVERY_EVIDENCE_WORKCELL	REVIEW_COMMIT_INDEX_OR_ARCHIVE	recovery artifact
recovery_program_nl_question_completion_20260606_214915/candidates/current/recovery_program_nl_question_completion_20260606_214738/candidates/current/Taiji_Odoo/addons/wuchang_core/security/ir.model.access.csv	RECOVERY_ARTIFACT_HOLD	RECOVERY_EVIDENCE_WORKCELL	REVIEW_COMMIT_INDEX_OR_ARCHIVE	recovery artifact
recovery_program_nl_question_completion_20260606_214915/candidates/current/recovery_program_nl_question_completion_20260606_214738/candidates/current/Taiji_Odoo/addons/wuchang_core/static/src/js/community_super_app.jsx	RECOVERY_ARTIFACT_HOLD	RECOVERY_EVIDENCE_WORKCELL	REVIEW_COMMIT_INDEX_OR_ARCHIVE	recovery artifact
recovery_program_nl_question_completion_20260606_214915/candidates/current/recovery_program_nl_question_completion_20260606_214738/candidates/current/Taiji_Odoo/addons/wuchang_core/tests/benchmark_spatiotemporal.py	RECOVERY_ARTIFACT_HOLD	RECOVERY_EVIDENCE_WORKCELL	REVIEW_COMMIT_INDEX_OR_ARCHIVE	recovery artifact
recovery_program_nl_question_completion_20260606_214915/candidates/current/recovery_program_nl_question_completion_20260606_214738/candidates/current/Taiji_Odoo/addons/wuchang_core/tests/test_listener_sim.py	RECOVERY_ARTIFACT_HOLD	RECOVERY_EVIDENCE_WORKCELL	REVIEW_COMMIT_INDEX_OR_ARCHIVE	recovery artifact
recovery_program_nl_question_completion_20260606_214915/candidates/current/recovery_program_nl_question_completion_20260606_214738/candidates/current/Taiji_Odoo/addons/wuchang_core/views/delivery_page.xml	RECOVERY_ARTIFACT_HOLD	RECOVERY_EVIDENCE_WORKCELL	REVIEW_COMMIT_INDEX_OR_ARCHIVE	recovery artifact
recovery_program_nl_question_completion_20260606_214915/candidates/current/recovery_program_nl_question_completion_20260606_214738/candidates/current/Taiji_Odoo/addons/wuchang_core/views/device_web_app_templates.xml	RECOVERY_ARTIFACT_HOLD	RECOVERY_EVIDENCE_WORKCELL	REVIEW_COMMIT_INDEX_OR_ARCHIVE	recovery artifact
recovery_program_nl_question_completion_20260606_214915/candidates/current/recovery_program_nl_question_completion_20260606_214738/candidates/current/Taiji_Odoo/addons/wuchang_core/views/knowledge_templates.xml	RECOVERY_ARTIFACT_HOLD	RECOVERY_EVIDENCE_WORKCELL	REVIEW_COMMIT_INDEX_OR_ARCHIVE	recovery artifact
recovery_program_nl_question_completion_20260606_214915/candidates/current/recovery_program_nl_question_completion_20260606_214738/candidates/current/Taiji_Odoo/addons/wuchang_core/views/mobile_voice_app.xml	RECOVERY_ARTIFACT_HOLD	RECOVERY_EVIDENCE_WORKCELL	REVIEW_COMMIT_INDEX_OR_ARCHIVE	recovery artifact
recovery_program_nl_question_completion_20260606_214915/candidates/current/recovery_program_nl_question_completion_20260606_214738/candidates/current/Taiji_Odoo/addons/wuchang_core/views/order_views.xml	RECOVERY_ARTIFACT_HOLD	RECOVERY_EVIDENCE_WORKCELL	REVIEW_COMMIT_INDEX_OR_ARCHIVE	recovery artifact
recovery_program_nl_question_completion_20260606_214915/candidates/current/recovery_program_nl_question_completion_20260606_214738/candidates/current/Taiji_Odoo/addons/wuchang_core/views/order_website.xml	RECOVERY_ARTIFACT_HOLD	RECOVERY_EVIDENCE_WORKCELL	REVIEW_COMMIT_INDEX_OR_ARCHIVE	recovery artifact
recovery_program_nl_question_completion_20260606_214915/candidates/current/recovery_program_nl_question_completion_20260606_214738/candidates/current/Taiji_Odoo/addons/wuchang_core/views/pos_simulator.xml	RECOVERY_ARTIFACT_HOLD	RECOVERY_EVIDENCE_WORKCELL	REVIEW_COMMIT_INDEX_OR_ARCHIVE	recovery artifact
recovery_program_nl_question_completion_20260606_214915/candidates/current/recovery_program_nl_question_completion_20260606_214738/candidates/current/Taiji_Odoo/addons/wuchang_core/views/service_dashboard.xml	RECOVERY_ARTIFACT_HOLD	RECOVERY_EVIDENCE_WORKCELL	REVIEW_COMMIT_INDEX_OR_ARCHIVE	recovery artifact
recovery_program_nl_question_completion_20260606_214915/candidates/current/recovery_program_nl_question_completion_20260606_214738/candidates/current/Taiji_Odoo/addons/wuchang_core/views/task_views.xml	RECOVERY_ARTIFACT_HOLD	RECOVERY_EVIDENCE_WORKCELL	REVIEW_COMMIT_INDEX_OR_ARCHIVE	recovery artifact
recovery_program_nl_question_completion_20260606_214915/candidates/current/recovery_program_nl_question_completion_20260606_214738/candidates/current/Taiji_Odoo/addons/wuchang_core/views/ticket_page.xml	RECOVERY_ARTIFACT_HOLD	RECOVERY_EVIDENCE_WORKCELL	REVIEW_COMMIT_INDEX_OR_ARCHIVE	recovery artifact
recovery_program_nl_question_completion_20260606_214915/candidates/current/recovery_program_nl_question_completion_20260606_214738/candidates/current/Taiji_Odoo/addons/wuchang_core/views/webauthn_login.xml	RECOVERY_ARTIFACT_HOLD	RECOVERY_EVIDENCE_WORKCELL	REVIEW_COMMIT_INDEX_OR_ARCHIVE	recovery artifact
recovery_program_nl_question_completion_20260606_214915/candidates/current/recovery_program_nl_question_completion_20260606_214738/candidates/current/Taiji_Odoo/addons/wuchang_knowledge_sync/models/wuchang_knowledge_sync.py	RECOVERY_ARTIFACT_HOLD	RECOVERY_EVIDENCE_WORKCELL	REVIEW_COMMIT_INDEX_OR_ARCHIVE	recovery artifact
recovery_program_nl_question_completion_20260606_214915/candidates/current/recovery_program_nl_question_completion_20260606_214738/candidates/current/Taiji_Odoo/addons/wuchang_member_ai_portal/controllers/portal.py	RECOVERY_ARTIFACT_HOLD	RECOVERY_EVIDENCE_WORKCELL	REVIEW_COMMIT_INDEX_OR_ARCHIVE	recovery artifact
recovery_program_nl_question_completion_20260606_214915/candidates/current/recovery_program_nl_question_completion_20260606_214738/candidates/current/Taiji_Odoo/addons/wuchang_member_registration/models/member_registration.py	RECOVERY_ARTIFACT_HOLD	RECOVERY_EVIDENCE_WORKCELL	REVIEW_COMMIT_INDEX_OR_ARCHIVE	recovery artifact
recovery_program_nl_question_completion_20260606_214915/candidates/current/recovery_program_nl_question_completion_20260606_214738/candidates/current/Taiji_Odoo/addons/wuchang_member_registration/views/portal_templates.xml	RECOVERY_ARTIFACT_HOLD	RECOVERY_EVIDENCE_WORKCELL	REVIEW_COMMIT_INDEX_OR_ARCHIVE	recovery artifact
recovery_program_nl_question_completion_20260606_214915/candidates/current/recovery_program_nl_question_completion_20260606_214738/candidates/current/Taiji_Odoo/addons/wuchang_property_local_cloud/models/wuchang_ticket_opening.py	RECOVERY_ARTIFACT_HOLD	RECOVERY_EVIDENCE_WORKCELL	REVIEW_COMMIT_INDEX_OR_ARCHIVE	recovery artifact
recovery_program_nl_question_completion_20260606_214915/candidates/current/recovery_program_nl_question_completion_20260606_214738/candidates/current/Taiji_Odoo/backup/wuchang_property_local_cloud_before_association_registration_20260524_011059/models/wuchang_ticket_opening.py	RECOVERY_ARTIFACT_HOLD	RECOVERY_EVIDENCE_WORKCELL	REVIEW_COMMIT_INDEX_OR_ARCHIVE	recovery artifact
recovery_program_nl_question_completion_20260606_214915/candidates/current/recovery_program_nl_question_completion_20260606_214738/candidates/current/Taiji_Odoo/backup/wuchang_property_local_cloud_before_fix_franchise_20260524_005231/models/wuchang_ticket_opening.py	RECOVERY_ARTIFACT_HOLD	RECOVERY_EVIDENCE_WORKCELL	REVIEW_COMMIT_INDEX_OR_ARCHIVE	recovery artifact
recovery_program_nl_question_completion_20260606_214915/candidates/current/recovery_program_nl_question_completion_20260606_214738/candidates/current/Taiji_Odoo/backup/wuchang_property_local_cloud_before_google_nonprofit_resources_20260524_010622/models/wuchang_ticket_opening.py	RECOVERY_ARTIFACT_HOLD	RECOVERY_EVIDENCE_WORKCELL	REVIEW_COMMIT_INDEX_OR_ARCHIVE	recovery artifact
recovery_program_nl_question_completion_20260606_214915/candidates/current/recovery_program_nl_question_completion_20260606_214738/candidates/current/Taiji_Odoo/backup/wuchang_property_local_cloud_before_google_workspace_admin_20260524_011419/models/wuchang_ticket_opening.py	RECOVERY_ARTIFACT_HOLD	RECOVERY_EVIDENCE_WORKCELL	REVIEW_COMMIT_INDEX_OR_ARCHIVE	recovery artifact
recovery_program_nl_question_completion_20260606_214915/candidates/current/recovery_program_nl_question_completion_20260606_214738/candidates/current/Taiji_Odoo/backup/wuchang_property_local_cloud_before_google_workspace_admin_20260524_011629/models/wuchang_ticket_opening.py	RECOVERY_ARTIFACT_HOLD	RECOVERY_EVIDENCE_WORKCELL	REVIEW_COMMIT_INDEX_OR_ARCHIVE	recovery artifact
recovery_program_nl_question_completion_20260606_214915/candidates/current/recovery_program_nl_question_completion_20260606_214738/candidates/current/Taiji_Odoo/backup/wuchang_property_local_cloud_before_pos_policy_20260524_005410/models/wuchang_ticket_opening.py	RECOVERY_ARTIFACT_HOLD	RECOVERY_EVIDENCE_WORKCELL	REVIEW_COMMIT_INDEX_OR_ARCHIVE	recovery artifact
recovery_program_nl_question_completion_20260606_214915/candidates/current/recovery_program_nl_question_completion_20260606_214738/candidates/current/Taiji_Odoo/backup/wuchang_property_local_cloud_before_public_interest_franchise_20260524_005126/models/wuchang_ticket_opening.py	RECOVERY_ARTIFACT_HOLD	RECOVERY_EVIDENCE_WORKCELL	REVIEW_COMMIT_INDEX_OR_ARCHIVE	recovery artifact
recovery_program_nl_question_completion_20260606_214915/candidates/current/recovery_program_nl_question_completion_20260606_214738/candidates/current/Taiji_Odoo/backup/wuchang_property_local_cloud_before_ticket_quota_buckets_20260524_002720/models/wuchang_ticket_opening.py	RECOVERY_ARTIFACT_HOLD	RECOVERY_EVIDENCE_WORKCELL	REVIEW_COMMIT_INDEX_OR_ARCHIVE	recovery artifact
recovery_program_nl_question_completion_20260606_214915/candidates/current/recovery_program_nl_question_completion_20260606_214738/candidates/current/Taiji_Odoo/backup/wuchang_property_local_cloud_before_ticket_quota_buckets_20260524_002749/models/wuchang_ticket_opening.py	RECOVERY_ARTIFACT_HOLD	RECOVERY_EVIDENCE_WORKCELL	REVIEW_COMMIT_INDEX_OR_ARCHIVE	recovery artifact
recovery_program_nl_question_completion_20260606_214915/candidates/current/recovery_program_nl_question_completion_20260606_214738/candidates/current/Taiji_Odoo/scripts/normalize_pos_menu.py	RECOVERY_ARTIFACT_HOLD	RECOVERY_EVIDENCE_WORKCELL	REVIEW_COMMIT_INDEX_OR_ARCHIVE	recovery artifact
recovery_program_nl_question_completion_20260606_214915/candidates/current/recovery_program_nl_question_completion_20260606_214738/candidates/current/Taiji_POS_Google_Voice_Tool/app/main.py	RECOVERY_ARTIFACT_HOLD	RECOVERY_EVIDENCE_WORKCELL	REVIEW_COMMIT_INDEX_OR_ARCHIVE	recovery artifact
recovery_program_nl_question_completion_20260606_214915/candidates/current/recovery_program_nl_question_completion_20260606_214738/candidates/current/W7TP_ARCHITECTURE_EVIDENCE_EXTRACT.txt	RECOVERY_ARTIFACT_HOLD	RECOVERY_EVIDENCE_WORKCELL	REVIEW_COMMIT_INDEX_OR_ARCHIVE	recovery artifact
recovery_program_nl_question_completion_20260606_214915/candidates/current/recovery_program_nl_question_completion_20260606_214738/candidates/current/W7TP_CHAIN_EVIDENCE.txt	RECOVERY_ARTIFACT_HOLD	RECOVERY_EVIDENCE_WORKCELL	REVIEW_COMMIT_INDEX_OR_ARCHIVE	recovery artifact
recovery_program_nl_question_completion_20260606_214915/candidates/current/recovery_program_nl_question_completion_20260606_214738/candidates/current/W7TP_DESIGN_EVIDENCE_INDEX.txt	RECOVERY_ARTIFACT_HOLD	RECOVERY_EVIDENCE_WORKCELL	REVIEW_COMMIT_INDEX_OR_ARCHIVE	recovery artifact
recovery_program_nl_question_completion_20260606_214915/candidates/current/recovery_program_nl_question_completion_20260606_214738/candidates/current/W7TP_FIELD_ATLAS/02_governed_hive_master_index.yaml	RECOVERY_ARTIFACT_HOLD	RECOVERY_EVIDENCE_WORKCELL	REVIEW_COMMIT_INDEX_OR_ARCHIVE	recovery artifact
recovery_program_nl_question_completion_20260606_214915/candidates/current/recovery_program_nl_question_completion_20260606_214738/candidates/current/W7TP_FIELD_ATLAS/19_state_world_extension.yaml	RECOVERY_ARTIFACT_HOLD	RECOVERY_EVIDENCE_WORKCELL	REVIEW_COMMIT_INDEX_OR_ARCHIVE	recovery artifact
recovery_program_nl_question_completion_20260606_214915/candidates/current/recovery_program_nl_question_completion_20260606_214738/candidates/current/W7TP_FIELD_ATLAS/20_sub_universe_registry.yaml	RECOVERY_ARTIFACT_HOLD	RECOVERY_EVIDENCE_WORKCELL	REVIEW_COMMIT_INDEX_OR_ARCHIVE	recovery artifact
recovery_program_nl_question_completion_20260606_214915/candidates/current/recovery_program_nl_question_completion_20260606_214738/candidates/current/W7TP_FIELD_ATLAS/28_state_world_router_boundary.yaml	RECOVERY_ARTIFACT_HOLD	RECOVERY_EVIDENCE_WORKCELL	REVIEW_COMMIT_INDEX_OR_ARCHIVE	recovery artifact
recovery_program_nl_question_completion_20260606_214915/candidates/current/recovery_program_nl_question_completion_20260606_214738/candidates/current/W7TP_FIELD_ATLAS/29_memory_lifecycle_map.yaml	RECOVERY_ARTIFACT_HOLD	RECOVERY_EVIDENCE_WORKCELL	REVIEW_COMMIT_INDEX_OR_ARCHIVE	recovery artifact
recovery_program_nl_question_completion_20260606_214915/candidates/current/recovery_program_nl_question_completion_20260606_214738/candidates/current/W7TP_FIELD_ATLAS/35_state_world_router_spec_v0.yaml	RECOVERY_ARTIFACT_HOLD	RECOVERY_EVIDENCE_WORKCELL	REVIEW_COMMIT_INDEX_OR_ARCHIVE	recovery artifact
recovery_program_nl_question_completion_20260606_214915/candidates/current/recovery_program_nl_question_completion_20260606_214738/candidates/current/W7TP_FIELD_ATLAS/36_memory_boot_map_v0.yaml	RECOVERY_ARTIFACT_HOLD	RECOVERY_EVIDENCE_WORKCELL	REVIEW_COMMIT_INDEX_OR_ARCHIVE	recovery artifact
recovery_program_nl_question_completion_20260606_214915/candidates/current/recovery_program_nl_question_completion_20260606_214738/candidates/current/W7TP_FIELD_ATLAS/38_odoo_inventory_classification_v0.yaml	RECOVERY_ARTIFACT_HOLD	RECOVERY_EVIDENCE_WORKCELL	REVIEW_COMMIT_INDEX_OR_ARCHIVE	recovery artifact
recovery_program_nl_question_completion_20260606_214915/candidates/current/recovery_program_nl_question_completion_20260606_214738/candidates/current/W7TP_FIELD_ATLAS/39_task_execution_stopline_v0.yaml	RECOVERY_ARTIFACT_HOLD	RECOVERY_EVIDENCE_WORKCELL	REVIEW_COMMIT_INDEX_OR_ARCHIVE	recovery artifact
recovery_program_nl_question_completion_20260606_214915/candidates/current/recovery_program_nl_question_completion_20260606_214738/candidates/current/W7TP_FIELD_ATLAS/40_state_world_snapshot_v0.yaml	RECOVERY_ARTIFACT_HOLD	RECOVERY_EVIDENCE_WORKCELL	REVIEW_COMMIT_INDEX_OR_ARCHIVE	recovery artifact
recovery_program_nl_question_completion_20260606_214915/candidates/current/recovery_program_nl_question_completion_20260606_214738/candidates/current/W7TP_FIELD_ATLAS/ai_quality/W7TP_AI_ANSWER_QUALITY_FIELD_20260602_133837.yaml	RECOVERY_ARTIFACT_HOLD	RECOVERY_EVIDENCE_WORKCELL	REVIEW_COMMIT_INDEX_OR_ARCHIVE	recovery artifact
recovery_program_nl_question_completion_20260606_214915/candidates/current/recovery_program_nl_question_completion_20260606_214738/candidates/current/W7TP_FIELD_ATLAS/ai_quality/latest_ai_answer_quality_field.yaml	RECOVERY_ARTIFACT_HOLD	RECOVERY_EVIDENCE_WORKCELL	REVIEW_COMMIT_INDEX_OR_ARCHIVE	recovery artifact
recovery_program_nl_question_completion_20260606_214915/candidates/current/recovery_program_nl_question_completion_20260606_214738/candidates/current/W7TP_FIELD_ATLAS/cost_routing/W7TP_AI_BLIND_COMPUTE_COST_ROUTER_V1.yaml	RECOVERY_ARTIFACT_HOLD	RECOVERY_EVIDENCE_WORKCELL	REVIEW_COMMIT_INDEX_OR_ARCHIVE	recovery artifact
recovery_program_nl_question_completion_20260606_214915/candidates/current/recovery_program_nl_question_completion_20260606_214738/candidates/current/W7TP_FIELD_ATLAS/drift_detector_plans/W7TP_DRIFT_DETECTOR_V1.yaml	RECOVERY_ARTIFACT_HOLD	RECOVERY_EVIDENCE_WORKCELL	REVIEW_COMMIT_INDEX_OR_ARCHIVE	recovery artifact
recovery_program_nl_question_completion_20260606_214915/candidates/current/recovery_program_nl_question_completion_20260606_214738/candidates/current/W7TP_FIELD_ATLAS/feature_compare/latest_full_system_module_feature_compare.md	RECOVERY_ARTIFACT_HOLD	RECOVERY_EVIDENCE_WORKCELL	REVIEW_COMMIT_INDEX_OR_ARCHIVE	recovery artifact
recovery_program_nl_question_completion_20260606_214915/candidates/current/recovery_program_nl_question_completion_20260606_214738/candidates/current/W7TP_FIELD_ATLAS/feature_compare/latest_module_feature_matrix.csv	RECOVERY_ARTIFACT_HOLD	RECOVERY_EVIDENCE_WORKCELL	REVIEW_COMMIT_INDEX_OR_ARCHIVE	recovery artifact
recovery_program_nl_question_completion_20260606_214915/candidates/current/recovery_program_nl_question_completion_20260606_214738/candidates/current/W7TP_FIELD_ATLAS/feature_compare/module_feature_matrix_20260531_225818.csv	RECOVERY_ARTIFACT_HOLD	RECOVERY_EVIDENCE_WORKCELL	REVIEW_COMMIT_INDEX_OR_ARCHIVE	recovery artifact
recovery_program_nl_question_completion_20260606_214915/candidates/current/recovery_program_nl_question_completion_20260606_214738/candidates/current/W7TP_FIELD_ATLAS/function_maps/WUCHANG_FUNCTION_TO_MODULE_MAP_V1.yaml	RECOVERY_ARTIFACT_HOLD	RECOVERY_EVIDENCE_WORKCELL	REVIEW_COMMIT_INDEX_OR_ARCHIVE	recovery artifact
recovery_program_nl_question_completion_20260606_214915/candidates/current/recovery_program_nl_question_completion_20260606_214738/candidates/current/W7TP_FIELD_ATLAS/gei_context/00_GEI_MASTER_INDEX.yaml	RECOVERY_ARTIFACT_HOLD	RECOVERY_EVIDENCE_WORKCELL	REVIEW_COMMIT_INDEX_OR_ARCHIVE	recovery artifact
recovery_program_nl_question_completion_20260606_214915/candidates/current/recovery_program_nl_question_completion_20260606_214738/candidates/current/W7TP_FIELD_ATLAS/gei_context/W7TP_GEI_CONTEXT_FIELD_V1.yaml	RECOVERY_ARTIFACT_HOLD	RECOVERY_EVIDENCE_WORKCELL	REVIEW_COMMIT_INDEX_OR_ARCHIVE	recovery artifact
recovery_program_nl_question_completion_20260606_214915/candidates/current/recovery_program_nl_question_completion_20260606_214738/candidates/current/W7TP_FIELD_ATLAS/gei_context/W7TP_GEI_CONTEXT_INDEX_V1.yaml	RECOVERY_ARTIFACT_HOLD	RECOVERY_EVIDENCE_WORKCELL	REVIEW_COMMIT_INDEX_OR_ARCHIVE	recovery artifact
recovery_program_nl_question_completion_20260606_214915/candidates/current/recovery_program_nl_question_completion_20260606_214738/candidates/current/W7TP_FIELD_ATLAS/gei_context/W7TP_GEI_CONTEXT_PACKET_SCHEMA_V1.yaml	RECOVERY_ARTIFACT_HOLD	RECOVERY_EVIDENCE_WORKCELL	REVIEW_COMMIT_INDEX_OR_ARCHIVE	recovery artifact
recovery_program_nl_question_completion_20260606_214915/candidates/current/recovery_program_nl_question_completion_20260606_214738/candidates/current/W7TP_FIELD_ATLAS/gei_context/W7TP_GEI_CONTEXT_ROUTING_RULE_V1.yaml	RECOVERY_ARTIFACT_HOLD	RECOVERY_EVIDENCE_WORKCELL	REVIEW_COMMIT_INDEX_OR_ARCHIVE	recovery artifact
recovery_program_nl_question_completion_20260606_214915/candidates/current/recovery_program_nl_question_completion_20260606_214738/candidates/current/W7TP_FIELD_ATLAS/gei_context/correlation/W7TP_GEI_FIELD_DRIFT_CORRELATION_ENGINE_V1.yaml	RECOVERY_ARTIFACT_HOLD	RECOVERY_EVIDENCE_WORKCELL	REVIEW_COMMIT_INDEX_OR_ARCHIVE	recovery artifact
recovery_program_nl_question_completion_20260606_214915/candidates/current/recovery_program_nl_question_completion_20260606_214738/candidates/current/W7TP_FIELD_ATLAS/gei_context/export_policies/W7TP_GEI_CONTEXT_EXPORT_BOUNDARY_V1.yaml	RECOVERY_ARTIFACT_HOLD	RECOVERY_EVIDENCE_WORKCELL	REVIEW_COMMIT_INDEX_OR_ARCHIVE	recovery artifact
recovery_program_nl_question_completion_20260606_214915/candidates/current/recovery_program_nl_question_completion_20260606_214738/candidates/current/W7TP_FIELD_ATLAS/gei_context/handoff_templates/W7TP_GEI_CHAT_HANDOFF_TEMPLATE_V1.md	RECOVERY_ARTIFACT_HOLD	RECOVERY_EVIDENCE_WORKCELL	REVIEW_COMMIT_INDEX_OR_ARCHIVE	recovery artifact
recovery_program_nl_question_completion_20260606_214915/candidates/current/recovery_program_nl_question_completion_20260606_214738/candidates/current/W7TP_FIELD_ATLAS/gei_context/scripts/W7TP_GEI_SNAPSHOT_SCRIPT_PLAN_V1.yaml	RECOVERY_ARTIFACT_HOLD	RECOVERY_EVIDENCE_WORKCELL	REVIEW_COMMIT_INDEX_OR_ARCHIVE	recovery artifact
recovery_program_nl_question_completion_20260606_214915/candidates/current/recovery_program_nl_question_completion_20260606_214738/candidates/current/W7TP_FIELD_ATLAS/gei_context/scripts/generate_gei_snapshot.sh	RECOVERY_ARTIFACT_HOLD	RECOVERY_EVIDENCE_WORKCELL	REVIEW_COMMIT_INDEX_OR_ARCHIVE	recovery artifact
recovery_program_nl_question_completion_20260606_214915/candidates/current/recovery_program_nl_question_completion_20260606_214738/candidates/current/W7TP_FIELD_ATLAS/gei_context/snapshot_outputs/gei_context_snapshot_20260601_012517.md	RECOVERY_ARTIFACT_HOLD	RECOVERY_EVIDENCE_WORKCELL	REVIEW_COMMIT_INDEX_OR_ARCHIVE	recovery artifact
recovery_program_nl_question_completion_20260606_214915/candidates/current/recovery_program_nl_question_completion_20260606_214738/candidates/current/W7TP_FIELD_ATLAS/gei_context/snapshot_outputs/gei_context_snapshot_20260601_012517.yaml	RECOVERY_ARTIFACT_HOLD	RECOVERY_EVIDENCE_WORKCELL	REVIEW_COMMIT_INDEX_OR_ARCHIVE	recovery artifact
recovery_program_nl_question_completion_20260606_214915/candidates/current/recovery_program_nl_question_completion_20260606_214738/candidates/current/W7TP_FIELD_ATLAS/gei_context/snapshot_outputs/latest_gei_context_snapshot.md	RECOVERY_ARTIFACT_HOLD	RECOVERY_EVIDENCE_WORKCELL	REVIEW_COMMIT_INDEX_OR_ARCHIVE	recovery artifact
recovery_program_nl_question_completion_20260606_214915/candidates/current/recovery_program_nl_question_completion_20260606_214738/candidates/current/W7TP_FIELD_ATLAS/gei_context/snapshot_outputs/latest_gei_context_snapshot.yaml	RECOVERY_ARTIFACT_HOLD	RECOVERY_EVIDENCE_WORKCELL	REVIEW_COMMIT_INDEX_OR_ARCHIVE	recovery artifact
recovery_program_nl_question_completion_20260606_214915/candidates/current/recovery_program_nl_question_completion_20260606_214738/candidates/current/W7TP_FIELD_ATLAS/gei_context/snapshot_plans/W7TP_GEI_SNAPSHOT_GENERATOR_PLAN_V1.yaml	RECOVERY_ARTIFACT_HOLD	RECOVERY_EVIDENCE_WORKCELL	REVIEW_COMMIT_INDEX_OR_ARCHIVE	recovery artifact
recovery_program_nl_question_completion_20260606_214915/candidates/current/recovery_program_nl_question_completion_20260606_214738/candidates/current/W7TP_FIELD_ATLAS/gei_context/source_maps/W7TP_GEI_SOURCE_OF_TRUTH_MAP_V1.yaml	RECOVERY_ARTIFACT_HOLD	RECOVERY_EVIDENCE_WORKCELL	REVIEW_COMMIT_INDEX_OR_ARCHIVE	recovery artifact
recovery_program_nl_question_completion_20260606_214915/candidates/current/recovery_program_nl_question_completion_20260606_214738/candidates/current/W7TP_FIELD_ATLAS/gei_context/task_boards/W7TP_GEI_CONTEXT_TASK_BOARD_V1.yaml	RECOVERY_ARTIFACT_HOLD	RECOVERY_EVIDENCE_WORKCELL	REVIEW_COMMIT_INDEX_OR_ARCHIVE	recovery artifact
recovery_program_nl_question_completion_20260606_214915/candidates/current/recovery_program_nl_question_completion_20260606_214738/candidates/current/W7TP_FIELD_ATLAS/gei_context/twin_compare/W7TP_GEI_TWIN_SYSTEM_COMPARE_PACKET_V1.yaml	RECOVERY_ARTIFACT_HOLD	RECOVERY_EVIDENCE_WORKCELL	REVIEW_COMMIT_INDEX_OR_ARCHIVE	recovery artifact
recovery_program_nl_question_completion_20260606_214915/candidates/current/recovery_program_nl_question_completion_20260606_214738/candidates/current/W7TP_FIELD_ATLAS/git_space_architecture_v1.yaml	RECOVERY_ARTIFACT_HOLD	RECOVERY_EVIDENCE_WORKCELL	REVIEW_COMMIT_INDEX_OR_ARCHIVE	recovery artifact
recovery_program_nl_question_completion_20260606_214915/candidates/current/recovery_program_nl_question_completion_20260606_214738/candidates/current/W7TP_FIELD_ATLAS/member_registration/W7TP_MEMBER_REGISTRATION_API_PACKET_V1.yaml	RECOVERY_ARTIFACT_HOLD	RECOVERY_EVIDENCE_WORKCELL	REVIEW_COMMIT_INDEX_OR_ARCHIVE	recovery artifact
recovery_program_nl_question_completion_20260606_214915/candidates/current/recovery_program_nl_question_completion_20260606_214738/candidates/current/W7TP_FIELD_ATLAS/member_registration/W7TP_MEMBER_REGISTRATION_ODOO_MODEL_SPEC_V1.yaml	RECOVERY_ARTIFACT_HOLD	RECOVERY_EVIDENCE_WORKCELL	REVIEW_COMMIT_INDEX_OR_ARCHIVE	recovery artifact
recovery_program_nl_question_completion_20260606_214915/candidates/current/recovery_program_nl_question_completion_20260606_214738/candidates/current/W7TP_FIELD_ATLAS/namespace_policies/WUCHANG_NAMESPACE_CANONICAL_POLICY_V1.yaml	RECOVERY_ARTIFACT_HOLD	RECOVERY_EVIDENCE_WORKCELL	REVIEW_COMMIT_INDEX_OR_ARCHIVE	recovery artifact
recovery_program_nl_question_completion_20260606_214915/candidates/current/recovery_program_nl_question_completion_20260606_214738/candidates/current/W7TP_FIELD_ATLAS/odoo_container_file_universe_v0_1.yaml	RECOVERY_ARTIFACT_HOLD	RECOVERY_EVIDENCE_WORKCELL	REVIEW_COMMIT_INDEX_OR_ARCHIVE	recovery artifact
recovery_program_nl_question_completion_20260606_214915/candidates/current/recovery_program_nl_question_completion_20260606_214738/candidates/current/W7TP_FIELD_ATLAS/registries/WUCHANG_SUB_UNIVERSE_REGISTRY_V1.yaml	RECOVERY_ARTIFACT_HOLD	RECOVERY_EVIDENCE_WORKCELL	REVIEW_COMMIT_INDEX_OR_ARCHIVE	recovery artifact
recovery_program_nl_question_completion_20260606_214915/candidates/current/recovery_program_nl_question_completion_20260606_214738/candidates/current/W7TP_FIELD_ATLAS/registry_reports/WUCHANG_REGISTRY_STATUS_REPORT_TEMPLATE_V1.yaml	RECOVERY_ARTIFACT_HOLD	RECOVERY_EVIDENCE_WORKCELL	REVIEW_COMMIT_INDEX_OR_ARCHIVE	recovery artifact
recovery_program_nl_question_completion_20260606_214915/candidates/current/recovery_program_nl_question_completion_20260606_214738/candidates/current/W7TP_FIELD_ATLAS/registry_reports/latest_duplicate_development_audit.md	RECOVERY_ARTIFACT_HOLD	RECOVERY_EVIDENCE_WORKCELL	REVIEW_COMMIT_INDEX_OR_ARCHIVE	recovery artifact
recovery_program_nl_question_completion_20260606_214915/candidates/current/recovery_program_nl_question_completion_20260606_214738/candidates/current/W7TP_FIELD_ATLAS/registry_validators/WUCHANG_REGISTRY_INTEGRITY_VALIDATOR_V1.yaml	RECOVERY_ARTIFACT_HOLD	RECOVERY_EVIDENCE_WORKCELL	REVIEW_COMMIT_INDEX_OR_ARCHIVE	recovery artifact
recovery_program_nl_question_completion_20260606_214915/candidates/current/recovery_program_nl_question_completion_20260606_214738/candidates/current/W7TP_FIELD_ATLAS/review_policies/W7TP_XIAOJ_PRE_REVIEW_OPINION_RULE_V1.yaml	RECOVERY_ARTIFACT_HOLD	RECOVERY_EVIDENCE_WORKCELL	REVIEW_COMMIT_INDEX_OR_ARCHIVE	recovery artifact
recovery_program_nl_question_completion_20260606_214915/candidates/current/recovery_program_nl_question_completion_20260606_214738/candidates/current/W7TP_FIELD_ATLAS/review_upgrade/patch_plans/P1_P2_XIAOJ_PRE_REVIEW_TARGETED_PATCH_PLAN_V1.yaml	RECOVERY_ARTIFACT_HOLD	RECOVERY_EVIDENCE_WORKCELL	REVIEW_COMMIT_INDEX_OR_ARCHIVE	recovery artifact
recovery_program_nl_question_completion_20260606_214915/candidates/current/recovery_program_nl_question_completion_20260606_214738/candidates/current/W7TP_FIELD_ATLAS/rollback_plans/TAIJI01_PM3_ROLLBACK_POINT_PLAN_V1.yaml	RECOVERY_ARTIFACT_HOLD	RECOVERY_EVIDENCE_WORKCELL	REVIEW_COMMIT_INDEX_OR_ARCHIVE	recovery artifact
recovery_program_nl_question_completion_20260606_214915/candidates/current/recovery_program_nl_question_completion_20260606_214738/candidates/current/W7TP_FIELD_ATLAS/rollback_plans/W7TP_RUNTIME_ROLLBACK_POLICY_V1.yaml	RECOVERY_ARTIFACT_HOLD	RECOVERY_EVIDENCE_WORKCELL	REVIEW_COMMIT_INDEX_OR_ARCHIVE	recovery artifact
recovery_program_nl_question_completion_20260606_214915/candidates/current/recovery_program_nl_question_completion_20260606_214738/candidates/current/W7TP_FIELD_ATLAS/service_flows/W7TP_MERCHANT_CONTACT_SERVICE_FLOW_V1.yaml	RECOVERY_ARTIFACT_HOLD	RECOVERY_EVIDENCE_WORKCELL	REVIEW_COMMIT_INDEX_OR_ARCHIVE	recovery artifact
recovery_program_nl_question_completion_20260606_214915/candidates/current/recovery_program_nl_question_completion_20260606_214738/candidates/current/W7TP_FIELD_ATLAS/source_links/T081_SOURCE_OF_TRUTH_CANONICAL_TABLE.yaml	RECOVERY_ARTIFACT_HOLD	RECOVERY_EVIDENCE_WORKCELL	REVIEW_COMMIT_INDEX_OR_ARCHIVE	recovery artifact
recovery_program_nl_question_completion_20260606_214915/candidates/current/recovery_program_nl_question_completion_20260606_214738/candidates/current/W7TP_FIELD_ATLAS/source_links/XIAOJ_SOURCE_LINK_RECONCILIATION_20260601_154508.yaml	RECOVERY_ARTIFACT_HOLD	RECOVERY_EVIDENCE_WORKCELL	REVIEW_COMMIT_INDEX_OR_ARCHIVE	recovery artifact
recovery_program_nl_question_completion_20260606_214915/candidates/current/recovery_program_nl_question_completion_20260606_214738/candidates/current/W7TP_FIELD_ATLAS/sub_universe_candidates/T082_CANDIDATE_SUB_UNIVERSE_MOUNT_REVIEW.yaml	RECOVERY_ARTIFACT_HOLD	RECOVERY_EVIDENCE_WORKCELL	REVIEW_COMMIT_INDEX_OR_ARCHIVE	recovery artifact
recovery_program_nl_question_completion_20260606_214915/candidates/current/recovery_program_nl_question_completion_20260606_214738/candidates/current/W7TP_FIELD_ATLAS/sub_universes/SU_12_INTENT_STATE_FIELD_V1.yaml	RECOVERY_ARTIFACT_HOLD	RECOVERY_EVIDENCE_WORKCELL	REVIEW_COMMIT_INDEX_OR_ARCHIVE	recovery artifact
recovery_program_nl_question_completion_20260606_214915/candidates/current/recovery_program_nl_question_completion_20260606_214738/candidates/current/W7TP_FIELD_ATLAS/sub_universes/SU_GEI_REASONING_UNIVERSE_V1.yaml	RECOVERY_ARTIFACT_HOLD	RECOVERY_EVIDENCE_WORKCELL	REVIEW_COMMIT_INDEX_OR_ARCHIVE	recovery artifact
recovery_program_nl_question_completion_20260606_214915/candidates/current/recovery_program_nl_question_completion_20260606_214738/candidates/current/W7TP_FIELD_ATLAS/sync_plans/W7TP_TWIN_SYNC_ERROR_CORRECTION_PLAN_V2.yaml	RECOVERY_ARTIFACT_HOLD	RECOVERY_EVIDENCE_WORKCELL	REVIEW_COMMIT_INDEX_OR_ARCHIVE	recovery artifact
recovery_program_nl_question_completion_20260606_214915/candidates/current/recovery_program_nl_question_completion_20260606_214738/candidates/current/W7TP_FIELD_ATLAS/sync_strategies/W7TP_MAINLINE_FILE_SYNC_STRATEGY_V1.yaml	RECOVERY_ARTIFACT_HOLD	RECOVERY_EVIDENCE_WORKCELL	REVIEW_COMMIT_INDEX_OR_ARCHIVE	recovery artifact
recovery_program_nl_question_completion_20260606_214915/candidates/current/recovery_program_nl_question_completion_20260606_214738/candidates/current/W7TP_FIELD_ATLAS/task_board_policies/W7TP_TASK_BOARD_COMPRESSION_POLICY_V1.yaml	RECOVERY_ARTIFACT_HOLD	RECOVERY_EVIDENCE_WORKCELL	REVIEW_COMMIT_INDEX_OR_ARCHIVE	recovery artifact
recovery_program_nl_question_completion_20260606_214915/candidates/current/recovery_program_nl_question_completion_20260606_214738/candidates/current/W7TP_FIELD_ATLAS/task_boards/W7TP_GOVERNED_HIVE_TASK_BOARD_V1.yaml	RECOVERY_ARTIFACT_HOLD	RECOVERY_EVIDENCE_WORKCELL	REVIEW_COMMIT_INDEX_OR_ARCHIVE	recovery artifact
recovery_program_nl_question_completion_20260606_214915/candidates/current/recovery_program_nl_question_completion_20260606_214738/candidates/current/W7TP_FIELD_ATLAS/u13_u14_odoo_model_extract_v0_1.yaml	RECOVERY_ARTIFACT_HOLD	RECOVERY_EVIDENCE_WORKCELL	REVIEW_COMMIT_INDEX_OR_ARCHIVE	recovery artifact
recovery_program_nl_question_completion_20260606_214915/candidates/current/recovery_program_nl_question_completion_20260606_214738/candidates/current/W7TP_FIELD_ATLAS/u13_u14_schema_v1.yaml	RECOVERY_ARTIFACT_HOLD	RECOVERY_EVIDENCE_WORKCELL	REVIEW_COMMIT_INDEX_OR_ARCHIVE	recovery artifact
recovery_program_nl_question_completion_20260606_214915/candidates/current/recovery_program_nl_question_completion_20260606_214738/candidates/current/W7TP_FIELD_ATLAS/vision_field/W7TP_VISION_FIELD_CORE_V1.yaml	RECOVERY_ARTIFACT_HOLD	RECOVERY_EVIDENCE_WORKCELL	REVIEW_COMMIT_INDEX_OR_ARCHIVE	recovery artifact
recovery_program_nl_question_completion_20260606_214915/candidates/current/recovery_program_nl_question_completion_20260606_214738/candidates/current/W7TP_FIELD_ATLAS/vision_field/W7TP_VISION_FIELD_INDEX_V1.yaml	RECOVERY_ARTIFACT_HOLD	RECOVERY_EVIDENCE_WORKCELL	REVIEW_COMMIT_INDEX_OR_ARCHIVE	recovery artifact
recovery_program_nl_question_completion_20260606_214915/candidates/current/recovery_program_nl_question_completion_20260606_214738/candidates/current/W7TP_FIELD_ATLAS/vision_field/W7TP_VISION_FIELD_PACKET_SCHEMA_V1.yaml	RECOVERY_ARTIFACT_HOLD	RECOVERY_EVIDENCE_WORKCELL	REVIEW_COMMIT_INDEX_OR_ARCHIVE	recovery artifact
recovery_program_nl_question_completion_20260606_214915/candidates/current/recovery_program_nl_question_completion_20260606_214738/candidates/current/W7TP_FIELD_ATLAS/vision_field/W7TP_VISION_FIELD_ROUTING_POLICY_V1.yaml	RECOVERY_ARTIFACT_HOLD	RECOVERY_EVIDENCE_WORKCELL	REVIEW_COMMIT_INDEX_OR_ARCHIVE	recovery artifact
recovery_program_nl_question_completion_20260606_214915/candidates/current/recovery_program_nl_question_completion_20260606_214738/candidates/current/W7TP_FIELD_ATLAS/vision_field/W7TP_VISION_FIELD_TO_12_FIELDS_MAP_V1.yaml	RECOVERY_ARTIFACT_HOLD	RECOVERY_EVIDENCE_WORKCELL	REVIEW_COMMIT_INDEX_OR_ARCHIVE	recovery artifact
recovery_program_nl_question_completion_20260606_214915/candidates/current/recovery_program_nl_question_completion_20260606_214738/candidates/current/Wuchang_Hexagram_State_Protocol_Open_20260523_194932/README.md	RECOVERY_ARTIFACT_HOLD	RECOVERY_EVIDENCE_WORKCELL	REVIEW_COMMIT_INDEX_OR_ARCHIVE	recovery artifact
recovery_program_nl_question_completion_20260606_214915/candidates/current/recovery_program_nl_question_completion_20260606_214738/candidates/current/Wuchang_Unified_Core/01_Cloud_Core/jules_cloud_api.py	RECOVERY_ARTIFACT_HOLD	RECOVERY_EVIDENCE_WORKCELL	REVIEW_COMMIT_INDEX_OR_ARCHIVE	recovery artifact
recovery_program_nl_question_completion_20260606_214915/candidates/current/recovery_program_nl_question_completion_20260606_214738/candidates/current/Wuchang_Unified_Core/02_Edge_Nodes/taiji_router_node_5d.py	RECOVERY_ARTIFACT_HOLD	RECOVERY_EVIDENCE_WORKCELL	REVIEW_COMMIT_INDEX_OR_ARCHIVE	recovery artifact
recovery_program_nl_question_completion_20260606_214915/candidates/current/recovery_program_nl_question_completion_20260606_214738/candidates/current/Wuchang_Unified_Core/02_Edge_Nodes/wuchang_ai_cerebellum.py	RECOVERY_ARTIFACT_HOLD	RECOVERY_EVIDENCE_WORKCELL	REVIEW_COMMIT_INDEX_OR_ARCHIVE	recovery artifact
recovery_program_nl_question_completion_20260606_214915/candidates/current/recovery_program_nl_question_completion_20260606_214738/candidates/current/Wuchang_Unified_Core/03_UI_Interfaces/wuchang_community_system.html	RECOVERY_ARTIFACT_HOLD	RECOVERY_EVIDENCE_WORKCELL	REVIEW_COMMIT_INDEX_OR_ARCHIVE	recovery artifact
recovery_program_nl_question_completion_20260606_214915/candidates/current/recovery_program_nl_question_completion_20260606_214738/candidates/current/XIAOJ_CONVERGENCE_REVIEW.yaml	RECOVERY_ARTIFACT_HOLD	RECOVERY_EVIDENCE_WORKCELL	REVIEW_COMMIT_INDEX_OR_ARCHIVE	recovery artifact
recovery_program_nl_question_completion_20260606_214915/candidates/current/recovery_program_nl_question_completion_20260606_214738/candidates/current/_handoff/gemini_ui_materials_20260602_131237/field_atlas/member_registration/W7TP_MEMBER_REGISTRATION_API_PACKET_V1.yaml	RECOVERY_ARTIFACT_HOLD	RECOVERY_EVIDENCE_WORKCELL	REVIEW_COMMIT_INDEX_OR_ARCHIVE	recovery artifact
recovery_program_nl_question_completion_20260606_214915/candidates/current/recovery_program_nl_question_completion_20260606_214738/candidates/current/_handoff/gemini_ui_materials_20260602_131237/field_atlas/member_registration/W7TP_MEMBER_REGISTRATION_ODOO_MODEL_SPEC_V1.yaml	RECOVERY_ARTIFACT_HOLD	RECOVERY_EVIDENCE_WORKCELL	REVIEW_COMMIT_INDEX_OR_ARCHIVE	recovery artifact
recovery_program_nl_question_completion_20260606_214915/candidates/current/recovery_program_nl_question_completion_20260606_214738/candidates/current/_handoff/gemini_ui_materials_20260602_131237/module/wuchang_member_registration/models/member_registration.py	RECOVERY_ARTIFACT_HOLD	RECOVERY_EVIDENCE_WORKCELL	REVIEW_COMMIT_INDEX_OR_ARCHIVE	recovery artifact
recovery_program_nl_question_completion_20260606_214915/candidates/current/recovery_program_nl_question_completion_20260606_214738/candidates/current/_handoff/gemini_ui_materials_20260602_131300/field_atlas/member_registration/W7TP_MEMBER_REGISTRATION_API_PACKET_V1.yaml	RECOVERY_ARTIFACT_HOLD	RECOVERY_EVIDENCE_WORKCELL	REVIEW_COMMIT_INDEX_OR_ARCHIVE	recovery artifact
recovery_program_nl_question_completion_20260606_214915/candidates/current/recovery_program_nl_question_completion_20260606_214738/candidates/current/_handoff/gemini_ui_materials_20260602_131300/field_atlas/member_registration/W7TP_MEMBER_REGISTRATION_ODOO_MODEL_SPEC_V1.yaml	RECOVERY_ARTIFACT_HOLD	RECOVERY_EVIDENCE_WORKCELL	REVIEW_COMMIT_INDEX_OR_ARCHIVE	recovery artifact
recovery_program_nl_question_completion_20260606_214915/candidates/current/recovery_program_nl_question_completion_20260606_214738/candidates/current/_handoff/gemini_ui_materials_20260602_131300/module/wuchang_member_registration/models/member_registration.py	RECOVERY_ARTIFACT_HOLD	RECOVERY_EVIDENCE_WORKCELL	REVIEW_COMMIT_INDEX_OR_ARCHIVE	recovery artifact
recovery_program_nl_question_completion_20260606_214915/candidates/current/recovery_program_nl_question_completion_20260606_214738/candidates/current/_handoff/gemini_ui_materials_20260602_131313/field_atlas/member_registration/W7TP_MEMBER_REGISTRATION_API_PACKET_V1.yaml	RECOVERY_ARTIFACT_HOLD	RECOVERY_EVIDENCE_WORKCELL	REVIEW_COMMIT_INDEX_OR_ARCHIVE	recovery artifact
recovery_program_nl_question_completion_20260606_214915/candidates/current/recovery_program_nl_question_completion_20260606_214738/candidates/current/_handoff/gemini_ui_materials_20260602_131313/field_atlas/member_registration/W7TP_MEMBER_REGISTRATION_ODOO_MODEL_SPEC_V1.yaml	RECOVERY_ARTIFACT_HOLD	RECOVERY_EVIDENCE_WORKCELL	REVIEW_COMMIT_INDEX_OR_ARCHIVE	recovery artifact
recovery_program_nl_question_completion_20260606_214915/candidates/current/recovery_program_nl_question_completion_20260606_214738/candidates/current/_handoff/gemini_ui_materials_20260602_131313/module/wuchang_member_registration/models/member_registration.py	RECOVERY_ARTIFACT_HOLD	RECOVERY_EVIDENCE_WORKCELL	REVIEW_COMMIT_INDEX_OR_ARCHIVE	recovery artifact
recovery_program_nl_question_completion_20260606_214915/candidates/current/recovery_program_nl_question_completion_20260606_214738/candidates/current/_handoff/gemini_ui_materials_20260602_155100/field_atlas/member_registration/W7TP_MEMBER_REGISTRATION_API_PACKET_V1.yaml	RECOVERY_ARTIFACT_HOLD	RECOVERY_EVIDENCE_WORKCELL	REVIEW_COMMIT_INDEX_OR_ARCHIVE	recovery artifact
recovery_program_nl_question_completion_20260606_214915/candidates/current/recovery_program_nl_question_completion_20260606_214738/candidates/current/_handoff/gemini_ui_materials_20260602_155100/field_atlas/member_registration/W7TP_MEMBER_REGISTRATION_ODOO_MODEL_SPEC_V1.yaml	RECOVERY_ARTIFACT_HOLD	RECOVERY_EVIDENCE_WORKCELL	REVIEW_COMMIT_INDEX_OR_ARCHIVE	recovery artifact
recovery_program_nl_question_completion_20260606_214915/candidates/current/recovery_program_nl_question_completion_20260606_214738/candidates/current/_handoff/gemini_ui_materials_20260602_155100/module/wuchang_member_registration/models/member_registration.py	RECOVERY_ARTIFACT_HOLD	RECOVERY_EVIDENCE_WORKCELL	REVIEW_COMMIT_INDEX_OR_ARCHIVE	recovery artifact
recovery_program_nl_question_completion_20260606_214915/candidates/current/recovery_program_nl_question_completion_20260606_214738/candidates/current/_handoff/p1_member_portal_shell_20260602_154845/portal_templates.xml	RECOVERY_ARTIFACT_HOLD	RECOVERY_EVIDENCE_WORKCELL	REVIEW_COMMIT_INDEX_OR_ARCHIVE	recovery artifact
recovery_program_nl_question_completion_20260606_214915/candidates/current/recovery_program_nl_question_completion_20260606_214738/candidates/current/_handoff/p1_ui_patch_hold_20260602_162032/portal_templates.xml	RECOVERY_ARTIFACT_HOLD	RECOVERY_EVIDENCE_WORKCELL	REVIEW_COMMIT_INDEX_OR_ARCHIVE	recovery artifact
recovery_program_nl_question_completion_20260606_214915/candidates/current/recovery_program_nl_question_completion_20260606_214738/candidates/current/_imports/wuchang-ai-main/wuchang-ai-main/codex/prompts/linux_workspace_transfer_metric_tensor_prompt.md	RECOVERY_ARTIFACT_HOLD	RECOVERY_EVIDENCE_WORKCELL	REVIEW_COMMIT_INDEX_OR_ARCHIVE	recovery artifact
recovery_program_nl_question_completion_20260606_214915/candidates/current/recovery_program_nl_question_completion_20260606_214738/candidates/current/_imports/wuchang-ai-main/wuchang-ai-main/docs/ai-civic-runtime/governed-prosocial-runtime.md	RECOVERY_ARTIFACT_HOLD	RECOVERY_EVIDENCE_WORKCELL	REVIEW_COMMIT_INDEX_OR_ARCHIVE	recovery artifact
recovery_program_nl_question_completion_20260606_214915/candidates/current/recovery_program_nl_question_completion_20260606_214738/candidates/current/_imports/wuchang-ai-main/wuchang-ai-main/docs/governance/user_sovereign_ai_metric_constitution.md	RECOVERY_ARTIFACT_HOLD	RECOVERY_EVIDENCE_WORKCELL	REVIEW_COMMIT_INDEX_OR_ARCHIVE	recovery artifact
recovery_program_nl_question_completion_20260606_214915/candidates/current/recovery_program_nl_question_completion_20260606_214738/candidates/current/_imports/wuchang-ai-main/wuchang-ai-main/docs/sovereign-ai-runtime/user_sovereign_ai_compute_pool_2026-05-16.md	RECOVERY_ARTIFACT_HOLD	RECOVERY_EVIDENCE_WORKCELL	REVIEW_COMMIT_INDEX_OR_ARCHIVE	recovery artifact
recovery_program_nl_question_completion_20260606_214915/candidates/current/recovery_program_nl_question_completion_20260606_214738/candidates/current/_imports/wuchang-ai-main/wuchang-ai-main/wuchang_comm_incub/models/volunteer_task.py	RECOVERY_ARTIFACT_HOLD	RECOVERY_EVIDENCE_WORKCELL	REVIEW_COMMIT_INDEX_OR_ARCHIVE	recovery artifact
recovery_program_nl_question_completion_20260606_214915/candidates/current/recovery_program_nl_question_completion_20260606_214738/candidates/current/_imports/wuchang-ai-main/wuchang-ai-main/wuchang_comm_incub/security/ir.model.access.csv	RECOVERY_ARTIFACT_HOLD	RECOVERY_EVIDENCE_WORKCELL	REVIEW_COMMIT_INDEX_OR_ARCHIVE	recovery artifact
recovery_program_nl_question_completion_20260606_214915/candidates/current/recovery_program_nl_question_completion_20260606_214738/candidates/current/_imports/wuchang-ai-main/wuchang-ai-main/wuchang_comm_incub/views/wuchang_views.xml	RECOVERY_ARTIFACT_HOLD	RECOVERY_EVIDENCE_WORKCELL	REVIEW_COMMIT_INDEX_OR_ARCHIVE	recovery artifact
recovery_program_nl_question_completion_20260606_214915/candidates/current/recovery_program_nl_question_completion_20260606_214738/candidates/current/_imports/wuchang-ai-main/wuchang-ai-main/wuchang_m1_property/models/property_request.py	RECOVERY_ARTIFACT_HOLD	RECOVERY_EVIDENCE_WORKCELL	REVIEW_COMMIT_INDEX_OR_ARCHIVE	recovery artifact
recovery_program_nl_question_completion_20260606_214915/candidates/current/recovery_program_nl_question_completion_20260606_214738/candidates/current/_imports/wuchang-ai-main/wuchang-ai-main/wuchang_m1_property/views/property_request_views.xml	RECOVERY_ARTIFACT_HOLD	RECOVERY_EVIDENCE_WORKCELL	REVIEW_COMMIT_INDEX_OR_ARCHIVE	recovery artifact
recovery_program_nl_question_completion_20260606_214915/candidates/current/recovery_program_nl_question_completion_20260606_214738/candidates/current/benchmarks/metric_tensor_io_eval.py	RECOVERY_ARTIFACT_HOLD	RECOVERY_EVIDENCE_WORKCELL	REVIEW_COMMIT_INDEX_OR_ARCHIVE	recovery artifact
recovery_program_nl_question_completion_20260606_214915/candidates/current/recovery_program_nl_question_completion_20260606_214738/candidates/current/benchmarks/metric_tensor_io_eval_v2.py	RECOVERY_ARTIFACT_HOLD	RECOVERY_EVIDENCE_WORKCELL	REVIEW_COMMIT_INDEX_OR_ARCHIVE	recovery artifact
recovery_program_nl_question_completion_20260606_214915/candidates/current/recovery_program_nl_question_completion_20260606_214738/candidates/current/bin/7d-formation-packet-test	RECOVERY_ARTIFACT_HOLD	RECOVERY_EVIDENCE_WORKCELL	REVIEW_COMMIT_INDEX_OR_ARCHIVE	recovery artifact
recovery_program_nl_question_completion_20260606_214915/candidates/current/recovery_program_nl_question_completion_20260606_214738/candidates/current/bin/taiji-system-probe	RECOVERY_ARTIFACT_HOLD	RECOVERY_EVIDENCE_WORKCELL	REVIEW_COMMIT_INDEX_OR_ARCHIVE	recovery artifact
recovery_program_nl_question_completion_20260606_214915/candidates/current/recovery_program_nl_question_completion_20260606_214738/candidates/current/commander/config/node_sync_policy.json	RECOVERY_ARTIFACT_HOLD	RECOVERY_EVIDENCE_WORKCELL	REVIEW_COMMIT_INDEX_OR_ARCHIVE	recovery artifact
recovery_program_nl_question_completion_20260606_214915/candidates/current/recovery_program_nl_question_completion_20260606_214738/candidates/current/configs/cloud/cloud_provider_adapter_contract.template.json	RECOVERY_ARTIFACT_HOLD	RECOVERY_EVIDENCE_WORKCELL	REVIEW_COMMIT_INDEX_OR_ARCHIVE	recovery artifact
recovery_program_nl_question_completion_20260606_214915/candidates/current/recovery_program_nl_question_completion_20260606_214738/candidates/current/configs/cloud/local_xiaoj_cloud_api_broker_dryrun.template.json	RECOVERY_ARTIFACT_HOLD	RECOVERY_EVIDENCE_WORKCELL	REVIEW_COMMIT_INDEX_OR_ARCHIVE	recovery artifact
recovery_program_nl_question_completion_20260606_214915/candidates/current/recovery_program_nl_question_completion_20260606_214738/candidates/current/configs/community_3d_map_topology.yaml	RECOVERY_ARTIFACT_HOLD	RECOVERY_EVIDENCE_WORKCELL	REVIEW_COMMIT_INDEX_OR_ARCHIVE	recovery artifact
recovery_program_nl_question_completion_20260606_214915/candidates/current/recovery_program_nl_question_completion_20260606_214738/candidates/current/configs/containers/container_offload_registry.template.json	RECOVERY_ARTIFACT_HOLD	RECOVERY_EVIDENCE_WORKCELL	REVIEW_COMMIT_INDEX_OR_ARCHIVE	recovery artifact
recovery_program_nl_question_completion_20260606_214915/candidates/current/recovery_program_nl_question_completion_20260606_214738/candidates/current/configs/containers/wuchang_indexer_oneshot_job.template.json	RECOVERY_ARTIFACT_HOLD	RECOVERY_EVIDENCE_WORKCELL	REVIEW_COMMIT_INDEX_OR_ARCHIVE	recovery artifact
recovery_program_nl_question_completion_20260606_214915/candidates/current/recovery_program_nl_question_completion_20260606_214738/candidates/current/configs/dead_letter_canonical_map.yaml	RECOVERY_ARTIFACT_HOLD	RECOVERY_EVIDENCE_WORKCELL	REVIEW_COMMIT_INDEX_OR_ARCHIVE	recovery artifact
recovery_program_nl_question_completion_20260606_214915/candidates/current/recovery_program_nl_question_completion_20260606_214738/candidates/current/configs/dev/w7tp_local_7d_automation_smoke_gate.template.json	RECOVERY_ARTIFACT_HOLD	RECOVERY_EVIDENCE_WORKCELL	REVIEW_COMMIT_INDEX_OR_ARCHIVE	recovery artifact
recovery_program_nl_question_completion_20260606_214915/candidates/current/recovery_program_nl_question_completion_20260606_214738/candidates/current/configs/dev/w7tp_local_7d_automation_smoke_runner.template.json	RECOVERY_ARTIFACT_HOLD	RECOVERY_EVIDENCE_WORKCELL	REVIEW_COMMIT_INDEX_OR_ARCHIVE	recovery artifact
recovery_program_nl_question_completion_20260606_214915/candidates/current/recovery_program_nl_question_completion_20260606_214738/candidates/current/configs/dev/w7tp_nl_to_7d_task_packet.template.json	RECOVERY_ARTIFACT_HOLD	RECOVERY_EVIDENCE_WORKCELL	REVIEW_COMMIT_INDEX_OR_ARCHIVE	recovery artifact
recovery_program_nl_question_completion_20260606_214915/candidates/current/recovery_program_nl_question_completion_20260606_214738/candidates/current/configs/dev/w7tp_tri_party_7d_runtime_dryrun.template.json	RECOVERY_ARTIFACT_HOLD	RECOVERY_EVIDENCE_WORKCELL	REVIEW_COMMIT_INDEX_OR_ARCHIVE	recovery artifact
recovery_program_nl_question_completion_20260606_214915/candidates/current/recovery_program_nl_question_completion_20260606_214738/candidates/current/configs/dev/xiaoj_converged_governance_architecture.template.json	RECOVERY_ARTIFACT_HOLD	RECOVERY_EVIDENCE_WORKCELL	REVIEW_COMMIT_INDEX_OR_ARCHIVE	recovery artifact
recovery_program_nl_question_completion_20260606_214915/candidates/current/recovery_program_nl_question_completion_20260606_214738/candidates/current/configs/ip/wuchang_project_source_manifest.template.json	RECOVERY_ARTIFACT_HOLD	RECOVERY_EVIDENCE_WORKCELL	REVIEW_COMMIT_INDEX_OR_ARCHIVE	recovery artifact
recovery_program_nl_question_completion_20260606_214915/candidates/current/recovery_program_nl_question_completion_20260606_214738/candidates/current/configs/odoo/relative_identity_7d_code_spec.v1.json	RECOVERY_ARTIFACT_HOLD	RECOVERY_EVIDENCE_WORKCELL	REVIEW_COMMIT_INDEX_OR_ARCHIVE	recovery artifact
recovery_program_nl_question_completion_20260606_214915/candidates/current/recovery_program_nl_question_completion_20260606_214738/candidates/current/configs/packets/tri_party_7d_packet.template.json	RECOVERY_ARTIFACT_HOLD	RECOVERY_EVIDENCE_WORKCELL	REVIEW_COMMIT_INDEX_OR_ARCHIVE	recovery artifact
recovery_program_nl_question_completion_20260606_214915/candidates/current/recovery_program_nl_question_completion_20260606_214738/candidates/current/configs/taiji_sync_vpn_endpoints.yaml	RECOVERY_ARTIFACT_HOLD	RECOVERY_EVIDENCE_WORKCELL	REVIEW_COMMIT_INDEX_OR_ARCHIVE	recovery artifact
recovery_program_nl_question_completion_20260606_214915/candidates/current/recovery_program_nl_question_completion_20260606_214738/candidates/current/configs/taiji_topology.json	RECOVERY_ARTIFACT_HOLD	RECOVERY_EVIDENCE_WORKCELL	REVIEW_COMMIT_INDEX_OR_ARCHIVE	recovery artifact
recovery_program_nl_question_completion_20260606_214915/candidates/current/recovery_program_nl_question_completion_20260606_214738/candidates/current/contexts/current/AI_CURRENT_STATE.mtl.json	RECOVERY_ARTIFACT_HOLD	RECOVERY_EVIDENCE_WORKCELL	REVIEW_COMMIT_INDEX_OR_ARCHIVE	recovery artifact
recovery_program_nl_question_completion_20260606_214915/candidates/current/recovery_program_nl_question_completion_20260606_214738/candidates/current/contexts/current/STATUS_ONLY.md	RECOVERY_ARTIFACT_HOLD	RECOVERY_EVIDENCE_WORKCELL	REVIEW_COMMIT_INDEX_OR_ARCHIVE	recovery artifact
recovery_program_nl_question_completion_20260606_214915/candidates/current/recovery_program_nl_question_completion_20260606_214738/candidates/current/core/carbon/wuchang_carbon_accounting.py	RECOVERY_ARTIFACT_HOLD	RECOVERY_EVIDENCE_WORKCELL	REVIEW_COMMIT_INDEX_OR_ARCHIVE	recovery artifact
recovery_program_nl_question_completion_20260606_214915/candidates/current/recovery_program_nl_question_completion_20260606_214738/candidates/current/core/cloud/cloud_model_router.py	RECOVERY_ARTIFACT_HOLD	RECOVERY_EVIDENCE_WORKCELL	REVIEW_COMMIT_INDEX_OR_ARCHIVE	recovery artifact
recovery_program_nl_question_completion_20260606_214915/candidates/current/recovery_program_nl_question_completion_20260606_214738/candidates/current/core/demo/dual_path_carbon_demo.py	RECOVERY_ARTIFACT_HOLD	RECOVERY_EVIDENCE_WORKCELL	REVIEW_COMMIT_INDEX_OR_ARCHIVE	recovery artifact
recovery_program_nl_question_completion_20260606_214915/candidates/current/recovery_program_nl_question_completion_20260606_214738/candidates/current/core/hippocampus/ai_hippocampus.py	RECOVERY_ARTIFACT_HOLD	RECOVERY_EVIDENCE_WORKCELL	REVIEW_COMMIT_INDEX_OR_ARCHIVE	recovery artifact
recovery_program_nl_question_completion_20260606_214915/candidates/current/recovery_program_nl_question_completion_20260606_214738/candidates/current/core/intent_field/wuchang_citycode_engine.py	RECOVERY_ARTIFACT_HOLD	RECOVERY_EVIDENCE_WORKCELL	REVIEW_COMMIT_INDEX_OR_ARCHIVE	recovery artifact
recovery_program_nl_question_completion_20260606_214915/candidates/current/recovery_program_nl_question_completion_20260606_214738/candidates/current/dashboard/preview.html	RECOVERY_ARTIFACT_HOLD	RECOVERY_EVIDENCE_WORKCELL	REVIEW_COMMIT_INDEX_OR_ARCHIVE	recovery artifact
recovery_program_nl_question_completion_20260606_214915/candidates/current/recovery_program_nl_question_completion_20260606_214738/candidates/current/dashboard/system-module-progress.html	RECOVERY_ARTIFACT_HOLD	RECOVERY_EVIDENCE_WORKCELL	REVIEW_COMMIT_INDEX_OR_ARCHIVE	recovery artifact
recovery_program_nl_question_completion_20260606_214915/candidates/current/recovery_program_nl_question_completion_20260606_214738/candidates/current/dashboard/system-module-progress.json	RECOVERY_ARTIFACT_HOLD	RECOVERY_EVIDENCE_WORKCELL	REVIEW_COMMIT_INDEX_OR_ARCHIVE	recovery artifact
recovery_program_nl_question_completion_20260606_214915/candidates/current/recovery_program_nl_question_completion_20260606_214738/candidates/current/data/host_runner_results/20260508_150454_diag-readonly-001.json	RECOVERY_ARTIFACT_HOLD	RECOVERY_EVIDENCE_WORKCELL	REVIEW_COMMIT_INDEX_OR_ARCHIVE	recovery artifact
recovery_program_nl_question_completion_20260606_214915/candidates/current/recovery_program_nl_question_completion_20260606_214738/candidates/current/deploy/migration/multi_target_dependency_migration_v0_1/ASSOCIATION_DATA_AUTHORITY_MATRIX.md	RECOVERY_ARTIFACT_HOLD	RECOVERY_EVIDENCE_WORKCELL	REVIEW_COMMIT_INDEX_OR_ARCHIVE	recovery artifact
recovery_program_nl_question_completion_20260606_214915/candidates/current/recovery_program_nl_question_completion_20260606_214738/candidates/current/deploy/migration/multi_target_dependency_migration_v0_1/ORG_SHARED_CLOUD_POLICY.md	RECOVERY_ARTIFACT_HOLD	RECOVERY_EVIDENCE_WORKCELL	REVIEW_COMMIT_INDEX_OR_ARCHIVE	recovery artifact
recovery_program_nl_question_completion_20260606_214915/candidates/current/recovery_program_nl_question_completion_20260606_214738/candidates/current/deploy/migration/multi_target_dependency_migration_v0_1/PREPARE_ORG_SHARED_STAGING.sh	RECOVERY_ARTIFACT_HOLD	RECOVERY_EVIDENCE_WORKCELL	REVIEW_COMMIT_INDEX_OR_ARCHIVE	recovery artifact
recovery_program_nl_question_completion_20260606_214915/candidates/current/recovery_program_nl_question_completion_20260606_214738/candidates/current/deploy/migration/multi_target_dependency_migration_v0_1/STORAGE_BOUNDARY_POLICY_V2_C_DRIVE_SCENARIO.md	RECOVERY_ARTIFACT_HOLD	RECOVERY_EVIDENCE_WORKCELL	REVIEW_COMMIT_INDEX_OR_ARCHIVE	recovery artifact
recovery_program_nl_question_completion_20260606_214915/candidates/current/recovery_program_nl_question_completion_20260606_214738/candidates/current/deploy/migration/multi_target_dependency_migration_v0_1/STORAGE_BOUNDARY_POLICY_V3_ASSOCIATION_AUTHORITY.md	RECOVERY_ARTIFACT_HOLD	RECOVERY_EVIDENCE_WORKCELL	REVIEW_COMMIT_INDEX_OR_ARCHIVE	recovery artifact
recovery_program_nl_question_completion_20260606_214915/candidates/current/recovery_program_nl_question_completion_20260606_214738/candidates/current/deploy/packages/taiji01_topology_brain_transfer_v0_1/Modelfile.metric_language_gateway_ai.taiji01	RECOVERY_ARTIFACT_HOLD	RECOVERY_EVIDENCE_WORKCELL	REVIEW_COMMIT_INDEX_OR_ARCHIVE	recovery artifact
recovery_program_nl_question_completion_20260606_214915/candidates/current/recovery_program_nl_question_completion_20260606_214738/candidates/current/deploy_jules.sh	RECOVERY_ARTIFACT_HOLD	RECOVERY_EVIDENCE_WORKCELL	REVIEW_COMMIT_INDEX_OR_ARCHIVE	recovery artifact
recovery_program_nl_question_completion_20260606_214915/candidates/current/recovery_program_nl_question_completion_20260606_214738/candidates/current/docs/7d_bagua_metric_language.md	RECOVERY_ARTIFACT_HOLD	RECOVERY_EVIDENCE_WORKCELL	REVIEW_COMMIT_INDEX_OR_ARCHIVE	recovery artifact
recovery_program_nl_question_completion_20260606_214915/candidates/current/recovery_program_nl_question_completion_20260606_214738/candidates/current/docs/design/SISTER_J_TRANSPARENT_BUILD_MODE.md	RECOVERY_ARTIFACT_HOLD	RECOVERY_EVIDENCE_WORKCELL	REVIEW_COMMIT_INDEX_OR_ARCHIVE	recovery artifact
recovery_program_nl_question_completion_20260606_214915/candidates/current/recovery_program_nl_question_completion_20260606_214738/candidates/current/docs/design/W7TP_LITE_MVP_SPEC.md	RECOVERY_ARTIFACT_HOLD	RECOVERY_EVIDENCE_WORKCELL	REVIEW_COMMIT_INDEX_OR_ARCHIVE	recovery artifact
recovery_program_nl_question_completion_20260606_214915/candidates/current/recovery_program_nl_question_completion_20260606_214738/candidates/current/docs/design/W7TP_SIMILAR_TECH_OPTIMIZATION.md	RECOVERY_ARTIFACT_HOLD	RECOVERY_EVIDENCE_WORKCELL	REVIEW_COMMIT_INDEX_OR_ARCHIVE	recovery artifact
recovery_program_nl_question_completion_20260606_214915/candidates/current/recovery_program_nl_question_completion_20260606_214738/candidates/current/docs/design/XIAOJ_LINE_RESIDENT_ENTRY_MVP.md	RECOVERY_ARTIFACT_HOLD	RECOVERY_EVIDENCE_WORKCELL	REVIEW_COMMIT_INDEX_OR_ARCHIVE	recovery artifact
recovery_program_nl_question_completion_20260606_214915/candidates/current/recovery_program_nl_question_completion_20260606_214738/candidates/current/docs/distributed_voice_nodes.md	RECOVERY_ARTIFACT_HOLD	RECOVERY_EVIDENCE_WORKCELL	REVIEW_COMMIT_INDEX_OR_ARCHIVE	recovery artifact
recovery_program_nl_question_completion_20260606_214915/candidates/current/recovery_program_nl_question_completion_20260606_214738/candidates/current/docs/governance/EAMTP_7D_INTERNAL_LANGUAGE_SPEC.md	RECOVERY_ARTIFACT_HOLD	RECOVERY_EVIDENCE_WORKCELL	REVIEW_COMMIT_INDEX_OR_ARCHIVE	recovery artifact
recovery_program_nl_question_completion_20260606_214915/candidates/current/recovery_program_nl_question_completion_20260606_214738/candidates/current/docs/governance/W7TP_CLOUD_PROVIDER_ADAPTER_CONTRACT.md	RECOVERY_ARTIFACT_HOLD	RECOVERY_EVIDENCE_WORKCELL	REVIEW_COMMIT_INDEX_OR_ARCHIVE	recovery artifact
recovery_program_nl_question_completion_20260606_214915/candidates/current/recovery_program_nl_question_completion_20260606_214738/candidates/current/docs/governance/W7TP_CONTAINER_SERVER_OFFLOAD_PLAN.md	RECOVERY_ARTIFACT_HOLD	RECOVERY_EVIDENCE_WORKCELL	REVIEW_COMMIT_INDEX_OR_ARCHIVE	recovery artifact
recovery_program_nl_question_completion_20260606_214915/candidates/current/recovery_program_nl_question_completion_20260606_214738/candidates/current/docs/governance/W7TP_HA_MESH_PLAN_ONLY.md	RECOVERY_ARTIFACT_HOLD	RECOVERY_EVIDENCE_WORKCELL	REVIEW_COMMIT_INDEX_OR_ARCHIVE	recovery artifact
recovery_program_nl_question_completion_20260606_214915/candidates/current/recovery_program_nl_question_completion_20260606_214738/candidates/current/docs/governance/W7TP_INDEXER_SERVER_DEPLOYMENT_CHECKLIST.md	RECOVERY_ARTIFACT_HOLD	RECOVERY_EVIDENCE_WORKCELL	REVIEW_COMMIT_INDEX_OR_ARCHIVE	recovery artifact
recovery_program_nl_question_completion_20260606_214915/candidates/current/recovery_program_nl_question_completion_20260606_214738/candidates/current/docs/governance/W7TP_INDEXER_SERVER_DRYRUN_RECORD.md	RECOVERY_ARTIFACT_HOLD	RECOVERY_EVIDENCE_WORKCELL	REVIEW_COMMIT_INDEX_OR_ARCHIVE	recovery artifact
recovery_program_nl_question_completion_20260606_214915/candidates/current/recovery_program_nl_question_completion_20260606_214738/candidates/current/docs/governance/W7TP_LOCAL_XIAOJ_CLOUD_API_BROKER_DRYRUN.md	RECOVERY_ARTIFACT_HOLD	RECOVERY_EVIDENCE_WORKCELL	REVIEW_COMMIT_INDEX_OR_ARCHIVE	recovery artifact
recovery_program_nl_question_completion_20260606_214915/candidates/current/recovery_program_nl_question_completion_20260606_214738/candidates/current/docs/governance/W7TP_NL_TO_7D_TASK_PACKET_GENERATOR.md	RECOVERY_ARTIFACT_HOLD	RECOVERY_EVIDENCE_WORKCELL	REVIEW_COMMIT_INDEX_OR_ARCHIVE	recovery artifact
recovery_program_nl_question_completion_20260606_214915/candidates/current/recovery_program_nl_question_completion_20260606_214738/candidates/current/docs/governance/W7TP_TRI_PARTY_7D_PACKET_LANGUAGE_BRIDGE.md	RECOVERY_ARTIFACT_HOLD	RECOVERY_EVIDENCE_WORKCELL	REVIEW_COMMIT_INDEX_OR_ARCHIVE	recovery artifact
recovery_program_nl_question_completion_20260606_214915/candidates/current/recovery_program_nl_question_completion_20260606_214738/candidates/current/docs/governance/XIAOJ_ADMIN_BLIND_PRIVACY_HARDWALL.md	RECOVERY_ARTIFACT_HOLD	RECOVERY_EVIDENCE_WORKCELL	REVIEW_COMMIT_INDEX_OR_ARCHIVE	recovery artifact
recovery_program_nl_question_completion_20260606_214915/candidates/current/recovery_program_nl_question_completion_20260606_214738/candidates/current/docs/governance/XIAOJ_CONVERGED_GOVERNANCE_ARCHITECTURE.md	RECOVERY_ARTIFACT_HOLD	RECOVERY_EVIDENCE_WORKCELL	REVIEW_COMMIT_INDEX_OR_ARCHIVE	recovery artifact
recovery_program_nl_question_completion_20260606_214915/candidates/current/recovery_program_nl_question_completion_20260606_214738/candidates/current/docs/governance/XIAOJ_VOLUNTEER_QUALIFICATION_POLICY.md	RECOVERY_ARTIFACT_HOLD	RECOVERY_EVIDENCE_WORKCELL	REVIEW_COMMIT_INDEX_OR_ARCHIVE	recovery artifact
recovery_program_nl_question_completion_20260606_214915/candidates/current/recovery_program_nl_question_completion_20260606_214738/candidates/current/docs/ip/WUCHANG_PROJECT_SOURCE_INVENTORY.md	RECOVERY_ARTIFACT_HOLD	RECOVERY_EVIDENCE_WORKCELL	REVIEW_COMMIT_INDEX_OR_ARCHIVE	recovery artifact
recovery_program_nl_question_completion_20260606_214915/candidates/current/recovery_program_nl_question_completion_20260606_214738/candidates/current/docs/legal/ASSOCIATION_BYLAW_AND_COMMUNITY_DEVELOPMENT_AUTHORITY.md	RECOVERY_ARTIFACT_HOLD	RECOVERY_EVIDENCE_WORKCELL	REVIEW_COMMIT_INDEX_OR_ARCHIVE	recovery artifact
recovery_program_nl_question_completion_20260606_214915/candidates/current/recovery_program_nl_question_completion_20260606_214738/candidates/current/docs/odoo/ODOO_POS_OPEN_SOURCE_PACKAGE_AND_7D_IDENTITY_PLAN.md	RECOVERY_ARTIFACT_HOLD	RECOVERY_EVIDENCE_WORKCELL	REVIEW_COMMIT_INDEX_OR_ARCHIVE	recovery artifact
recovery_program_nl_question_completion_20260606_214915/candidates/current/recovery_program_nl_question_completion_20260606_214738/candidates/current/docs/patent/TW-IF-02/appendix_A_wuchang_citycode_engine.py	RECOVERY_ARTIFACT_HOLD	RECOVERY_EVIDENCE_WORKCELL	REVIEW_COMMIT_INDEX_OR_ARCHIVE	recovery artifact
recovery_program_nl_question_completion_20260606_214915/candidates/current/recovery_program_nl_question_completion_20260606_214738/candidates/current/docs/patent/TW-IF-02/appendix_A_wuchang_citycode_engine_msv_dev_srv.py	RECOVERY_ARTIFACT_HOLD	RECOVERY_EVIDENCE_WORKCELL	REVIEW_COMMIT_INDEX_OR_ARCHIVE	recovery artifact
recovery_program_nl_question_completion_20260606_214915/candidates/current/recovery_program_nl_question_completion_20260606_214738/candidates/current/docs/patent/taiwan_patent_claims_v1.md	RECOVERY_ARTIFACT_HOLD	RECOVERY_EVIDENCE_WORKCELL	REVIEW_COMMIT_INDEX_OR_ARCHIVE	recovery artifact
recovery_program_nl_question_completion_20260606_214915/candidates/current/recovery_program_nl_question_completion_20260606_214738/candidates/current/docs/patent/taiwan_patent_spec_v1.md	RECOVERY_ARTIFACT_HOLD	RECOVERY_EVIDENCE_WORKCELL	REVIEW_COMMIT_INDEX_OR_ARCHIVE	recovery artifact
recovery_program_nl_question_completion_20260606_214915/candidates/current/recovery_program_nl_question_completion_20260606_214738/candidates/current/docs/patent/wuchang_sovereign_gateway_patent_draft_20260523_053242.md	RECOVERY_ARTIFACT_HOLD	RECOVERY_EVIDENCE_WORKCELL	REVIEW_COMMIT_INDEX_OR_ARCHIVE	recovery artifact
recovery_program_nl_question_completion_20260606_214915/candidates/current/recovery_program_nl_question_completion_20260606_214738/candidates/current/docs/prefix/XIAOJ_BYLAW_COMMUNITY_DEVELOPMENT_CONCEPT.md	RECOVERY_ARTIFACT_HOLD	RECOVERY_EVIDENCE_WORKCELL	REVIEW_COMMIT_INDEX_OR_ARCHIVE	recovery artifact
recovery_program_nl_question_completion_20260606_214915/candidates/current/recovery_program_nl_question_completion_20260606_214738/candidates/current/docs/project/PROJECT_CONTROL_BOARD.md	RECOVERY_ARTIFACT_HOLD	RECOVERY_EVIDENCE_WORKCELL	REVIEW_COMMIT_INDEX_OR_ARCHIVE	recovery artifact
recovery_program_nl_question_completion_20260606_214915/candidates/current/recovery_program_nl_question_completion_20260606_214738/candidates/current/docs/project/PROJECT_DASHBOARD.html	RECOVERY_ARTIFACT_HOLD	RECOVERY_EVIDENCE_WORKCELL	REVIEW_COMMIT_INDEX_OR_ARCHIVE	recovery artifact
recovery_program_nl_question_completion_20260606_214915/candidates/current/recovery_program_nl_question_completion_20260606_214738/candidates/current/docs/project/TASK_CARDS.md	RECOVERY_ARTIFACT_HOLD	RECOVERY_EVIDENCE_WORKCELL	REVIEW_COMMIT_INDEX_OR_ARCHIVE	recovery artifact
recovery_program_nl_question_completion_20260606_214915/candidates/current/recovery_program_nl_question_completion_20260606_214738/candidates/current/docs/project/TASK_CARDS_COMPACT.md	RECOVERY_ARTIFACT_HOLD	RECOVERY_EVIDENCE_WORKCELL	REVIEW_COMMIT_INDEX_OR_ARCHIVE	recovery artifact
recovery_program_nl_question_completion_20260606_214915/candidates/current/recovery_program_nl_question_completion_20260606_214738/candidates/current/docs/project/W7TP_007_VOLUNTEER_DELIVERY_STATUS.md	RECOVERY_ARTIFACT_HOLD	RECOVERY_EVIDENCE_WORKCELL	REVIEW_COMMIT_INDEX_OR_ARCHIVE	recovery artifact
recovery_program_nl_question_completion_20260606_214915/candidates/current/recovery_program_nl_question_completion_20260606_214738/candidates/current/docs/project/W7TP_COMMUNITY_AI_MVP_CONTROL_SUMMARY_V1.md	RECOVERY_ARTIFACT_HOLD	RECOVERY_EVIDENCE_WORKCELL	REVIEW_COMMIT_INDEX_OR_ARCHIVE	recovery artifact
recovery_program_nl_question_completion_20260606_214915/candidates/current/recovery_program_nl_question_completion_20260606_214738/candidates/current/docs/project/W7TP_FIELD_SCAN_LATEST.md	RECOVERY_ARTIFACT_HOLD	RECOVERY_EVIDENCE_WORKCELL	REVIEW_COMMIT_INDEX_OR_ARCHIVE	recovery artifact
recovery_program_nl_question_completion_20260606_214915/candidates/current/recovery_program_nl_question_completion_20260606_214738/candidates/current/docs/project/W7TP_ODOO_COMMITTEE_CANDIDATE_DETAIL.md	RECOVERY_ARTIFACT_HOLD	RECOVERY_EVIDENCE_WORKCELL	REVIEW_COMMIT_INDEX_OR_ARCHIVE	recovery artifact
recovery_program_nl_question_completion_20260606_214915/candidates/current/recovery_program_nl_question_completion_20260606_214738/candidates/current/docs/project/W7TP_ODOO_COMMITTEE_MODULE_READ.md	RECOVERY_ARTIFACT_HOLD	RECOVERY_EVIDENCE_WORKCELL	REVIEW_COMMIT_INDEX_OR_ARCHIVE	recovery artifact
recovery_program_nl_question_completion_20260606_214915/candidates/current/recovery_program_nl_question_completion_20260606_214738/candidates/current/docs/project/W7TP_WUCHANG_CORE_COMMITTEE_MODULE_READ.md	RECOVERY_ARTIFACT_HOLD	RECOVERY_EVIDENCE_WORKCELL	REVIEW_COMMIT_INDEX_OR_ARCHIVE	recovery artifact
recovery_program_nl_question_completion_20260606_214915/candidates/current/recovery_program_nl_question_completion_20260606_214738/candidates/current/docs/project/W7TP_WUCHANG_CORE_INSTALL_READINESS_CHECK.md	RECOVERY_ARTIFACT_HOLD	RECOVERY_EVIDENCE_WORKCELL	REVIEW_COMMIT_INDEX_OR_ARCHIVE	recovery artifact
recovery_program_nl_question_completion_20260606_214915/candidates/current/recovery_program_nl_question_completion_20260606_214738/candidates/current/docs/project/WORKLINKS.md	RECOVERY_ARTIFACT_HOLD	RECOVERY_EVIDENCE_WORKCELL	REVIEW_COMMIT_INDEX_OR_ARCHIVE	recovery artifact
recovery_program_nl_question_completion_20260606_214915/candidates/current/recovery_program_nl_question_completion_20260606_214738/candidates/current/docs/project/WUCHANG_CORE_FINAL_UI_EVIDENCE.md	RECOVERY_ARTIFACT_HOLD	RECOVERY_EVIDENCE_WORKCELL	REVIEW_COMMIT_INDEX_OR_ARCHIVE	recovery artifact
recovery_program_nl_question_completion_20260606_214915/candidates/current/recovery_program_nl_question_completion_20260606_214738/candidates/current/docs/strategy/wuchang_sovereign_economic_engine_v8_zh.md	RECOVERY_ARTIFACT_HOLD	RECOVERY_EVIDENCE_WORKCELL	REVIEW_COMMIT_INDEX_OR_ARCHIVE	recovery artifact
recovery_program_nl_question_completion_20260606_214915/candidates/current/recovery_program_nl_question_completion_20260606_214738/candidates/current/docs/system_memory/wuchang_culture_kindness_memory.md	RECOVERY_ARTIFACT_HOLD	RECOVERY_EVIDENCE_WORKCELL	REVIEW_COMMIT_INDEX_OR_ARCHIVE	recovery artifact
recovery_program_nl_question_completion_20260606_214915/candidates/current/recovery_program_nl_question_completion_20260606_214738/candidates/current/docs/taiji_five_metric_formal_notation_runtime_zh.md	RECOVERY_ARTIFACT_HOLD	RECOVERY_EVIDENCE_WORKCELL	REVIEW_COMMIT_INDEX_OR_ARCHIVE	recovery artifact
recovery_program_nl_question_completion_20260606_214915/candidates/current/recovery_program_nl_question_completion_20260606_214738/candidates/current/docs/taiji_five_metric_tensor_runtime_zh.md	RECOVERY_ARTIFACT_HOLD	RECOVERY_EVIDENCE_WORKCELL	REVIEW_COMMIT_INDEX_OR_ARCHIVE	recovery artifact
recovery_program_nl_question_completion_20260606_214915/candidates/current/recovery_program_nl_question_completion_20260606_214738/candidates/current/docs/taiji_hub_architecture_completion_board_zh.md	RECOVERY_ARTIFACT_HOLD	RECOVERY_EVIDENCE_WORKCELL	REVIEW_COMMIT_INDEX_OR_ARCHIVE	recovery artifact
recovery_program_nl_question_completion_20260606_214915/candidates/current/recovery_program_nl_question_completion_20260606_214738/candidates/current/docs/taiji_hub_device_least_privilege_browser_ui_zh.md	RECOVERY_ARTIFACT_HOLD	RECOVERY_EVIDENCE_WORKCELL	REVIEW_COMMIT_INDEX_OR_ARCHIVE	recovery artifact
recovery_program_nl_question_completion_20260606_214915/candidates/current/recovery_program_nl_question_completion_20260606_214738/candidates/current/docs/taiji_hub_five_dim_zero_tree_tensor_io_assessment_zh.md	RECOVERY_ARTIFACT_HOLD	RECOVERY_EVIDENCE_WORKCELL	REVIEW_COMMIT_INDEX_OR_ARCHIVE	recovery artifact
recovery_program_nl_question_completion_20260606_214915/candidates/current/recovery_program_nl_question_completion_20260606_214738/candidates/current/docs/taiji_hub_google_workspace_policy_gateway_zh.md	RECOVERY_ARTIFACT_HOLD	RECOVERY_EVIDENCE_WORKCELL	REVIEW_COMMIT_INDEX_OR_ARCHIVE	recovery artifact
recovery_program_nl_question_completion_20260606_214915/candidates/current/recovery_program_nl_question_completion_20260606_214738/candidates/current/docs/taiji_hub_odoo_google_nonprofit_mail_bridge_zh.md	RECOVERY_ARTIFACT_HOLD	RECOVERY_EVIDENCE_WORKCELL	REVIEW_COMMIT_INDEX_OR_ARCHIVE	recovery artifact
recovery_program_nl_question_completion_20260606_214915/candidates/current/recovery_program_nl_question_completion_20260606_214738/candidates/current/docs/taiji_hub_whitepaper_zh.md	RECOVERY_ARTIFACT_HOLD	RECOVERY_EVIDENCE_WORKCELL	REVIEW_COMMIT_INDEX_OR_ARCHIVE	recovery artifact
recovery_program_nl_question_completion_20260606_214915/candidates/current/recovery_program_nl_question_completion_20260606_214738/candidates/current/docs/taiji_natural_intent_pos_gateway_zh.md	RECOVERY_ARTIFACT_HOLD	RECOVERY_EVIDENCE_WORKCELL	REVIEW_COMMIT_INDEX_OR_ARCHIVE	recovery artifact
recovery_program_nl_question_completion_20260606_214915/candidates/current/recovery_program_nl_question_completion_20260606_214738/candidates/current/docs/task_force/wuchang_task_force_dispatch_policy_zh.md	RECOVERY_ARTIFACT_HOLD	RECOVERY_EVIDENCE_WORKCELL	REVIEW_COMMIT_INDEX_OR_ARCHIVE	recovery artifact
recovery_program_nl_question_completion_20260606_214915/candidates/current/recovery_program_nl_question_completion_20260606_214738/candidates/current/docs/w7tp_algorithms/W7TP_EASTERN_STATE_ROUTER_v1.3_SPEC.md	RECOVERY_ARTIFACT_HOLD	RECOVERY_EVIDENCE_WORKCELL	REVIEW_COMMIT_INDEX_OR_ARCHIVE	recovery artifact
recovery_program_nl_question_completion_20260606_214915/candidates/current/recovery_program_nl_question_completion_20260606_214738/candidates/current/docs/wuchang_community_system_functional_structure_zh.md	RECOVERY_ARTIFACT_HOLD	RECOVERY_EVIDENCE_WORKCELL	REVIEW_COMMIT_INDEX_OR_ARCHIVE	recovery artifact
recovery_program_nl_question_completion_20260606_214915/candidates/current/recovery_program_nl_question_completion_20260606_214738/candidates/current/drive_upload_bundle/20260507_012719/AI_FILE_TENSOR_INDEX_20260507_012719.json	RECOVERY_ARTIFACT_HOLD	RECOVERY_EVIDENCE_WORKCELL	REVIEW_COMMIT_INDEX_OR_ARCHIVE	recovery artifact
recovery_program_nl_question_completion_20260606_214915/candidates/current/recovery_program_nl_question_completion_20260606_214738/candidates/current/drive_upload_bundle/20260507_012719/ARCHIVE_MANIFEST_20260507_012719.tsv	RECOVERY_ARTIFACT_HOLD	RECOVERY_EVIDENCE_WORKCELL	REVIEW_COMMIT_INDEX_OR_ARCHIVE	recovery artifact
recovery_program_nl_question_completion_20260606_214915/candidates/current/recovery_program_nl_question_completion_20260606_214738/candidates/current/eamtp_tipo_generator.py	RECOVERY_ARTIFACT_HOLD	RECOVERY_EVIDENCE_WORKCELL	REVIEW_COMMIT_INDEX_OR_ARCHIVE	recovery artifact
recovery_program_nl_question_completion_20260606_214915/candidates/current/recovery_program_nl_question_completion_20260606_214738/candidates/current/evidence/full_scope_selfdev_20260508_025146/disk_mounts.txt	RECOVERY_ARTIFACT_HOLD	RECOVERY_EVIDENCE_WORKCELL	REVIEW_COMMIT_INDEX_OR_ARCHIVE	recovery artifact
recovery_program_nl_question_completion_20260606_214915/candidates/current/recovery_program_nl_question_completion_20260606_214738/candidates/current/evidence/full_scope_selfdev_20260508_025146/full_file_timeline.txt	RECOVERY_ARTIFACT_HOLD	RECOVERY_EVIDENCE_WORKCELL	REVIEW_COMMIT_INDEX_OR_ARCHIVE	recovery artifact
recovery_program_nl_question_completion_20260606_214915/candidates/current/recovery_program_nl_question_completion_20260606_214738/candidates/current/evidence/full_scope_selfdev_20260508_025146/git_diff.patch	RECOVERY_ARTIFACT_HOLD	RECOVERY_EVIDENCE_WORKCELL	REVIEW_COMMIT_INDEX_OR_ARCHIVE	recovery artifact
recovery_program_nl_question_completion_20260606_214915/candidates/current/recovery_program_nl_question_completion_20260606_214738/candidates/current/evidence/full_scope_selfdev_20260508_025146/git_log.txt	RECOVERY_ARTIFACT_HOLD	RECOVERY_EVIDENCE_WORKCELL	REVIEW_COMMIT_INDEX_OR_ARCHIVE	recovery artifact
recovery_program_nl_question_completion_20260606_214915/candidates/current/recovery_program_nl_question_completion_20260606_214738/candidates/current/evidence/full_scope_selfdev_20260508_025146/shell_history_redacted.txt	RECOVERY_ARTIFACT_HOLD	RECOVERY_EVIDENCE_WORKCELL	REVIEW_COMMIT_INDEX_OR_ARCHIVE	recovery artifact
recovery_program_nl_question_completion_20260606_214915/candidates/current/recovery_program_nl_question_completion_20260606_214738/candidates/current/evidence/full_scope_selfdev_20260508_025146/source_document_files.txt	RECOVERY_ARTIFACT_HOLD	RECOVERY_EVIDENCE_WORKCELL	REVIEW_COMMIT_INDEX_OR_ARCHIVE	recovery artifact
recovery_program_nl_question_completion_20260606_214915/candidates/current/recovery_program_nl_question_completion_20260606_214738/candidates/current/evidence/full_scope_selfdev_20260508_025146/source_document_sha256.txt	RECOVERY_ARTIFACT_HOLD	RECOVERY_EVIDENCE_WORKCELL	REVIEW_COMMIT_INDEX_OR_ARCHIVE	recovery artifact
recovery_program_nl_question_completion_20260606_214915/candidates/current/recovery_program_nl_question_completion_20260606_214738/candidates/current/evidence/full_scope_selfdev_20260508_025146/systemd_journal_recent.txt	RECOVERY_ARTIFACT_HOLD	RECOVERY_EVIDENCE_WORKCELL	REVIEW_COMMIT_INDEX_OR_ARCHIVE	recovery artifact
recovery_program_nl_question_completion_20260606_214915/candidates/current/recovery_program_nl_question_completion_20260606_214738/candidates/current/evidence/full_scope_selfdev_20260508_025146/systemd_status.txt	RECOVERY_ARTIFACT_HOLD	RECOVERY_EVIDENCE_WORKCELL	REVIEW_COMMIT_INDEX_OR_ARCHIVE	recovery artifact
recovery_program_nl_question_completion_20260606_214915/candidates/current/recovery_program_nl_question_completion_20260606_214738/candidates/current/evidence/full_scope_selfdev_20260508_025146/taiji_related_timeline.txt	RECOVERY_ARTIFACT_HOLD	RECOVERY_EVIDENCE_WORKCELL	REVIEW_COMMIT_INDEX_OR_ARCHIVE	recovery artifact
recovery_program_nl_question_completion_20260606_214915/candidates/current/recovery_program_nl_question_completion_20260606_214738/candidates/current/evidence/full_scope_selfdev_20260508_025146/web_scrape_indicator_scan.txt	RECOVERY_ARTIFACT_HOLD	RECOVERY_EVIDENCE_WORKCELL	REVIEW_COMMIT_INDEX_OR_ARCHIVE	recovery artifact
recovery_program_nl_question_completion_20260606_214915/candidates/current/recovery_program_nl_question_completion_20260606_214738/candidates/current/evidence/member_registration/member_registration_avatar_patch_20260602_123409.txt	RECOVERY_ARTIFACT_HOLD	RECOVERY_EVIDENCE_WORKCELL	REVIEW_COMMIT_INDEX_OR_ARCHIVE	recovery artifact
recovery_program_nl_question_completion_20260606_214915/candidates/current/recovery_program_nl_question_completion_20260606_214738/candidates/current/evidence/member_registration/member_registration_founder_patch_20260602_123801.txt	RECOVERY_ARTIFACT_HOLD	RECOVERY_EVIDENCE_WORKCELL	REVIEW_COMMIT_INDEX_OR_ARCHIVE	recovery artifact
recovery_program_nl_question_completion_20260606_214915/candidates/current/recovery_program_nl_question_completion_20260606_214738/candidates/current/evidence/member_registration/member_registration_nickname_patch_20260602_123048.txt	RECOVERY_ARTIFACT_HOLD	RECOVERY_EVIDENCE_WORKCELL	REVIEW_COMMIT_INDEX_OR_ARCHIVE	recovery artifact
recovery_program_nl_question_completion_20260606_214915/candidates/current/recovery_program_nl_question_completion_20260606_214738/candidates/current/evidence/member_registration/member_registration_odoo_install_005H_pgpassword_20260602_122849.txt	RECOVERY_ARTIFACT_HOLD	RECOVERY_EVIDENCE_WORKCELL	REVIEW_COMMIT_INDEX_OR_ARCHIVE	recovery artifact
recovery_program_nl_question_completion_20260606_214915/candidates/current/recovery_program_nl_question_completion_20260606_214738/candidates/current/evidence/server_handoff/dirty_worktree/git_diff_stat_20260602_004526.txt	RECOVERY_ARTIFACT_HOLD	RECOVERY_EVIDENCE_WORKCELL	REVIEW_COMMIT_INDEX_OR_ARCHIVE	recovery artifact
recovery_program_nl_question_completion_20260606_214915/candidates/current/recovery_program_nl_question_completion_20260606_214738/candidates/current/evidence/server_handoff/dirty_worktree/git_status_porcelain_20260602_004526.txt	RECOVERY_ARTIFACT_HOLD	RECOVERY_EVIDENCE_WORKCELL	REVIEW_COMMIT_INDEX_OR_ARCHIVE	recovery artifact
recovery_program_nl_question_completion_20260606_214915/candidates/current/recovery_program_nl_question_completion_20260606_214738/candidates/current/evidence/server_handoff/dirty_worktree/git_typechange_20260602_004526.txt	RECOVERY_ARTIFACT_HOLD	RECOVERY_EVIDENCE_WORKCELL	REVIEW_COMMIT_INDEX_OR_ARCHIVE	recovery artifact
recovery_program_nl_question_completion_20260606_214915/candidates/current/recovery_program_nl_question_completion_20260606_214738/candidates/current/evidence/server_handoff/production_copy_set/production_copy_set_manifest_20260602_012019.txt	RECOVERY_ARTIFACT_HOLD	RECOVERY_EVIDENCE_WORKCELL	REVIEW_COMMIT_INDEX_OR_ARCHIVE	recovery artifact
recovery_program_nl_question_completion_20260606_214915/candidates/current/recovery_program_nl_question_completion_20260606_214738/candidates/current/evidence/server_handoff/production_copy_set/production_copy_set_manifest_20260602_012514.txt	RECOVERY_ARTIFACT_HOLD	RECOVERY_EVIDENCE_WORKCELL	REVIEW_COMMIT_INDEX_OR_ARCHIVE	recovery artifact
recovery_program_nl_question_completion_20260606_214915/candidates/current/recovery_program_nl_question_completion_20260606_214738/candidates/current/evidence/server_handoff/production_copy_set/production_copy_set_manifest_20260602_012942.txt	RECOVERY_ARTIFACT_HOLD	RECOVERY_EVIDENCE_WORKCELL	REVIEW_COMMIT_INDEX_OR_ARCHIVE	recovery artifact
recovery_program_nl_question_completion_20260606_214915/candidates/current/recovery_program_nl_question_completion_20260606_214738/candidates/current/evidence/server_handoff/production_copy_set/production_copy_set_manifest_20260602_013154.txt	RECOVERY_ARTIFACT_HOLD	RECOVERY_EVIDENCE_WORKCELL	REVIEW_COMMIT_INDEX_OR_ARCHIVE	recovery artifact
recovery_program_nl_question_completion_20260606_214915/candidates/current/recovery_program_nl_question_completion_20260606_214738/candidates/current/evidence/server_handoff/systemd_takeover/taiji_edge_gateway_http_probe_20260602_114350.txt	RECOVERY_ARTIFACT_HOLD	RECOVERY_EVIDENCE_WORKCELL	REVIEW_COMMIT_INDEX_OR_ARCHIVE	recovery artifact
recovery_program_nl_question_completion_20260606_214915/candidates/current/recovery_program_nl_question_completion_20260606_214738/candidates/current/evidence/server_handoff/systemd_takeover/taiji_edge_gateway_systemd_final_takeover_20260602_114718.txt	RECOVERY_ARTIFACT_HOLD	RECOVERY_EVIDENCE_WORKCELL	REVIEW_COMMIT_INDEX_OR_ARCHIVE	recovery artifact
recovery_program_nl_question_completion_20260606_214915/candidates/current/recovery_program_nl_question_completion_20260606_214738/candidates/current/evidence/server_handoff/systemd_takeover/taiji_edge_gateway_systemd_takeover_20260602_114221.txt	RECOVERY_ARTIFACT_HOLD	RECOVERY_EVIDENCE_WORKCELL	REVIEW_COMMIT_INDEX_OR_ARCHIVE	recovery artifact
recovery_program_nl_question_completion_20260606_214915/candidates/current/recovery_program_nl_question_completion_20260606_214738/candidates/current/evidence/server_handoff/systemd_takeover/taiji_unified_gateway_edge_pre_healthz_20260602_114553.py	RECOVERY_ARTIFACT_HOLD	RECOVERY_EVIDENCE_WORKCELL	REVIEW_COMMIT_INDEX_OR_ARCHIVE	recovery artifact
recovery_program_nl_question_completion_20260606_214915/candidates/current/recovery_program_nl_question_completion_20260606_214738/candidates/current/evidence/server_handoff/taiji01_transfer_dry_run/taiji01_copy_set_filelist_20260602_013458.txt	RECOVERY_ARTIFACT_HOLD	RECOVERY_EVIDENCE_WORKCELL	REVIEW_COMMIT_INDEX_OR_ARCHIVE	recovery artifact
recovery_program_nl_question_completion_20260606_214915/candidates/current/recovery_program_nl_question_completion_20260606_214738/candidates/current/evidence/server_handoff/taiji01_transfer_dry_run/taiji01_copy_set_filelist_unquoted_20260602_013828.txt	RECOVERY_ARTIFACT_HOLD	RECOVERY_EVIDENCE_WORKCELL	REVIEW_COMMIT_INDEX_OR_ARCHIVE	recovery artifact
recovery_program_nl_question_completion_20260606_214915/candidates/current/recovery_program_nl_question_completion_20260606_214738/candidates/current/evidence/server_handoff/taiji01_transfer_dry_run/taiji01_copy_set_rsync_dry_run_20260602_013458.txt	RECOVERY_ARTIFACT_HOLD	RECOVERY_EVIDENCE_WORKCELL	REVIEW_COMMIT_INDEX_OR_ARCHIVE	recovery artifact
recovery_program_nl_question_completion_20260606_214915/candidates/current/recovery_program_nl_question_completion_20260606_214738/candidates/current/evidence/server_handoff/taiji01_transfer_dry_run/taiji01_copy_set_rsync_dry_run_unquoted_20260602_013828.txt	RECOVERY_ARTIFACT_HOLD	RECOVERY_EVIDENCE_WORKCELL	REVIEW_COMMIT_INDEX_OR_ARCHIVE	recovery artifact
recovery_program_nl_question_completion_20260606_214915/candidates/current/recovery_program_nl_question_completion_20260606_214738/candidates/current/evidence/server_handoff/taiji01_transfer_real_copy/taiji01_copy_set_real_rsync_20260602_014050.txt	RECOVERY_ARTIFACT_HOLD	RECOVERY_EVIDENCE_WORKCELL	REVIEW_COMMIT_INDEX_OR_ARCHIVE	recovery artifact
recovery_program_nl_question_completion_20260606_214915/candidates/current/recovery_program_nl_question_completion_20260606_214738/candidates/current/evidence/server_handoff/taiji01_validation/taiji01_copy_set_hash_diff_20260602_014300.txt	RECOVERY_ARTIFACT_HOLD	RECOVERY_EVIDENCE_WORKCELL	REVIEW_COMMIT_INDEX_OR_ARCHIVE	recovery artifact
recovery_program_nl_question_completion_20260606_214915/candidates/current/recovery_program_nl_question_completion_20260606_214738/candidates/current/evidence/server_handoff/worktree_batch_commit/batch1_staged_paths_20260602_005524.txt	RECOVERY_ARTIFACT_HOLD	RECOVERY_EVIDENCE_WORKCELL	REVIEW_COMMIT_INDEX_OR_ARCHIVE	recovery artifact
recovery_program_nl_question_completion_20260606_214915/candidates/current/recovery_program_nl_question_completion_20260606_214738/candidates/current/evidence/server_handoff/worktree_batch_commit/batch3_runtime_staged_paths_20260602_010451.txt	RECOVERY_ARTIFACT_HOLD	RECOVERY_EVIDENCE_WORKCELL	REVIEW_COMMIT_INDEX_OR_ARCHIVE	recovery artifact
recovery_program_nl_question_completion_20260606_214915/candidates/current/recovery_program_nl_question_completion_20260606_214738/candidates/current/evidence/server_handoff/worktree_batch_commit/batch3_staged_paths_20260602_010825.txt	RECOVERY_ARTIFACT_HOLD	RECOVERY_EVIDENCE_WORKCELL	REVIEW_COMMIT_INDEX_OR_ARCHIVE	recovery artifact
recovery_program_nl_question_completion_20260606_214915/candidates/current/recovery_program_nl_question_completion_20260606_214738/candidates/current/evidence/server_handoff/worktree_batch_commit/batch4_review_staged_paths_20260602_011455.txt	RECOVERY_ARTIFACT_HOLD	RECOVERY_EVIDENCE_WORKCELL	REVIEW_COMMIT_INDEX_OR_ARCHIVE	recovery artifact
recovery_program_nl_question_completion_20260606_214915/candidates/current/recovery_program_nl_question_completion_20260606_214738/candidates/current/evidence/server_handoff/worktree_batch_commit/batch4_review_staged_paths_20260602_011529.txt	RECOVERY_ARTIFACT_HOLD	RECOVERY_EVIDENCE_WORKCELL	REVIEW_COMMIT_INDEX_OR_ARCHIVE	recovery artifact
recovery_program_nl_question_completion_20260606_214915/candidates/current/recovery_program_nl_question_completion_20260606_214738/candidates/current/evidence/server_handoff/worktree_batch_commit/batch4_staged_paths_20260602_011229.txt	RECOVERY_ARTIFACT_HOLD	RECOVERY_EVIDENCE_WORKCELL	REVIEW_COMMIT_INDEX_OR_ARCHIVE	recovery artifact
recovery_program_nl_question_completion_20260606_214915/candidates/current/recovery_program_nl_question_completion_20260606_214738/candidates/current/evidence/server_handoff/worktree_batch_commit/status_after_20260602_005228.txt	RECOVERY_ARTIFACT_HOLD	RECOVERY_EVIDENCE_WORKCELL	REVIEW_COMMIT_INDEX_OR_ARCHIVE	recovery artifact
recovery_program_nl_question_completion_20260606_214915/candidates/current/recovery_program_nl_question_completion_20260606_214738/candidates/current/evidence/server_handoff/worktree_batch_commit/status_before_20260602_005228.txt	RECOVERY_ARTIFACT_HOLD	RECOVERY_EVIDENCE_WORKCELL	REVIEW_COMMIT_INDEX_OR_ARCHIVE	recovery artifact
recovery_program_nl_question_completion_20260606_214915/candidates/current/recovery_program_nl_question_completion_20260606_214738/candidates/current/evidence/verification/cross_node_receive_probe_MSI_20260606_210542.md	RECOVERY_ARTIFACT_HOLD	RECOVERY_EVIDENCE_WORKCELL	REVIEW_COMMIT_INDEX_OR_ARCHIVE	recovery artifact
recovery_program_nl_question_completion_20260606_214915/candidates/current/recovery_program_nl_question_completion_20260606_214738/candidates/current/evidence/verification/w7tp_intent_field_packaging_topology_reconciliation_MSI_20260606_212148.md	RECOVERY_ARTIFACT_HOLD	RECOVERY_EVIDENCE_WORKCELL	REVIEW_COMMIT_INDEX_OR_ARCHIVE	recovery artifact
recovery_program_nl_question_completion_20260606_214915/candidates/current/recovery_program_nl_question_completion_20260606_214738/candidates/current/evidence/verification/w7tp_transport_verdict_MSI_20260606_193746.md	RECOVERY_ARTIFACT_HOLD	RECOVERY_EVIDENCE_WORKCELL	REVIEW_COMMIT_INDEX_OR_ARCHIVE	recovery artifact
recovery_program_nl_question_completion_20260606_214915/candidates/current/recovery_program_nl_question_completion_20260606_214738/candidates/current/evidence_generative_transport_history_20260606_164237.txt	RECOVERY_ARTIFACT_HOLD	RECOVERY_EVIDENCE_WORKCELL	REVIEW_COMMIT_INDEX_OR_ARCHIVE	recovery artifact
recovery_program_nl_question_completion_20260606_214915/candidates/current/recovery_program_nl_question_completion_20260606_214738/candidates/current/evidence_master_index/claim_artifact_mapping_v0_1.csv	RECOVERY_ARTIFACT_HOLD	RECOVERY_EVIDENCE_WORKCELL	REVIEW_COMMIT_INDEX_OR_ARCHIVE	recovery artifact
recovery_program_nl_question_completion_20260606_214915/candidates/current/recovery_program_nl_question_completion_20260606_214738/candidates/current/evidence_master_index/claim_artifact_mapping_v0_1.md	RECOVERY_ARTIFACT_HOLD	RECOVERY_EVIDENCE_WORKCELL	REVIEW_COMMIT_INDEX_OR_ARCHIVE	recovery artifact
recovery_program_nl_question_completion_20260606_214915/candidates/current/recovery_program_nl_question_completion_20260606_214738/candidates/current/evidence_master_index/claim_artifact_mapping_v0_2_clean.csv	RECOVERY_ARTIFACT_HOLD	RECOVERY_EVIDENCE_WORKCELL	REVIEW_COMMIT_INDEX_OR_ARCHIVE	recovery artifact
recovery_program_nl_question_completion_20260606_214915/candidates/current/recovery_program_nl_question_completion_20260606_214738/candidates/current/evidence_master_index/claim_artifact_mapping_v0_2_clean.md	RECOVERY_ARTIFACT_HOLD	RECOVERY_EVIDENCE_WORKCELL	REVIEW_COMMIT_INDEX_OR_ARCHIVE	recovery artifact
recovery_program_nl_question_completion_20260606_214915/candidates/current/recovery_program_nl_question_completion_20260606_214738/candidates/current/evidence_master_index/patent_abstract_v0_4.md	RECOVERY_ARTIFACT_HOLD	RECOVERY_EVIDENCE_WORKCELL	REVIEW_COMMIT_INDEX_OR_ARCHIVE	recovery artifact
recovery_program_nl_question_completion_20260606_214915/candidates/current/recovery_program_nl_question_completion_20260606_214738/candidates/current/evidence_master_index/patent_claims_v0_3_main_claim_draft.md	RECOVERY_ARTIFACT_HOLD	RECOVERY_EVIDENCE_WORKCELL	REVIEW_COMMIT_INDEX_OR_ARCHIVE	recovery artifact
recovery_program_nl_question_completion_20260606_214915/candidates/current/recovery_program_nl_question_completion_20260606_214738/candidates/current/evidence_master_index/patent_claims_v0_4.md	RECOVERY_ARTIFACT_HOLD	RECOVERY_EVIDENCE_WORKCELL	REVIEW_COMMIT_INDEX_OR_ARCHIVE	recovery artifact
recovery_program_nl_question_completion_20260606_214915/candidates/current/recovery_program_nl_question_completion_20260606_214738/candidates/current/evidence_master_index/patent_figures_v0_4.md	RECOVERY_ARTIFACT_HOLD	RECOVERY_EVIDENCE_WORKCELL	REVIEW_COMMIT_INDEX_OR_ARCHIVE	recovery artifact
recovery_program_nl_question_completion_20260606_214915/candidates/current/recovery_program_nl_question_completion_20260606_214738/candidates/current/evidence_master_index/patent_specification_v0_4.md	RECOVERY_ARTIFACT_HOLD	RECOVERY_EVIDENCE_WORKCELL	REVIEW_COMMIT_INDEX_OR_ARCHIVE	recovery artifact
recovery_program_nl_question_completion_20260606_214915/candidates/current/recovery_program_nl_question_completion_20260606_214738/candidates/current/evidence_master_index/patent_v0_5_tipo/patent_abstract_v0_5_tipo.md	RECOVERY_ARTIFACT_HOLD	RECOVERY_EVIDENCE_WORKCELL	REVIEW_COMMIT_INDEX_OR_ARCHIVE	recovery artifact
recovery_program_nl_question_completion_20260606_214915/candidates/current/recovery_program_nl_question_completion_20260606_214738/candidates/current/evidence_master_index/patent_v0_5_tipo/patent_claims_v0_5_tipo.md	RECOVERY_ARTIFACT_HOLD	RECOVERY_EVIDENCE_WORKCELL	REVIEW_COMMIT_INDEX_OR_ARCHIVE	recovery artifact
recovery_program_nl_question_completion_20260606_214915/candidates/current/recovery_program_nl_question_completion_20260606_214738/candidates/current/evidence_master_index/patent_v0_5_tipo/patent_figures_v0_5_tipo.md	RECOVERY_ARTIFACT_HOLD	RECOVERY_EVIDENCE_WORKCELL	REVIEW_COMMIT_INDEX_OR_ARCHIVE	recovery artifact
recovery_program_nl_question_completion_20260606_214915/candidates/current/recovery_program_nl_question_completion_20260606_214738/candidates/current/evidence_master_index/patent_v0_5_tipo/patent_specification_v0_5_tipo.md	RECOVERY_ARTIFACT_HOLD	RECOVERY_EVIDENCE_WORKCELL	REVIEW_COMMIT_INDEX_OR_ARCHIVE	recovery artifact
recovery_program_nl_question_completion_20260606_214915/candidates/current/recovery_program_nl_question_completion_20260606_214738/candidates/current/evidence_master_index/patent_v0_7_agent_review_pack/claim_artifact_mapping_v0_2_clean.csv	RECOVERY_ARTIFACT_HOLD	RECOVERY_EVIDENCE_WORKCELL	REVIEW_COMMIT_INDEX_OR_ARCHIVE	recovery artifact
recovery_program_nl_question_completion_20260606_214915/candidates/current/recovery_program_nl_question_completion_20260606_214738/candidates/current/evidence_master_index/patent_v0_7_agent_review_pack/claim_artifact_mapping_v0_2_clean.md	RECOVERY_ARTIFACT_HOLD	RECOVERY_EVIDENCE_WORKCELL	REVIEW_COMMIT_INDEX_OR_ARCHIVE	recovery artifact
recovery_program_nl_question_completion_20260606_214915/candidates/current/recovery_program_nl_question_completion_20260606_214738/candidates/current/evidence_master_index/patent_v0_7_agent_review_pack/patent_claims_v0_3_main_claim_draft.md	RECOVERY_ARTIFACT_HOLD	RECOVERY_EVIDENCE_WORKCELL	REVIEW_COMMIT_INDEX_OR_ARCHIVE	recovery artifact
recovery_program_nl_question_completion_20260606_214915/candidates/current/recovery_program_nl_question_completion_20260606_214738/candidates/current/evidence_master_index/patent_v0_7_agent_review_pack/redteam_review_summary_v0_7.md	RECOVERY_ARTIFACT_HOLD	RECOVERY_EVIDENCE_WORKCELL	REVIEW_COMMIT_INDEX_OR_ARCHIVE	recovery artifact
recovery_program_nl_question_completion_20260606_214915/candidates/current/recovery_program_nl_question_completion_20260606_214738/candidates/current/evidence_master_index/patent_v0_8_handoff_package/README_FOR_PATENT_ATTORNEY_v0_8.md	RECOVERY_ARTIFACT_HOLD	RECOVERY_EVIDENCE_WORKCELL	REVIEW_COMMIT_INDEX_OR_ARCHIVE	recovery artifact
recovery_program_nl_question_completion_20260606_214915/candidates/current/recovery_program_nl_question_completion_20260606_214738/candidates/current/evidence_master_index/patent_v0_8_handoff_package/claim_artifact_mapping_v0_2_clean.csv	RECOVERY_ARTIFACT_HOLD	RECOVERY_EVIDENCE_WORKCELL	REVIEW_COMMIT_INDEX_OR_ARCHIVE	recovery artifact
recovery_program_nl_question_completion_20260606_214915/candidates/current/recovery_program_nl_question_completion_20260606_214738/candidates/current/evidence_master_index/patent_v0_8_handoff_package/claim_artifact_mapping_v0_2_clean.md	RECOVERY_ARTIFACT_HOLD	RECOVERY_EVIDENCE_WORKCELL	REVIEW_COMMIT_INDEX_OR_ARCHIVE	recovery artifact
recovery_program_nl_question_completion_20260606_214915/candidates/current/recovery_program_nl_question_completion_20260606_214738/candidates/current/evidence_master_index/patent_v0_8_handoff_package/patent_claims_v0_3_main_claim_draft.md	RECOVERY_ARTIFACT_HOLD	RECOVERY_EVIDENCE_WORKCELL	REVIEW_COMMIT_INDEX_OR_ARCHIVE	recovery artifact
recovery_program_nl_question_completion_20260606_214915/candidates/current/recovery_program_nl_question_completion_20260606_214738/candidates/current/evidence_master_index/patent_v0_8_handoff_package/redteam_review_summary_v0_7.md	RECOVERY_ARTIFACT_HOLD	RECOVERY_EVIDENCE_WORKCELL	REVIEW_COMMIT_INDEX_OR_ARCHIVE	recovery artifact
recovery_program_nl_question_completion_20260606_214915/candidates/current/recovery_program_nl_question_completion_20260606_214738/candidates/current/evidence_master_index/patent_v0_9_development_history_appendix/claim_artifact_mapping_v0_2_clean.csv	RECOVERY_ARTIFACT_HOLD	RECOVERY_EVIDENCE_WORKCELL	REVIEW_COMMIT_INDEX_OR_ARCHIVE	recovery artifact
recovery_program_nl_question_completion_20260606_214915/candidates/current/recovery_program_nl_question_completion_20260606_214738/candidates/current/evidence_master_index/patent_v0_9_development_history_appendix/claim_artifact_mapping_v0_2_clean.md	RECOVERY_ARTIFACT_HOLD	RECOVERY_EVIDENCE_WORKCELL	REVIEW_COMMIT_INDEX_OR_ARCHIVE	recovery artifact
recovery_program_nl_question_completion_20260606_214915/candidates/current/recovery_program_nl_question_completion_20260606_214738/candidates/current/evidence_master_index/patent_v0_9_development_history_appendix/patent_v0_9_development_history_appendix.md	RECOVERY_ARTIFACT_HOLD	RECOVERY_EVIDENCE_WORKCELL	REVIEW_COMMIT_INDEX_OR_ARCHIVE	recovery artifact
recovery_program_nl_question_completion_20260606_214915/candidates/current/recovery_program_nl_question_completion_20260606_214738/candidates/current/evidence_master_index/patent_v0_9_development_history_appendix/patent_v0_9_development_history_timeline.csv	RECOVERY_ARTIFACT_HOLD	RECOVERY_EVIDENCE_WORKCELL	REVIEW_COMMIT_INDEX_OR_ARCHIVE	recovery artifact
recovery_program_nl_question_completion_20260606_214915/candidates/current/recovery_program_nl_question_completion_20260606_214738/candidates/current/examples/intent_manifests/payment_prepare.sample.json	RECOVERY_ARTIFACT_HOLD	RECOVERY_EVIDENCE_WORKCELL	REVIEW_COMMIT_INDEX_OR_ARCHIVE	recovery artifact
recovery_program_nl_question_completion_20260606_214915/candidates/current/recovery_program_nl_question_completion_20260606_214738/candidates/current/examples/intent_manifests/service_request.sample.json	RECOVERY_ARTIFACT_HOLD	RECOVERY_EVIDENCE_WORKCELL	REVIEW_COMMIT_INDEX_OR_ARCHIVE	recovery artifact
recovery_program_nl_question_completion_20260606_214915/candidates/current/recovery_program_nl_question_completion_20260606_214738/candidates/current/indexes/AI_FILE_TENSOR_INDEX_20260507_012719.json	RECOVERY_ARTIFACT_HOLD	RECOVERY_EVIDENCE_WORKCELL	REVIEW_COMMIT_INDEX_OR_ARCHIVE	recovery artifact
recovery_program_nl_question_completion_20260606_214915/candidates/current/recovery_program_nl_question_completion_20260606_214738/candidates/current/indexes/ARCHIVE_MANIFEST_20260507_012719.tsv	RECOVERY_ARTIFACT_HOLD	RECOVERY_EVIDENCE_WORKCELL	REVIEW_COMMIT_INDEX_OR_ARCHIVE	recovery artifact
recovery_program_nl_question_completion_20260606_214915/candidates/current/recovery_program_nl_question_completion_20260606_214738/candidates/current/intent_design_trace.txt	RECOVERY_ARTIFACT_HOLD	RECOVERY_EVIDENCE_WORKCELL	REVIEW_COMMIT_INDEX_OR_ARCHIVE	recovery artifact
recovery_program_nl_question_completion_20260606_214915/candidates/current/recovery_program_nl_question_completion_20260606_214738/candidates/current/intent_discovery/INTENT_DISCOVERY_CLASS_INDEX.txt	RECOVERY_ARTIFACT_HOLD	RECOVERY_EVIDENCE_WORKCELL	REVIEW_COMMIT_INDEX_OR_ARCHIVE	recovery artifact
recovery_program_nl_question_completion_20260606_214915/candidates/current/recovery_program_nl_question_completion_20260606_214738/candidates/current/intent_discovery/INTENT_DISCOVERY_FULL_MANIFEST.txt	RECOVERY_ARTIFACT_HOLD	RECOVERY_EVIDENCE_WORKCELL	REVIEW_COMMIT_INDEX_OR_ARCHIVE	recovery artifact
recovery_program_nl_question_completion_20260606_214915/candidates/current/recovery_program_nl_question_completion_20260606_214738/candidates/current/intent_discovery_211_manifest.txt	RECOVERY_ARTIFACT_HOLD	RECOVERY_EVIDENCE_WORKCELL	REVIEW_COMMIT_INDEX_OR_ARCHIVE	recovery artifact
recovery_program_nl_question_completion_20260606_214915/candidates/current/recovery_program_nl_question_completion_20260606_214738/candidates/current/intent_discovery_211_sha256.txt	RECOVERY_ARTIFACT_HOLD	RECOVERY_EVIDENCE_WORKCELL	REVIEW_COMMIT_INDEX_OR_ARCHIVE	recovery artifact
recovery_program_nl_question_completion_20260606_214915/candidates/current/recovery_program_nl_question_completion_20260606_214738/candidates/current/intent_discovery_238_manifest.txt	RECOVERY_ARTIFACT_HOLD	RECOVERY_EVIDENCE_WORKCELL	REVIEW_COMMIT_INDEX_OR_ARCHIVE	recovery artifact
recovery_program_nl_question_completion_20260606_214915/candidates/current/recovery_program_nl_question_completion_20260606_214738/candidates/current/intent_discovery_238_sha256.txt	RECOVERY_ARTIFACT_HOLD	RECOVERY_EVIDENCE_WORKCELL	REVIEW_COMMIT_INDEX_OR_ARCHIVE	recovery artifact
recovery_program_nl_question_completion_20260606_214915/candidates/current/recovery_program_nl_question_completion_20260606_214738/candidates/current/kan_yu_onepaste.py	RECOVERY_ARTIFACT_HOLD	RECOVERY_EVIDENCE_WORKCELL	REVIEW_COMMIT_INDEX_OR_ARCHIVE	recovery artifact
recovery_program_nl_question_completion_20260606_214915/candidates/current/recovery_program_nl_question_completion_20260606_214738/candidates/current/kan_yu_same_object_functions.py	RECOVERY_ARTIFACT_HOLD	RECOVERY_EVIDENCE_WORKCELL	REVIEW_COMMIT_INDEX_OR_ARCHIVE	recovery artifact
recovery_program_nl_question_completion_20260606_214915/candidates/current/recovery_program_nl_question_completion_20260606_214738/candidates/current/legacy_core/sister_j_agent_core.py	RECOVERY_ARTIFACT_HOLD	RECOVERY_EVIDENCE_WORKCELL	REVIEW_COMMIT_INDEX_OR_ARCHIVE	recovery artifact
recovery_program_nl_question_completion_20260606_214915/candidates/current/recovery_program_nl_question_completion_20260606_214738/candidates/current/legacy_core/taiji_8_0_api_gateway.py	RECOVERY_ARTIFACT_HOLD	RECOVERY_EVIDENCE_WORKCELL	REVIEW_COMMIT_INDEX_OR_ARCHIVE	recovery artifact
recovery_program_nl_question_completion_20260606_214915/candidates/current/recovery_program_nl_question_completion_20260606_214738/candidates/current/legacy_core/taiji_8_0_main.py	RECOVERY_ARTIFACT_HOLD	RECOVERY_EVIDENCE_WORKCELL	REVIEW_COMMIT_INDEX_OR_ARCHIVE	recovery artifact
recovery_program_nl_question_completion_20260606_214915/candidates/current/recovery_program_nl_question_completion_20260606_214738/candidates/current/legacy_core/taiji_f5_protocol.py	RECOVERY_ARTIFACT_HOLD	RECOVERY_EVIDENCE_WORKCELL	REVIEW_COMMIT_INDEX_OR_ARCHIVE	recovery artifact
recovery_program_nl_question_completion_20260606_214915/candidates/current/recovery_program_nl_question_completion_20260606_214738/candidates/current/legacy_core/taiji_native_claw.py	RECOVERY_ARTIFACT_HOLD	RECOVERY_EVIDENCE_WORKCELL	REVIEW_COMMIT_INDEX_OR_ARCHIVE	recovery artifact
recovery_program_nl_question_completion_20260606_214915/candidates/current/recovery_program_nl_question_completion_20260606_214738/candidates/current/legacy_core/taiji_patent_v3_engine.py	RECOVERY_ARTIFACT_HOLD	RECOVERY_EVIDENCE_WORKCELL	REVIEW_COMMIT_INDEX_OR_ARCHIVE	recovery artifact
recovery_program_nl_question_completion_20260606_214915/candidates/current/recovery_program_nl_question_completion_20260606_214738/candidates/current/legacy_core/taiji_redis_engine.py	RECOVERY_ARTIFACT_HOLD	RECOVERY_EVIDENCE_WORKCELL	REVIEW_COMMIT_INDEX_OR_ARCHIVE	recovery artifact
recovery_program_nl_question_completion_20260606_214915/candidates/current/recovery_program_nl_question_completion_20260606_214738/candidates/current/legacy_core/taiji_unified_gateway_edge.py	RECOVERY_ARTIFACT_HOLD	RECOVERY_EVIDENCE_WORKCELL	REVIEW_COMMIT_INDEX_OR_ARCHIVE	recovery artifact
recovery_program_nl_question_completion_20260606_214915/candidates/current/recovery_program_nl_question_completion_20260606_214738/candidates/current/legacy_core/wuchang_gemini_router.py	RECOVERY_ARTIFACT_HOLD	RECOVERY_EVIDENCE_WORKCELL	REVIEW_COMMIT_INDEX_OR_ARCHIVE	recovery artifact
recovery_program_nl_question_completion_20260606_214915/candidates/current/recovery_program_nl_question_completion_20260606_214738/candidates/current/legacy_core/wuchang_llm_core.py	RECOVERY_ARTIFACT_HOLD	RECOVERY_EVIDENCE_WORKCELL	REVIEW_COMMIT_INDEX_OR_ARCHIVE	recovery artifact
recovery_program_nl_question_completion_20260606_214915/candidates/current/recovery_program_nl_question_completion_20260606_214738/candidates/current/legacy_core/wuchang_pos_voice_engine.py	RECOVERY_ARTIFACT_HOLD	RECOVERY_EVIDENCE_WORKCELL	REVIEW_COMMIT_INDEX_OR_ARCHIVE	recovery artifact
recovery_program_nl_question_completion_20260606_214915/candidates/current/recovery_program_nl_question_completion_20260606_214738/candidates/current/legacy_core/wuchang_translation_service.py	RECOVERY_ARTIFACT_HOLD	RECOVERY_EVIDENCE_WORKCELL	REVIEW_COMMIT_INDEX_OR_ARCHIVE	recovery artifact
recovery_program_nl_question_completion_20260606_214915/candidates/current/recovery_program_nl_question_completion_20260606_214738/candidates/current/local_worker.py	RECOVERY_ARTIFACT_HOLD	RECOVERY_EVIDENCE_WORKCELL	REVIEW_COMMIT_INDEX_OR_ARCHIVE	recovery artifact
recovery_program_nl_question_completion_20260606_214915/candidates/current/recovery_program_nl_question_completion_20260606_214738/candidates/current/models/Wuchang_Adjutant.Modelfile	RECOVERY_ARTIFACT_HOLD	RECOVERY_EVIDENCE_WORKCELL	REVIEW_COMMIT_INDEX_OR_ARCHIVE	recovery artifact
recovery_program_nl_question_completion_20260606_214915/candidates/current/recovery_program_nl_question_completion_20260606_214738/candidates/current/models/ollama/Modelfile.metric_language_gateway_ai	RECOVERY_ARTIFACT_HOLD	RECOVERY_EVIDENCE_WORKCELL	REVIEW_COMMIT_INDEX_OR_ARCHIVE	recovery artifact
recovery_program_nl_question_completion_20260606_214915/candidates/current/recovery_program_nl_question_completion_20260606_214738/candidates/current/models/ollama/Modelfile.metric_language_gateway_ai.container	RECOVERY_ARTIFACT_HOLD	RECOVERY_EVIDENCE_WORKCELL	REVIEW_COMMIT_INDEX_OR_ARCHIVE	recovery artifact
recovery_program_nl_question_completion_20260606_214915/candidates/current/recovery_program_nl_question_completion_20260606_214738/candidates/current/models/ollama/Modelfile.xiaoj_dual_brain_unified	RECOVERY_ARTIFACT_HOLD	RECOVERY_EVIDENCE_WORKCELL	REVIEW_COMMIT_INDEX_OR_ARCHIVE	recovery artifact
recovery_program_nl_question_completion_20260606_214915/candidates/current/recovery_program_nl_question_completion_20260606_214738/candidates/current/models/ollama/Modelfile.xiaoj_dual_brain_unified_2b	RECOVERY_ARTIFACT_HOLD	RECOVERY_EVIDENCE_WORKCELL	REVIEW_COMMIT_INDEX_OR_ARCHIVE	recovery artifact
recovery_program_nl_question_completion_20260606_214915/candidates/current/recovery_program_nl_question_completion_20260606_214738/candidates/current/models/ollama/Modelfile.xiaoj_model_window.template	RECOVERY_ARTIFACT_HOLD	RECOVERY_EVIDENCE_WORKCELL	REVIEW_COMMIT_INDEX_OR_ARCHIVE	recovery artifact
recovery_program_nl_question_completion_20260606_214915/candidates/current/recovery_program_nl_question_completion_20260606_214738/candidates/current/models/wuchang_7d8z_5code_tensor.py	RECOVERY_ARTIFACT_HOLD	RECOVERY_EVIDENCE_WORKCELL	REVIEW_COMMIT_INDEX_OR_ARCHIVE	recovery artifact
recovery_program_nl_question_completion_20260606_214915/candidates/current/recovery_program_nl_question_completion_20260606_214738/candidates/current/openwebui_tools/taiji_claw_safe_tool.py	RECOVERY_ARTIFACT_HOLD	RECOVERY_EVIDENCE_WORKCELL	REVIEW_COMMIT_INDEX_OR_ARCHIVE	recovery artifact
recovery_program_nl_question_completion_20260606_214915/candidates/current/recovery_program_nl_question_completion_20260606_214738/candidates/current/openwebui_tools/taiji_metric_gateway_assembly_tool.py	RECOVERY_ARTIFACT_HOLD	RECOVERY_EVIDENCE_WORKCELL	REVIEW_COMMIT_INDEX_OR_ARCHIVE	recovery artifact
recovery_program_nl_question_completion_20260606_214915/candidates/current/recovery_program_nl_question_completion_20260606_214738/candidates/current/patent/Taiji_Tensor_Gateway_Patent_Package/01_summary/INVENTION_DISCLOSURE.md	RECOVERY_ARTIFACT_HOLD	RECOVERY_EVIDENCE_WORKCELL	REVIEW_COMMIT_INDEX_OR_ARCHIVE	recovery artifact
recovery_program_nl_question_completion_20260606_214915/candidates/current/recovery_program_nl_question_completion_20260606_214738/candidates/current/patent/Taiji_Tensor_Gateway_Patent_Package/02_claims/CLAIM_DRAFT.md	RECOVERY_ARTIFACT_HOLD	RECOVERY_EVIDENCE_WORKCELL	REVIEW_COMMIT_INDEX_OR_ARCHIVE	recovery artifact
recovery_program_nl_question_completion_20260606_214915/candidates/current/recovery_program_nl_question_completion_20260606_214738/candidates/current/patent/Taiji_Tensor_Gateway_Patent_Package/03_architecture/SYSTEM_ARCHITECTURE.md	RECOVERY_ARTIFACT_HOLD	RECOVERY_EVIDENCE_WORKCELL	REVIEW_COMMIT_INDEX_OR_ARCHIVE	recovery artifact
recovery_program_nl_question_completion_20260606_214915/candidates/current/recovery_program_nl_question_completion_20260606_214738/candidates/current/patent/Taiji_Tensor_Gateway_Patent_Package/04_embodiments/IMPLEMENTATION_EXAMPLE.md	RECOVERY_ARTIFACT_HOLD	RECOVERY_EVIDENCE_WORKCELL	REVIEW_COMMIT_INDEX_OR_ARCHIVE	recovery artifact
recovery_program_nl_question_completion_20260606_214915/candidates/current/recovery_program_nl_question_completion_20260606_214738/candidates/current/patent_filing/readonly_boot_edge_runtime_m5_v0_1/02_摘要.md	RECOVERY_ARTIFACT_HOLD	RECOVERY_EVIDENCE_WORKCELL	REVIEW_COMMIT_INDEX_OR_ARCHIVE	recovery artifact
recovery_program_nl_question_completion_20260606_214915/candidates/current/recovery_program_nl_question_completion_20260606_214738/candidates/current/patent_filing/readonly_boot_edge_runtime_m5_v0_1/03_說明書.md	RECOVERY_ARTIFACT_HOLD	RECOVERY_EVIDENCE_WORKCELL	REVIEW_COMMIT_INDEX_OR_ARCHIVE	recovery artifact
recovery_program_nl_question_completion_20260606_214915/candidates/current/recovery_program_nl_question_completion_20260606_214738/candidates/current/patent_filing/readonly_boot_edge_runtime_m5_v0_1/04_申請專利範圍.md	RECOVERY_ARTIFACT_HOLD	RECOVERY_EVIDENCE_WORKCELL	REVIEW_COMMIT_INDEX_OR_ARCHIVE	recovery artifact
recovery_program_nl_question_completion_20260606_214915/candidates/current/recovery_program_nl_question_completion_20260606_214738/candidates/current/patent_filing/readonly_boot_edge_runtime_m5_v0_1/figures/fig5.svg	RECOVERY_ARTIFACT_HOLD	RECOVERY_EVIDENCE_WORKCELL	REVIEW_COMMIT_INDEX_OR_ARCHIVE	recovery artifact
recovery_program_nl_question_completion_20260606_214915/candidates/current/recovery_program_nl_question_completion_20260606_214738/candidates/current/patent_filing/readonly_boot_edge_runtime_m5_v0_1/source_originals/specification_original.txt	RECOVERY_ARTIFACT_HOLD	RECOVERY_EVIDENCE_WORKCELL	REVIEW_COMMIT_INDEX_OR_ARCHIVE	recovery artifact
recovery_program_nl_question_completion_20260606_214915/candidates/current/recovery_program_nl_question_completion_20260606_214738/candidates/current/patent_recovery_pack/W7TP_DESIGN_EVIDENCE_INDEX.txt	RECOVERY_ARTIFACT_HOLD	RECOVERY_EVIDENCE_WORKCELL	REVIEW_COMMIT_INDEX_OR_ARCHIVE	recovery artifact
recovery_program_nl_question_completion_20260606_214915/candidates/current/recovery_program_nl_question_completion_20260606_214738/candidates/current/patent_recovery_pack/intent_discovery_238_manifest.txt	RECOVERY_ARTIFACT_HOLD	RECOVERY_EVIDENCE_WORKCELL	REVIEW_COMMIT_INDEX_OR_ARCHIVE	recovery artifact
recovery_program_nl_question_completion_20260606_214915/candidates/current/recovery_program_nl_question_completion_20260606_214738/candidates/current/patent_recovery_pack/intent_discovery_238_sha256.txt	RECOVERY_ARTIFACT_HOLD	RECOVERY_EVIDENCE_WORKCELL	REVIEW_COMMIT_INDEX_OR_ARCHIVE	recovery artifact
recovery_program_nl_question_completion_20260606_214915/candidates/current/recovery_program_nl_question_completion_20260606_214738/candidates/current/policies/7d_cloud_ai_policy.json	RECOVERY_ARTIFACT_HOLD	RECOVERY_EVIDENCE_WORKCELL	REVIEW_COMMIT_INDEX_OR_ARCHIVE	recovery artifact
recovery_program_nl_question_completion_20260606_214915/candidates/current/recovery_program_nl_question_completion_20260606_214738/candidates/current/policies/dead_letter_intruder_policy.md	RECOVERY_ARTIFACT_HOLD	RECOVERY_EVIDENCE_WORKCELL	REVIEW_COMMIT_INDEX_OR_ARCHIVE	recovery artifact
recovery_program_nl_question_completion_20260606_214915/candidates/current/recovery_program_nl_question_completion_20260606_214738/candidates/current/product/Taiji_Tensor_Gateway_v0_1/PRODUCT_MANIFEST.md	RECOVERY_ARTIFACT_HOLD	RECOVERY_EVIDENCE_WORKCELL	REVIEW_COMMIT_INDEX_OR_ARCHIVE	recovery artifact
recovery_program_nl_question_completion_20260606_214915/candidates/current/recovery_program_nl_question_completion_20260606_214738/candidates/current/product/Taiji_Tensor_Gateway_v0_1/docs/ARCHITECTURE.md	RECOVERY_ARTIFACT_HOLD	RECOVERY_EVIDENCE_WORKCELL	REVIEW_COMMIT_INDEX_OR_ARCHIVE	recovery artifact
recovery_program_nl_question_completion_20260606_214915/candidates/current/recovery_program_nl_question_completion_20260606_214738/candidates/current/product/Taiji_Tensor_Gateway_v0_1/docs/CONTEXT_REPLAY_INDEX.md	RECOVERY_ARTIFACT_HOLD	RECOVERY_EVIDENCE_WORKCELL	REVIEW_COMMIT_INDEX_OR_ARCHIVE	recovery artifact
recovery_program_nl_question_completion_20260606_214915/candidates/current/recovery_program_nl_question_completion_20260606_214738/candidates/current/product/Taiji_Tensor_Gateway_v0_1/docs/DEADBOX_ROUTE.md	RECOVERY_ARTIFACT_HOLD	RECOVERY_EVIDENCE_WORKCELL	REVIEW_COMMIT_INDEX_OR_ARCHIVE	recovery artifact
recovery_program_nl_question_completion_20260606_214915/candidates/current/recovery_program_nl_question_completion_20260606_214738/candidates/current/product/Taiji_Tensor_Gateway_v0_1/schema/context_replay_index.schema.json	RECOVERY_ARTIFACT_HOLD	RECOVERY_EVIDENCE_WORKCELL	REVIEW_COMMIT_INDEX_OR_ARCHIVE	recovery artifact
recovery_program_nl_question_completion_20260606_214915/candidates/current/recovery_program_nl_question_completion_20260606_214738/candidates/current/product/Taiji_Tensor_Gateway_v0_1/schema/deadbox_packet.schema.json	RECOVERY_ARTIFACT_HOLD	RECOVERY_EVIDENCE_WORKCELL	REVIEW_COMMIT_INDEX_OR_ARCHIVE	recovery artifact
recovery_program_nl_question_completion_20260606_214915/candidates/current/recovery_program_nl_question_completion_20260606_214738/candidates/current/product/Taiji_Tensor_Gateway_v0_1/schema/tensor_packet.schema.json	RECOVERY_ARTIFACT_HOLD	RECOVERY_EVIDENCE_WORKCELL	REVIEW_COMMIT_INDEX_OR_ARCHIVE	recovery artifact
recovery_program_nl_question_completion_20260606_214915/candidates/current/recovery_program_nl_question_completion_20260606_214738/candidates/current/prompts/CREATOR_SELF_LIMITING_PUBLIC_INTEREST_CLOSURE_PREFIX.md	RECOVERY_ARTIFACT_HOLD	RECOVERY_EVIDENCE_WORKCELL	REVIEW_COMMIT_INDEX_OR_ARCHIVE	recovery artifact
recovery_program_nl_question_completion_20260606_214915/candidates/current/recovery_program_nl_question_completion_20260606_214738/candidates/current/prompts/FINAL_MTL_AI_ASSEMBLY_EN_ONLY_PREFIX.md	RECOVERY_ARTIFACT_HOLD	RECOVERY_EVIDENCE_WORKCELL	REVIEW_COMMIT_INDEX_OR_ARCHIVE	recovery artifact
recovery_program_nl_question_completion_20260606_214915/candidates/current/recovery_program_nl_question_completion_20260606_214738/candidates/current/prompts/FINAL_MTL_AI_CONCEPT_ARCHITECTURE_EN_ONLY_PREFIX.md	RECOVERY_ARTIFACT_HOLD	RECOVERY_EVIDENCE_WORKCELL	REVIEW_COMMIT_INDEX_OR_ARCHIVE	recovery artifact
recovery_program_nl_question_completion_20260606_214915/candidates/current/recovery_program_nl_question_completion_20260606_214738/candidates/current/prompts/XIAOJ_MODEL_WINDOW_GOVERNED_PREFIX.md	RECOVERY_ARTIFACT_HOLD	RECOVERY_EVIDENCE_WORKCELL	REVIEW_COMMIT_INDEX_OR_ARCHIVE	recovery artifact
recovery_program_nl_question_completion_20260606_214915/candidates/current/recovery_program_nl_question_completion_20260606_214738/candidates/current/prompts/original/20260507_035851_00_小J總前綴_數位孿生妹妹_收斂版.txt	RECOVERY_ARTIFACT_HOLD	RECOVERY_EVIDENCE_WORKCELL	REVIEW_COMMIT_INDEX_OR_ARCHIVE	recovery artifact
recovery_program_nl_question_completion_20260606_214915/candidates/current/recovery_program_nl_question_completion_20260606_214738/candidates/current/prompts/original/20260507_035851_xiao_j_wuchang_cognition_master_latest.txt	RECOVERY_ARTIFACT_HOLD	RECOVERY_EVIDENCE_WORKCELL	REVIEW_COMMIT_INDEX_OR_ARCHIVE	recovery artifact
recovery_program_nl_question_completion_20260606_214915/candidates/current/recovery_program_nl_question_completion_20260606_214738/candidates/current/prompts/xiao_j_wuchang_cognition_master_latest.txt	RECOVERY_ARTIFACT_HOLD	RECOVERY_EVIDENCE_WORKCELL	REVIEW_COMMIT_INDEX_OR_ARCHIVE	recovery artifact
recovery_program_nl_question_completion_20260606_214915/candidates/current/recovery_program_nl_question_completion_20260606_214738/candidates/current/prompts/xiaoj_zh_transparent_reasoning.md	RECOVERY_ARTIFACT_HOLD	RECOVERY_EVIDENCE_WORKCELL	REVIEW_COMMIT_INDEX_OR_ARCHIVE	recovery artifact
recovery_program_nl_question_completion_20260606_214915/candidates/current/recovery_program_nl_question_completion_20260606_214738/candidates/current/recovery_evidence_20260606/intent_discovery_238_manifest.txt	RECOVERY_ARTIFACT_HOLD	RECOVERY_EVIDENCE_WORKCELL	REVIEW_COMMIT_INDEX_OR_ARCHIVE	recovery artifact
recovery_program_nl_question_completion_20260606_214915/candidates/current/recovery_program_nl_question_completion_20260606_214738/candidates/current/recovery_evidence_20260606/intent_discovery_238_sha256.txt	RECOVERY_ARTIFACT_HOLD	RECOVERY_EVIDENCE_WORKCELL	REVIEW_COMMIT_INDEX_OR_ARCHIVE	recovery artifact
recovery_program_nl_question_completion_20260606_214915/candidates/current/recovery_program_nl_question_completion_20260606_214738/candidates/current/redteam/redteam_report_20260510_023315.txt	RECOVERY_ARTIFACT_HOLD	RECOVERY_EVIDENCE_WORKCELL	REVIEW_COMMIT_INDEX_OR_ARCHIVE	recovery artifact
recovery_program_nl_question_completion_20260606_214915/candidates/current/recovery_program_nl_question_completion_20260606_214738/candidates/current/release/MTL_AI_GATEWAY_v1_0_RC1_20260507_043832/contexts/ai_metric/FINAL_MTL_AI_CONCEPT_ARCHITECTURE_EN_ONLY.mtl.json	RECOVERY_ARTIFACT_HOLD	RECOVERY_EVIDENCE_WORKCELL	REVIEW_COMMIT_INDEX_OR_ARCHIVE	recovery artifact
recovery_program_nl_question_completion_20260606_214915/candidates/current/recovery_program_nl_question_completion_20260606_214738/candidates/current/release/MTL_AI_GATEWAY_v1_0_RC1_20260507_043832/contexts/current/FINAL_MTL_AI_CONCEPT_ARCHITECTURE_EN_ONLY.md	RECOVERY_ARTIFACT_HOLD	RECOVERY_EVIDENCE_WORKCELL	REVIEW_COMMIT_INDEX_OR_ARCHIVE	recovery artifact
recovery_program_nl_question_completion_20260606_214915/candidates/current/recovery_program_nl_question_completion_20260606_214738/candidates/current/release/MTL_AI_GATEWAY_v1_0_RC1_20260507_043832/contexts/current/FINAL_MTL_AI_EN_ONLY_CONCEPT_ARCHITECTURE.mtl.json	RECOVERY_ARTIFACT_HOLD	RECOVERY_EVIDENCE_WORKCELL	REVIEW_COMMIT_INDEX_OR_ARCHIVE	recovery artifact
recovery_program_nl_question_completion_20260606_214915/candidates/current/recovery_program_nl_question_completion_20260606_214738/candidates/current/release/MTL_AI_GATEWAY_v1_0_RC1_20260507_043832/contexts/current/SYSTEM_CURRENT_STATE.md	RECOVERY_ARTIFACT_HOLD	RECOVERY_EVIDENCE_WORKCELL	REVIEW_COMMIT_INDEX_OR_ARCHIVE	recovery artifact
recovery_program_nl_question_completion_20260606_214915/candidates/current/recovery_program_nl_question_completion_20260606_214738/candidates/current/release/MTL_AI_GATEWAY_v1_0_RC1_20260507_043832/models/ollama/Modelfile.metric_language_gateway_ai	RECOVERY_ARTIFACT_HOLD	RECOVERY_EVIDENCE_WORKCELL	REVIEW_COMMIT_INDEX_OR_ARCHIVE	recovery artifact
recovery_program_nl_question_completion_20260606_214915/candidates/current/recovery_program_nl_question_completion_20260606_214738/candidates/current/release/MTL_AI_GATEWAY_v1_0_RC1_20260507_043832/openwebui_tools/taiji_claw_safe_tool.py	RECOVERY_ARTIFACT_HOLD	RECOVERY_EVIDENCE_WORKCELL	REVIEW_COMMIT_INDEX_OR_ARCHIVE	recovery artifact
recovery_program_nl_question_completion_20260606_214915/candidates/current/recovery_program_nl_question_completion_20260606_214738/candidates/current/release/MTL_AI_GATEWAY_v1_0_RC1_20260507_043832/openwebui_tools/taiji_metric_gateway_assembly_tool.py	RECOVERY_ARTIFACT_HOLD	RECOVERY_EVIDENCE_WORKCELL	REVIEW_COMMIT_INDEX_OR_ARCHIVE	recovery artifact
recovery_program_nl_question_completion_20260606_214915/candidates/current/recovery_program_nl_question_completion_20260606_214738/candidates/current/release/MTL_AI_GATEWAY_v1_0_RC1_20260507_043832/prompts/FINAL_MTL_AI_ASSEMBLY_EN_ONLY_PREFIX.md	RECOVERY_ARTIFACT_HOLD	RECOVERY_EVIDENCE_WORKCELL	REVIEW_COMMIT_INDEX_OR_ARCHIVE	recovery artifact
recovery_program_nl_question_completion_20260606_214915/candidates/current/recovery_program_nl_question_completion_20260606_214738/candidates/current/release/MTL_AI_GATEWAY_v1_0_RC1_20260507_043832/prompts/FINAL_MTL_AI_CONCEPT_ARCHITECTURE_EN_ONLY_PREFIX.md	RECOVERY_ARTIFACT_HOLD	RECOVERY_EVIDENCE_WORKCELL	REVIEW_COMMIT_INDEX_OR_ARCHIVE	recovery artifact
recovery_program_nl_question_completion_20260606_214915/candidates/current/recovery_program_nl_question_completion_20260606_214738/candidates/current/release/MTL_AI_GATEWAY_v1_0_RC1_20260507_043832/scripts/oneclick_mtl_ai_assembly.sh	RECOVERY_ARTIFACT_HOLD	RECOVERY_EVIDENCE_WORKCELL	REVIEW_COMMIT_INDEX_OR_ARCHIVE	recovery artifact
recovery_program_nl_question_completion_20260606_214915/candidates/current/recovery_program_nl_question_completion_20260606_214738/candidates/current/release/MTL_AI_GATEWAY_v1_0_RC1_20260507_044020/contexts/ai_metric/FINAL_MTL_AI_CONCEPT_ARCHITECTURE_EN_ONLY.mtl.json	RECOVERY_ARTIFACT_HOLD	RECOVERY_EVIDENCE_WORKCELL	REVIEW_COMMIT_INDEX_OR_ARCHIVE	recovery artifact
recovery_program_nl_question_completion_20260606_214915/candidates/current/recovery_program_nl_question_completion_20260606_214738/candidates/current/release/MTL_AI_GATEWAY_v1_0_RC1_20260507_044020/contexts/current/FINAL_MTL_AI_CONCEPT_ARCHITECTURE_EN_ONLY.md	RECOVERY_ARTIFACT_HOLD	RECOVERY_EVIDENCE_WORKCELL	REVIEW_COMMIT_INDEX_OR_ARCHIVE	recovery artifact
recovery_program_nl_question_completion_20260606_214915/candidates/current/recovery_program_nl_question_completion_20260606_214738/candidates/current/release/MTL_AI_GATEWAY_v1_0_RC1_20260507_044020/contexts/current/FINAL_MTL_AI_EN_ONLY_CONCEPT_ARCHITECTURE.mtl.json	RECOVERY_ARTIFACT_HOLD	RECOVERY_EVIDENCE_WORKCELL	REVIEW_COMMIT_INDEX_OR_ARCHIVE	recovery artifact
recovery_program_nl_question_completion_20260606_214915/candidates/current/recovery_program_nl_question_completion_20260606_214738/candidates/current/release/MTL_AI_GATEWAY_v1_0_RC1_20260507_044020/contexts/current/SYSTEM_CURRENT_STATE.md	RECOVERY_ARTIFACT_HOLD	RECOVERY_EVIDENCE_WORKCELL	REVIEW_COMMIT_INDEX_OR_ARCHIVE	recovery artifact
recovery_program_nl_question_completion_20260606_214915/candidates/current/recovery_program_nl_question_completion_20260606_214738/candidates/current/release/MTL_AI_GATEWAY_v1_0_RC1_20260507_044020/models/ollama/Modelfile.metric_language_gateway_ai	RECOVERY_ARTIFACT_HOLD	RECOVERY_EVIDENCE_WORKCELL	REVIEW_COMMIT_INDEX_OR_ARCHIVE	recovery artifact
recovery_program_nl_question_completion_20260606_214915/candidates/current/recovery_program_nl_question_completion_20260606_214738/candidates/current/release/MTL_AI_GATEWAY_v1_0_RC1_20260507_044020/openwebui_tools/taiji_claw_safe_tool.py	RECOVERY_ARTIFACT_HOLD	RECOVERY_EVIDENCE_WORKCELL	REVIEW_COMMIT_INDEX_OR_ARCHIVE	recovery artifact
recovery_program_nl_question_completion_20260606_214915/candidates/current/recovery_program_nl_question_completion_20260606_214738/candidates/current/release/MTL_AI_GATEWAY_v1_0_RC1_20260507_044020/openwebui_tools/taiji_metric_gateway_assembly_tool.py	RECOVERY_ARTIFACT_HOLD	RECOVERY_EVIDENCE_WORKCELL	REVIEW_COMMIT_INDEX_OR_ARCHIVE	recovery artifact
recovery_program_nl_question_completion_20260606_214915/candidates/current/recovery_program_nl_question_completion_20260606_214738/candidates/current/release/MTL_AI_GATEWAY_v1_0_RC1_20260507_044020/prompts/FINAL_MTL_AI_ASSEMBLY_EN_ONLY_PREFIX.md	RECOVERY_ARTIFACT_HOLD	RECOVERY_EVIDENCE_WORKCELL	REVIEW_COMMIT_INDEX_OR_ARCHIVE	recovery artifact
recovery_program_nl_question_completion_20260606_214915/candidates/current/recovery_program_nl_question_completion_20260606_214738/candidates/current/release/MTL_AI_GATEWAY_v1_0_RC1_20260507_044020/prompts/FINAL_MTL_AI_CONCEPT_ARCHITECTURE_EN_ONLY_PREFIX.md	RECOVERY_ARTIFACT_HOLD	RECOVERY_EVIDENCE_WORKCELL	REVIEW_COMMIT_INDEX_OR_ARCHIVE	recovery artifact
recovery_program_nl_question_completion_20260606_214915/candidates/current/recovery_program_nl_question_completion_20260606_214738/candidates/current/release/MTL_AI_GATEWAY_v1_0_RC1_20260507_044020/scripts/oneclick_mtl_ai_assembly.sh	RECOVERY_ARTIFACT_HOLD	RECOVERY_EVIDENCE_WORKCELL	REVIEW_COMMIT_INDEX_OR_ARCHIVE	recovery artifact
recovery_program_nl_question_completion_20260606_214915/candidates/current/recovery_program_nl_question_completion_20260606_214738/candidates/current/runtime_adapters/intent_flow_cache_policy.py	RECOVERY_ARTIFACT_HOLD	RECOVERY_EVIDENCE_WORKCELL	REVIEW_COMMIT_INDEX_OR_ARCHIVE	recovery artifact
recovery_program_nl_question_completion_20260606_214915/candidates/current/recovery_program_nl_question_completion_20260606_214738/candidates/current/runtime_core_evidence/tensor_packet_schema.yaml	RECOVERY_ARTIFACT_HOLD	RECOVERY_EVIDENCE_WORKCELL	REVIEW_COMMIT_INDEX_OR_ARCHIVE	recovery artifact
recovery_program_nl_question_completion_20260606_214915/candidates/current/recovery_program_nl_question_completion_20260606_214738/candidates/current/runtime_core_source_review.txt	RECOVERY_ARTIFACT_HOLD	RECOVERY_EVIDENCE_WORKCELL	REVIEW_COMMIT_INDEX_OR_ARCHIVE	recovery artifact
recovery_program_nl_question_completion_20260606_214915/candidates/current/recovery_program_nl_question_completion_20260606_214738/candidates/current/schemas/community_micro_economy_flow.schema.json	RECOVERY_ARTIFACT_HOLD	RECOVERY_EVIDENCE_WORKCELL	REVIEW_COMMIT_INDEX_OR_ARCHIVE	recovery artifact
recovery_program_nl_question_completion_20260606_214915/candidates/current/recovery_program_nl_question_completion_20260606_214738/candidates/current/schemas/eamtp_7d_packet.schema.json	RECOVERY_ARTIFACT_HOLD	RECOVERY_EVIDENCE_WORKCELL	REVIEW_COMMIT_INDEX_OR_ARCHIVE	recovery artifact
recovery_program_nl_question_completion_20260606_214915/candidates/current/recovery_program_nl_question_completion_20260606_214738/candidates/current/schemas/formal_tensor_packet.schema.json	RECOVERY_ARTIFACT_HOLD	RECOVERY_EVIDENCE_WORKCELL	REVIEW_COMMIT_INDEX_OR_ARCHIVE	recovery artifact
recovery_program_nl_question_completion_20260606_214915/candidates/current/recovery_program_nl_question_completion_20260606_214738/candidates/current/schemas/member_identity_classification.schema.json	RECOVERY_ARTIFACT_HOLD	RECOVERY_EVIDENCE_WORKCELL	REVIEW_COMMIT_INDEX_OR_ARCHIVE	recovery artifact
recovery_program_nl_question_completion_20260606_214915/candidates/current/recovery_program_nl_question_completion_20260606_214738/candidates/current/schemas/task_force_dispatch.schema.json	RECOVERY_ARTIFACT_HOLD	RECOVERY_EVIDENCE_WORKCELL	REVIEW_COMMIT_INDEX_OR_ARCHIVE	recovery artifact
recovery_program_nl_question_completion_20260606_214915/candidates/current/recovery_program_nl_question_completion_20260606_214738/candidates/current/schemas/tensor_packet.schema.json	RECOVERY_ARTIFACT_HOLD	RECOVERY_EVIDENCE_WORKCELL	REVIEW_COMMIT_INDEX_OR_ARCHIVE	recovery artifact
recovery_program_nl_question_completion_20260606_214915/candidates/current/recovery_program_nl_question_completion_20260606_214738/candidates/current/schemas/transparent_observation_pack.schema.json	RECOVERY_ARTIFACT_HOLD	RECOVERY_EVIDENCE_WORKCELL	REVIEW_COMMIT_INDEX_OR_ARCHIVE	recovery artifact
recovery_program_nl_question_completion_20260606_214915/candidates/current/recovery_program_nl_question_completion_20260606_214738/candidates/current/schemas/utsl_schema.v0.1.json	RECOVERY_ARTIFACT_HOLD	RECOVERY_EVIDENCE_WORKCELL	REVIEW_COMMIT_INDEX_OR_ARCHIVE	recovery artifact
recovery_program_nl_question_completion_20260606_214915/candidates/current/recovery_program_nl_question_completion_20260606_214738/candidates/current/schemas/w7tp_container_offload_registry.schema.json	RECOVERY_ARTIFACT_HOLD	RECOVERY_EVIDENCE_WORKCELL	REVIEW_COMMIT_INDEX_OR_ARCHIVE	recovery artifact
recovery_program_nl_question_completion_20260606_214915/candidates/current/recovery_program_nl_question_completion_20260606_214738/candidates/current/schemas/w7tp_nl_to_7d_task_packet.schema.json	RECOVERY_ARTIFACT_HOLD	RECOVERY_EVIDENCE_WORKCELL	REVIEW_COMMIT_INDEX_OR_ARCHIVE	recovery artifact
recovery_program_nl_question_completion_20260606_214915/candidates/current/recovery_program_nl_question_completion_20260606_214738/candidates/current/schemas/w7tp_phase_delta_manifest.schema.json	RECOVERY_ARTIFACT_HOLD	RECOVERY_EVIDENCE_WORKCELL	REVIEW_COMMIT_INDEX_OR_ARCHIVE	recovery artifact
recovery_program_nl_question_completion_20260606_214915/candidates/current/recovery_program_nl_question_completion_20260606_214738/candidates/current/schemas/w7tp_semantic_router_decision.schema.json	RECOVERY_ARTIFACT_HOLD	RECOVERY_EVIDENCE_WORKCELL	REVIEW_COMMIT_INDEX_OR_ARCHIVE	recovery artifact
recovery_program_nl_question_completion_20260606_214915/candidates/current/recovery_program_nl_question_completion_20260606_214738/candidates/current/schemas/w7tp_tri_party_7d_packet.schema.json	RECOVERY_ARTIFACT_HOLD	RECOVERY_EVIDENCE_WORKCELL	REVIEW_COMMIT_INDEX_OR_ARCHIVE	recovery artifact
recovery_program_nl_question_completion_20260606_214915/candidates/current/recovery_program_nl_question_completion_20260606_214738/candidates/current/schemas/xiaoj_dynamic_service_completion_token.schema.json	RECOVERY_ARTIFACT_HOLD	RECOVERY_EVIDENCE_WORKCELL	REVIEW_COMMIT_INDEX_OR_ARCHIVE	recovery artifact
recovery_program_nl_question_completion_20260606_214915/candidates/current/recovery_program_nl_question_completion_20260606_214738/candidates/current/schemas/xiaoj_volunteer_qualification_record.schema.json	RECOVERY_ARTIFACT_HOLD	RECOVERY_EVIDENCE_WORKCELL	REVIEW_COMMIT_INDEX_OR_ARCHIVE	recovery artifact
recovery_program_nl_question_completion_20260606_214915/candidates/current/recovery_program_nl_question_completion_20260606_214738/candidates/current/scripts/community_3d_map_index.sh	RECOVERY_ARTIFACT_HOLD	RECOVERY_EVIDENCE_WORKCELL	REVIEW_COMMIT_INDEX_OR_ARCHIVE	recovery artifact
recovery_program_nl_question_completion_20260606_214915/candidates/current/recovery_program_nl_question_completion_20260606_214738/candidates/current/scripts/oneclick_mtl_ai_assembly.sh	RECOVERY_ARTIFACT_HOLD	RECOVERY_EVIDENCE_WORKCELL	REVIEW_COMMIT_INDEX_OR_ARCHIVE	recovery artifact
recovery_program_nl_question_completion_20260606_214915/candidates/current/recovery_program_nl_question_completion_20260606_214738/candidates/current/scripts/prune_context_keep_status_only.sh	RECOVERY_ARTIFACT_HOLD	RECOVERY_EVIDENCE_WORKCELL	REVIEW_COMMIT_INDEX_OR_ARCHIVE	recovery artifact
recovery_program_nl_question_completion_20260606_214915/candidates/current/recovery_program_nl_question_completion_20260606_214738/candidates/current/scripts/taiji_layer_latency_probe.sh	RECOVERY_ARTIFACT_HOLD	RECOVERY_EVIDENCE_WORKCELL	REVIEW_COMMIT_INDEX_OR_ARCHIVE	recovery artifact
recovery_program_nl_question_completion_20260606_214915/candidates/current/recovery_program_nl_question_completion_20260606_214738/candidates/current/services/gateway/main.py	RECOVERY_ARTIFACT_HOLD	RECOVERY_EVIDENCE_WORKCELL	REVIEW_COMMIT_INDEX_OR_ARCHIVE	recovery artifact
recovery_program_nl_question_completion_20260606_214915/candidates/current/recovery_program_nl_question_completion_20260606_214738/candidates/current/services/gateway/topology_router.py	RECOVERY_ARTIFACT_HOLD	RECOVERY_EVIDENCE_WORKCELL	REVIEW_COMMIT_INDEX_OR_ARCHIVE	recovery artifact
recovery_program_nl_question_completion_20260606_214915/candidates/current/recovery_program_nl_question_completion_20260606_214738/candidates/current/services/transparent_build/mock_cloud_review_packet.py	RECOVERY_ARTIFACT_HOLD	RECOVERY_EVIDENCE_WORKCELL	REVIEW_COMMIT_INDEX_OR_ARCHIVE	recovery artifact
recovery_program_nl_question_completion_20260606_214915/candidates/current/recovery_program_nl_question_completion_20260606_214738/candidates/current/services/transparent_build/mock_observation_collector.py	RECOVERY_ARTIFACT_HOLD	RECOVERY_EVIDENCE_WORKCELL	REVIEW_COMMIT_INDEX_OR_ARCHIVE	recovery artifact
recovery_program_nl_question_completion_20260606_214915/candidates/current/recovery_program_nl_question_completion_20260606_214738/candidates/current/services/w7tp_lite/mock_phase_delta_allocator.py	RECOVERY_ARTIFACT_HOLD	RECOVERY_EVIDENCE_WORKCELL	REVIEW_COMMIT_INDEX_OR_ARCHIVE	recovery artifact
recovery_program_nl_question_completion_20260606_214915/candidates/current/recovery_program_nl_question_completion_20260606_214738/candidates/current/services/w7tp_lite/mock_router_dlq_policy.py	RECOVERY_ARTIFACT_HOLD	RECOVERY_EVIDENCE_WORKCELL	REVIEW_COMMIT_INDEX_OR_ARCHIVE	recovery artifact
recovery_program_nl_question_completion_20260606_214915/candidates/current/recovery_program_nl_question_completion_20260606_214738/candidates/current/services/w7tp_lite/mock_semantic_lane_router.py	RECOVERY_ARTIFACT_HOLD	RECOVERY_EVIDENCE_WORKCELL	REVIEW_COMMIT_INDEX_OR_ARCHIVE	recovery artifact
recovery_program_nl_question_completion_20260606_214915/candidates/current/recovery_program_nl_question_completion_20260606_214738/candidates/current/systemd/T100_GIT_DEBT_CLEANUP.yaml	RECOVERY_ARTIFACT_HOLD	RECOVERY_EVIDENCE_WORKCELL	REVIEW_COMMIT_INDEX_OR_ARCHIVE	recovery artifact
recovery_program_nl_question_completion_20260606_214915/candidates/current/recovery_program_nl_question_completion_20260606_214738/candidates/current/taiji_hub.py	RECOVERY_ARTIFACT_HOLD	RECOVERY_EVIDENCE_WORKCELL	REVIEW_COMMIT_INDEX_OR_ARCHIVE	recovery artifact
recovery_program_nl_question_completion_20260606_214915/candidates/current/recovery_program_nl_question_completion_20260606_214738/candidates/current/tests/test_formal_tensor_validator.py	RECOVERY_ARTIFACT_HOLD	RECOVERY_EVIDENCE_WORKCELL	REVIEW_COMMIT_INDEX_OR_ARCHIVE	recovery artifact
recovery_program_nl_question_completion_20260606_214915/candidates/current/recovery_program_nl_question_completion_20260606_214738/candidates/current/tests/test_intent_flow_cache_policy.py	RECOVERY_ARTIFACT_HOLD	RECOVERY_EVIDENCE_WORKCELL	REVIEW_COMMIT_INDEX_OR_ARCHIVE	recovery artifact
recovery_program_nl_question_completion_20260606_214915/candidates/current/recovery_program_nl_question_completion_20260606_214738/candidates/current/tests/test_odoo_renyi_volunteer_business_static.py	RECOVERY_ARTIFACT_HOLD	RECOVERY_EVIDENCE_WORKCELL	REVIEW_COMMIT_INDEX_OR_ARCHIVE	recovery artifact
recovery_program_nl_question_completion_20260606_214915/candidates/current/recovery_program_nl_question_completion_20260606_214738/candidates/current/tools/container_offload_linter.py	RECOVERY_ARTIFACT_HOLD	RECOVERY_EVIDENCE_WORKCELL	REVIEW_COMMIT_INDEX_OR_ARCHIVE	recovery artifact
recovery_program_nl_question_completion_20260606_214915/candidates/current/recovery_program_nl_question_completion_20260606_214738/candidates/current/tools/generate_patent_printable_pdf.py	RECOVERY_ARTIFACT_HOLD	RECOVERY_EVIDENCE_WORKCELL	REVIEW_COMMIT_INDEX_OR_ARCHIVE	recovery artifact
recovery_program_nl_question_completion_20260606_214915/candidates/current/recovery_program_nl_question_completion_20260606_214738/candidates/current/tools/generate_readonly_boot_patent_package.py	RECOVERY_ARTIFACT_HOLD	RECOVERY_EVIDENCE_WORKCELL	REVIEW_COMMIT_INDEX_OR_ARCHIVE	recovery artifact
recovery_program_nl_question_completion_20260606_214915/candidates/current/recovery_program_nl_question_completion_20260606_214738/candidates/current/tools/indexer_oneshot_job_linter.py	RECOVERY_ARTIFACT_HOLD	RECOVERY_EVIDENCE_WORKCELL	REVIEW_COMMIT_INDEX_OR_ARCHIVE	recovery artifact
recovery_program_nl_question_completion_20260606_214915/candidates/current/recovery_program_nl_question_completion_20260606_214738/candidates/current/tools/project_board_generator.py	RECOVERY_ARTIFACT_HOLD	RECOVERY_EVIDENCE_WORKCELL	REVIEW_COMMIT_INDEX_OR_ARCHIVE	recovery artifact
recovery_program_nl_question_completion_20260606_214915/candidates/current/recovery_program_nl_question_completion_20260606_214738/candidates/current/tools/project_dashboard_generator.py	RECOVERY_ARTIFACT_HOLD	RECOVERY_EVIDENCE_WORKCELL	REVIEW_COMMIT_INDEX_OR_ARCHIVE	recovery artifact
recovery_program_nl_question_completion_20260606_214915/candidates/current/recovery_program_nl_question_completion_20260606_214738/candidates/current/tools/task_card_generator.py	RECOVERY_ARTIFACT_HOLD	RECOVERY_EVIDENCE_WORKCELL	REVIEW_COMMIT_INDEX_OR_ARCHIVE	recovery artifact
recovery_program_nl_question_completion_20260606_214915/candidates/current/recovery_program_nl_question_completion_20260606_214738/candidates/current/tools/w7tp_local_7d_automation_smoke_gate_linter.py	RECOVERY_ARTIFACT_HOLD	RECOVERY_EVIDENCE_WORKCELL	REVIEW_COMMIT_INDEX_OR_ARCHIVE	recovery artifact
recovery_program_nl_question_completion_20260606_214915/candidates/current/recovery_program_nl_question_completion_20260606_214738/candidates/current/tools/w7tp_local_7d_automation_smoke_runner.py	RECOVERY_ARTIFACT_HOLD	RECOVERY_EVIDENCE_WORKCELL	REVIEW_COMMIT_INDEX_OR_ARCHIVE	recovery artifact
recovery_program_nl_question_completion_20260606_214915/candidates/current/recovery_program_nl_question_completion_20260606_214738/candidates/current/tools/w7tp_nl_to_7d_task_packet_linter.py	RECOVERY_ARTIFACT_HOLD	RECOVERY_EVIDENCE_WORKCELL	REVIEW_COMMIT_INDEX_OR_ARCHIVE	recovery artifact
recovery_program_nl_question_completion_20260606_214915/candidates/current/recovery_program_nl_question_completion_20260606_214738/candidates/current/tools/w7tp_tri_party_7d_runtime_dryrun_linter.py	RECOVERY_ARTIFACT_HOLD	RECOVERY_EVIDENCE_WORKCELL	REVIEW_COMMIT_INDEX_OR_ARCHIVE	recovery artifact
recovery_program_nl_question_completion_20260606_214915/candidates/current/recovery_program_nl_question_completion_20260606_214738/candidates/current/tools/worklink_builder.py	RECOVERY_ARTIFACT_HOLD	RECOVERY_EVIDENCE_WORKCELL	REVIEW_COMMIT_INDEX_OR_ARCHIVE	recovery artifact
recovery_program_nl_question_completion_20260606_214915/candidates/current/recovery_program_nl_question_completion_20260606_214738/candidates/current/tools/wuchang_project_source_inventory_linter.py	RECOVERY_ARTIFACT_HOLD	RECOVERY_EVIDENCE_WORKCELL	REVIEW_COMMIT_INDEX_OR_ARCHIVE	recovery artifact
recovery_program_nl_question_completion_20260606_214915/candidates/current/recovery_program_nl_question_completion_20260606_214738/candidates/current/topology/7d_ai_io_odoo_metric_tensor_topology.json	RECOVERY_ARTIFACT_HOLD	RECOVERY_EVIDENCE_WORKCELL	REVIEW_COMMIT_INDEX_OR_ARCHIVE	recovery artifact
recovery_program_nl_question_completion_20260606_214915/candidates/current/recovery_program_nl_question_completion_20260606_214738/candidates/current/topology/7d_bagua_metric_language.json	RECOVERY_ARTIFACT_HOLD	RECOVERY_EVIDENCE_WORKCELL	REVIEW_COMMIT_INDEX_OR_ARCHIVE	recovery artifact
recovery_program_nl_question_completion_20260606_214915/candidates/current/recovery_program_nl_question_completion_20260606_214738/candidates/current/topology/7d_formation_mesh.json	RECOVERY_ARTIFACT_HOLD	RECOVERY_EVIDENCE_WORKCELL	REVIEW_COMMIT_INDEX_OR_ARCHIVE	recovery artifact
recovery_program_nl_question_completion_20260606_214915/candidates/current/recovery_program_nl_question_completion_20260606_214738/candidates/current/topology/7d_geospatial_topology.json	RECOVERY_ARTIFACT_HOLD	RECOVERY_EVIDENCE_WORKCELL	REVIEW_COMMIT_INDEX_OR_ARCHIVE	recovery artifact
recovery_program_nl_question_completion_20260606_214915/candidates/current/recovery_program_nl_question_completion_20260606_214738/candidates/current/topology/community_3d_map/manifest.json	RECOVERY_ARTIFACT_HOLD	RECOVERY_EVIDENCE_WORKCELL	REVIEW_COMMIT_INDEX_OR_ARCHIVE	recovery artifact
recovery_program_nl_question_completion_20260606_214915/candidates/current/recovery_program_nl_question_completion_20260606_214738/candidates/current/topology/community_3d_map/spatial_index.json	RECOVERY_ARTIFACT_HOLD	RECOVERY_EVIDENCE_WORKCELL	REVIEW_COMMIT_INDEX_OR_ARCHIVE	recovery artifact
recovery_program_nl_question_completion_20260606_214915/candidates/current/recovery_program_nl_question_completion_20260606_214738/candidates/current/voice_gateway/app.py	RECOVERY_ARTIFACT_HOLD	RECOVERY_EVIDENCE_WORKCELL	REVIEW_COMMIT_INDEX_OR_ARCHIVE	recovery artifact
recovery_program_nl_question_completion_20260606_214915/candidates/current/recovery_program_nl_question_completion_20260606_214738/candidates/current/w7tp_direct_landing_t091_t092.py	RECOVERY_ARTIFACT_HOLD	RECOVERY_EVIDENCE_WORKCELL	REVIEW_COMMIT_INDEX_OR_ARCHIVE	recovery artifact
recovery_program_nl_question_completion_20260606_214915/candidates/current/recovery_program_nl_question_completion_20260606_214738/candidates/current/w7tp_t093_recheck_after_direct_landing.py	RECOVERY_ARTIFACT_HOLD	RECOVERY_EVIDENCE_WORKCELL	REVIEW_COMMIT_INDEX_OR_ARCHIVE	recovery artifact
recovery_program_nl_question_completion_20260606_214915/candidates/current/recovery_program_nl_question_completion_20260606_214738/candidates/current/web/xiaoj_delivery_review_card/index.html	RECOVERY_ARTIFACT_HOLD	RECOVERY_EVIDENCE_WORKCELL	REVIEW_COMMIT_INDEX_OR_ARCHIVE	recovery artifact
recovery_program_nl_question_completion_20260606_214915/candidates/current/recovery_program_nl_question_completion_20260606_214738/candidates/current/web/xiaoj_openwebui_workbench/index.html	RECOVERY_ARTIFACT_HOLD	RECOVERY_EVIDENCE_WORKCELL	REVIEW_COMMIT_INDEX_OR_ARCHIVE	recovery artifact
recovery_program_nl_question_completion_20260606_214915/candidates/current/recovery_program_nl_question_completion_20260606_214738/candidates/current/wuchang_cognition_archive/WUCHANG_COGNITION_MASTER_20260505_003744.txt	RECOVERY_ARTIFACT_HOLD	RECOVERY_EVIDENCE_WORKCELL	REVIEW_COMMIT_INDEX_OR_ARCHIVE	recovery artifact
recovery_program_nl_question_completion_20260606_214915/candidates/current/recovery_program_nl_question_completion_20260606_214738/candidates/current/wuchang_cognition_archive/fund/02_團體會員算力貢獻與數位資訊使用權.txt	RECOVERY_ARTIFACT_HOLD	RECOVERY_EVIDENCE_WORKCELL	REVIEW_COMMIT_INDEX_OR_ARCHIVE	recovery artifact
recovery_program_nl_question_completion_20260606_214915/candidates/current/recovery_program_nl_question_completion_20260606_214738/candidates/current/wuchang_cognition_archive/governance/02_雙層可究責自然人與權限規則.txt	RECOVERY_ARTIFACT_HOLD	RECOVERY_EVIDENCE_WORKCELL	REVIEW_COMMIT_INDEX_OR_ARCHIVE	recovery artifact
recovery_program_nl_question_completion_20260606_214915/candidates/current/recovery_program_nl_question_completion_20260606_214738/candidates/current/wuchang_cognition_archive/legal/ASSOCIATION_BYLAW_AND_COMMUNITY_DEVELOPMENT_AUTHORITY_20260505_011535.txt	RECOVERY_ARTIFACT_HOLD	RECOVERY_EVIDENCE_WORKCELL	REVIEW_COMMIT_INDEX_OR_ARCHIVE	recovery artifact
recovery_program_nl_question_completion_20260606_214915/candidates/current/recovery_program_nl_question_completion_20260606_214738/candidates/current/wuchang_cognition_archive/prefix/00_小J總前綴_數位孿生妹妹_收斂版.txt	RECOVERY_ARTIFACT_HOLD	RECOVERY_EVIDENCE_WORKCELL	REVIEW_COMMIT_INDEX_OR_ARCHIVE	recovery artifact
recovery_program_nl_question_completion_20260606_214915/candidates/current/recovery_program_nl_question_completion_20260606_214738/candidates/current/wuchang_cognition_archive/prefix/XIAOJ_BYLAW_COMMUNITY_DEVELOPMENT_CONCEPT_20260505_011535.txt	RECOVERY_ARTIFACT_HOLD	RECOVERY_EVIDENCE_WORKCELL	REVIEW_COMMIT_INDEX_OR_ARCHIVE	recovery artifact
recovery_program_nl_question_completion_20260606_214915/candidates/current/redteam/redteam_report_20260510_023315.txt	RECOVERY_ARTIFACT_HOLD	RECOVERY_EVIDENCE_WORKCELL	REVIEW_COMMIT_INDEX_OR_ARCHIVE	recovery artifact
recovery_program_nl_question_completion_20260606_214915/candidates/current/release/MTL_AI_GATEWAY_v1_0_RC1_20260507_043832/contexts/ai_metric/FINAL_MTL_AI_CONCEPT_ARCHITECTURE_EN_ONLY.mtl.json	RECOVERY_ARTIFACT_HOLD	RECOVERY_EVIDENCE_WORKCELL	REVIEW_COMMIT_INDEX_OR_ARCHIVE	recovery artifact
recovery_program_nl_question_completion_20260606_214915/candidates/current/release/MTL_AI_GATEWAY_v1_0_RC1_20260507_043832/contexts/current/FINAL_MTL_AI_CONCEPT_ARCHITECTURE_EN_ONLY.md	RECOVERY_ARTIFACT_HOLD	RECOVERY_EVIDENCE_WORKCELL	REVIEW_COMMIT_INDEX_OR_ARCHIVE	recovery artifact
recovery_program_nl_question_completion_20260606_214915/candidates/current/release/MTL_AI_GATEWAY_v1_0_RC1_20260507_043832/contexts/current/FINAL_MTL_AI_EN_ONLY_CONCEPT_ARCHITECTURE.mtl.json	RECOVERY_ARTIFACT_HOLD	RECOVERY_EVIDENCE_WORKCELL	REVIEW_COMMIT_INDEX_OR_ARCHIVE	recovery artifact
recovery_program_nl_question_completion_20260606_214915/candidates/current/release/MTL_AI_GATEWAY_v1_0_RC1_20260507_043832/contexts/current/SYSTEM_CURRENT_STATE.md	RECOVERY_ARTIFACT_HOLD	RECOVERY_EVIDENCE_WORKCELL	REVIEW_COMMIT_INDEX_OR_ARCHIVE	recovery artifact
recovery_program_nl_question_completion_20260606_214915/candidates/current/release/MTL_AI_GATEWAY_v1_0_RC1_20260507_043832/models/ollama/Modelfile.metric_language_gateway_ai	RECOVERY_ARTIFACT_HOLD	RECOVERY_EVIDENCE_WORKCELL	REVIEW_COMMIT_INDEX_OR_ARCHIVE	recovery artifact
recovery_program_nl_question_completion_20260606_214915/candidates/current/release/MTL_AI_GATEWAY_v1_0_RC1_20260507_043832/openwebui_tools/taiji_claw_safe_tool.py	RECOVERY_ARTIFACT_HOLD	RECOVERY_EVIDENCE_WORKCELL	REVIEW_COMMIT_INDEX_OR_ARCHIVE	recovery artifact
recovery_program_nl_question_completion_20260606_214915/candidates/current/release/MTL_AI_GATEWAY_v1_0_RC1_20260507_043832/openwebui_tools/taiji_metric_gateway_assembly_tool.py	RECOVERY_ARTIFACT_HOLD	RECOVERY_EVIDENCE_WORKCELL	REVIEW_COMMIT_INDEX_OR_ARCHIVE	recovery artifact
recovery_program_nl_question_completion_20260606_214915/candidates/current/release/MTL_AI_GATEWAY_v1_0_RC1_20260507_043832/prompts/FINAL_MTL_AI_ASSEMBLY_EN_ONLY_PREFIX.md	RECOVERY_ARTIFACT_HOLD	RECOVERY_EVIDENCE_WORKCELL	REVIEW_COMMIT_INDEX_OR_ARCHIVE	recovery artifact
recovery_program_nl_question_completion_20260606_214915/candidates/current/release/MTL_AI_GATEWAY_v1_0_RC1_20260507_043832/prompts/FINAL_MTL_AI_CONCEPT_ARCHITECTURE_EN_ONLY_PREFIX.md	RECOVERY_ARTIFACT_HOLD	RECOVERY_EVIDENCE_WORKCELL	REVIEW_COMMIT_INDEX_OR_ARCHIVE	recovery artifact
recovery_program_nl_question_completion_20260606_214915/candidates/current/release/MTL_AI_GATEWAY_v1_0_RC1_20260507_043832/scripts/oneclick_mtl_ai_assembly.sh	RECOVERY_ARTIFACT_HOLD	RECOVERY_EVIDENCE_WORKCELL	REVIEW_COMMIT_INDEX_OR_ARCHIVE	recovery artifact
recovery_program_nl_question_completion_20260606_214915/candidates/current/release/MTL_AI_GATEWAY_v1_0_RC1_20260507_044020/contexts/ai_metric/FINAL_MTL_AI_CONCEPT_ARCHITECTURE_EN_ONLY.mtl.json	RECOVERY_ARTIFACT_HOLD	RECOVERY_EVIDENCE_WORKCELL	REVIEW_COMMIT_INDEX_OR_ARCHIVE	recovery artifact
recovery_program_nl_question_completion_20260606_214915/candidates/current/release/MTL_AI_GATEWAY_v1_0_RC1_20260507_044020/contexts/current/FINAL_MTL_AI_CONCEPT_ARCHITECTURE_EN_ONLY.md	RECOVERY_ARTIFACT_HOLD	RECOVERY_EVIDENCE_WORKCELL	REVIEW_COMMIT_INDEX_OR_ARCHIVE	recovery artifact
recovery_program_nl_question_completion_20260606_214915/candidates/current/release/MTL_AI_GATEWAY_v1_0_RC1_20260507_044020/contexts/current/FINAL_MTL_AI_EN_ONLY_CONCEPT_ARCHITECTURE.mtl.json	RECOVERY_ARTIFACT_HOLD	RECOVERY_EVIDENCE_WORKCELL	REVIEW_COMMIT_INDEX_OR_ARCHIVE	recovery artifact
recovery_program_nl_question_completion_20260606_214915/candidates/current/release/MTL_AI_GATEWAY_v1_0_RC1_20260507_044020/contexts/current/SYSTEM_CURRENT_STATE.md	RECOVERY_ARTIFACT_HOLD	RECOVERY_EVIDENCE_WORKCELL	REVIEW_COMMIT_INDEX_OR_ARCHIVE	recovery artifact
recovery_program_nl_question_completion_20260606_214915/candidates/current/release/MTL_AI_GATEWAY_v1_0_RC1_20260507_044020/models/ollama/Modelfile.metric_language_gateway_ai	RECOVERY_ARTIFACT_HOLD	RECOVERY_EVIDENCE_WORKCELL	REVIEW_COMMIT_INDEX_OR_ARCHIVE	recovery artifact
recovery_program_nl_question_completion_20260606_214915/candidates/current/release/MTL_AI_GATEWAY_v1_0_RC1_20260507_044020/openwebui_tools/taiji_claw_safe_tool.py	RECOVERY_ARTIFACT_HOLD	RECOVERY_EVIDENCE_WORKCELL	REVIEW_COMMIT_INDEX_OR_ARCHIVE	recovery artifact
recovery_program_nl_question_completion_20260606_214915/candidates/current/release/MTL_AI_GATEWAY_v1_0_RC1_20260507_044020/openwebui_tools/taiji_metric_gateway_assembly_tool.py	RECOVERY_ARTIFACT_HOLD	RECOVERY_EVIDENCE_WORKCELL	REVIEW_COMMIT_INDEX_OR_ARCHIVE	recovery artifact
recovery_program_nl_question_completion_20260606_214915/candidates/current/release/MTL_AI_GATEWAY_v1_0_RC1_20260507_044020/prompts/FINAL_MTL_AI_ASSEMBLY_EN_ONLY_PREFIX.md	RECOVERY_ARTIFACT_HOLD	RECOVERY_EVIDENCE_WORKCELL	REVIEW_COMMIT_INDEX_OR_ARCHIVE	recovery artifact
recovery_program_nl_question_completion_20260606_214915/candidates/current/release/MTL_AI_GATEWAY_v1_0_RC1_20260507_044020/prompts/FINAL_MTL_AI_CONCEPT_ARCHITECTURE_EN_ONLY_PREFIX.md	RECOVERY_ARTIFACT_HOLD	RECOVERY_EVIDENCE_WORKCELL	REVIEW_COMMIT_INDEX_OR_ARCHIVE	recovery artifact
recovery_program_nl_question_completion_20260606_214915/candidates/current/release/MTL_AI_GATEWAY_v1_0_RC1_20260507_044020/scripts/oneclick_mtl_ai_assembly.sh	RECOVERY_ARTIFACT_HOLD	RECOVERY_EVIDENCE_WORKCELL	REVIEW_COMMIT_INDEX_OR_ARCHIVE	recovery artifact
recovery_program_nl_question_completion_20260606_214915/candidates/current/runtime_adapters/intent_flow_cache_policy.py	RECOVERY_ARTIFACT_HOLD	RECOVERY_EVIDENCE_WORKCELL	REVIEW_COMMIT_INDEX_OR_ARCHIVE	recovery artifact
recovery_program_nl_question_completion_20260606_214915/candidates/current/runtime_core_evidence/tensor_packet_schema.yaml	RECOVERY_ARTIFACT_HOLD	RECOVERY_EVIDENCE_WORKCELL	REVIEW_COMMIT_INDEX_OR_ARCHIVE	recovery artifact
recovery_program_nl_question_completion_20260606_214915/candidates/current/runtime_core_source_review.txt	RECOVERY_ARTIFACT_HOLD	RECOVERY_EVIDENCE_WORKCELL	REVIEW_COMMIT_INDEX_OR_ARCHIVE	recovery artifact
recovery_program_nl_question_completion_20260606_214915/candidates/current/schemas/community_micro_economy_flow.schema.json	RECOVERY_ARTIFACT_HOLD	RECOVERY_EVIDENCE_WORKCELL	REVIEW_COMMIT_INDEX_OR_ARCHIVE	recovery artifact
recovery_program_nl_question_completion_20260606_214915/candidates/current/schemas/eamtp_7d_packet.schema.json	RECOVERY_ARTIFACT_HOLD	RECOVERY_EVIDENCE_WORKCELL	REVIEW_COMMIT_INDEX_OR_ARCHIVE	recovery artifact
recovery_program_nl_question_completion_20260606_214915/candidates/current/schemas/formal_tensor_packet.schema.json	RECOVERY_ARTIFACT_HOLD	RECOVERY_EVIDENCE_WORKCELL	REVIEW_COMMIT_INDEX_OR_ARCHIVE	recovery artifact
recovery_program_nl_question_completion_20260606_214915/candidates/current/schemas/member_identity_classification.schema.json	RECOVERY_ARTIFACT_HOLD	RECOVERY_EVIDENCE_WORKCELL	REVIEW_COMMIT_INDEX_OR_ARCHIVE	recovery artifact
recovery_program_nl_question_completion_20260606_214915/candidates/current/schemas/task_force_dispatch.schema.json	RECOVERY_ARTIFACT_HOLD	RECOVERY_EVIDENCE_WORKCELL	REVIEW_COMMIT_INDEX_OR_ARCHIVE	recovery artifact
recovery_program_nl_question_completion_20260606_214915/candidates/current/schemas/tensor_packet.schema.json	RECOVERY_ARTIFACT_HOLD	RECOVERY_EVIDENCE_WORKCELL	REVIEW_COMMIT_INDEX_OR_ARCHIVE	recovery artifact
recovery_program_nl_question_completion_20260606_214915/candidates/current/schemas/transparent_observation_pack.schema.json	RECOVERY_ARTIFACT_HOLD	RECOVERY_EVIDENCE_WORKCELL	REVIEW_COMMIT_INDEX_OR_ARCHIVE	recovery artifact
recovery_program_nl_question_completion_20260606_214915/candidates/current/schemas/utsl_schema.v0.1.json	RECOVERY_ARTIFACT_HOLD	RECOVERY_EVIDENCE_WORKCELL	REVIEW_COMMIT_INDEX_OR_ARCHIVE	recovery artifact
recovery_program_nl_question_completion_20260606_214915/candidates/current/schemas/w7tp_container_offload_registry.schema.json	RECOVERY_ARTIFACT_HOLD	RECOVERY_EVIDENCE_WORKCELL	REVIEW_COMMIT_INDEX_OR_ARCHIVE	recovery artifact
recovery_program_nl_question_completion_20260606_214915/candidates/current/schemas/w7tp_nl_to_7d_task_packet.schema.json	RECOVERY_ARTIFACT_HOLD	RECOVERY_EVIDENCE_WORKCELL	REVIEW_COMMIT_INDEX_OR_ARCHIVE	recovery artifact
recovery_program_nl_question_completion_20260606_214915/candidates/current/schemas/w7tp_phase_delta_manifest.schema.json	RECOVERY_ARTIFACT_HOLD	RECOVERY_EVIDENCE_WORKCELL	REVIEW_COMMIT_INDEX_OR_ARCHIVE	recovery artifact
recovery_program_nl_question_completion_20260606_214915/candidates/current/schemas/w7tp_semantic_router_decision.schema.json	RECOVERY_ARTIFACT_HOLD	RECOVERY_EVIDENCE_WORKCELL	REVIEW_COMMIT_INDEX_OR_ARCHIVE	recovery artifact
recovery_program_nl_question_completion_20260606_214915/candidates/current/schemas/w7tp_tri_party_7d_packet.schema.json	RECOVERY_ARTIFACT_HOLD	RECOVERY_EVIDENCE_WORKCELL	REVIEW_COMMIT_INDEX_OR_ARCHIVE	recovery artifact
recovery_program_nl_question_completion_20260606_214915/candidates/current/schemas/xiaoj_dynamic_service_completion_token.schema.json	RECOVERY_ARTIFACT_HOLD	RECOVERY_EVIDENCE_WORKCELL	REVIEW_COMMIT_INDEX_OR_ARCHIVE	recovery artifact
recovery_program_nl_question_completion_20260606_214915/candidates/current/schemas/xiaoj_volunteer_qualification_record.schema.json	RECOVERY_ARTIFACT_HOLD	RECOVERY_EVIDENCE_WORKCELL	REVIEW_COMMIT_INDEX_OR_ARCHIVE	recovery artifact
recovery_program_nl_question_completion_20260606_214915/candidates/current/scripts/community_3d_map_index.sh	RECOVERY_ARTIFACT_HOLD	RECOVERY_EVIDENCE_WORKCELL	REVIEW_COMMIT_INDEX_OR_ARCHIVE	recovery artifact
recovery_program_nl_question_completion_20260606_214915/candidates/current/scripts/oneclick_mtl_ai_assembly.sh	RECOVERY_ARTIFACT_HOLD	RECOVERY_EVIDENCE_WORKCELL	REVIEW_COMMIT_INDEX_OR_ARCHIVE	recovery artifact
recovery_program_nl_question_completion_20260606_214915/candidates/current/scripts/prune_context_keep_status_only.sh	RECOVERY_ARTIFACT_HOLD	RECOVERY_EVIDENCE_WORKCELL	REVIEW_COMMIT_INDEX_OR_ARCHIVE	recovery artifact
recovery_program_nl_question_completion_20260606_214915/candidates/current/scripts/taiji_layer_latency_probe.sh	RECOVERY_ARTIFACT_HOLD	RECOVERY_EVIDENCE_WORKCELL	REVIEW_COMMIT_INDEX_OR_ARCHIVE	recovery artifact
recovery_program_nl_question_completion_20260606_214915/candidates/current/services/gateway/main.py	RECOVERY_ARTIFACT_HOLD	RECOVERY_EVIDENCE_WORKCELL	REVIEW_COMMIT_INDEX_OR_ARCHIVE	recovery artifact
recovery_program_nl_question_completion_20260606_214915/candidates/current/services/gateway/topology_router.py	RECOVERY_ARTIFACT_HOLD	RECOVERY_EVIDENCE_WORKCELL	REVIEW_COMMIT_INDEX_OR_ARCHIVE	recovery artifact
recovery_program_nl_question_completion_20260606_214915/candidates/current/services/transparent_build/mock_cloud_review_packet.py	RECOVERY_ARTIFACT_HOLD	RECOVERY_EVIDENCE_WORKCELL	REVIEW_COMMIT_INDEX_OR_ARCHIVE	recovery artifact
recovery_program_nl_question_completion_20260606_214915/candidates/current/services/transparent_build/mock_observation_collector.py	RECOVERY_ARTIFACT_HOLD	RECOVERY_EVIDENCE_WORKCELL	REVIEW_COMMIT_INDEX_OR_ARCHIVE	recovery artifact
recovery_program_nl_question_completion_20260606_214915/candidates/current/services/w7tp_lite/mock_phase_delta_allocator.py	RECOVERY_ARTIFACT_HOLD	RECOVERY_EVIDENCE_WORKCELL	REVIEW_COMMIT_INDEX_OR_ARCHIVE	recovery artifact
recovery_program_nl_question_completion_20260606_214915/candidates/current/services/w7tp_lite/mock_router_dlq_policy.py	RECOVERY_ARTIFACT_HOLD	RECOVERY_EVIDENCE_WORKCELL	REVIEW_COMMIT_INDEX_OR_ARCHIVE	recovery artifact
recovery_program_nl_question_completion_20260606_214915/candidates/current/services/w7tp_lite/mock_semantic_lane_router.py	RECOVERY_ARTIFACT_HOLD	RECOVERY_EVIDENCE_WORKCELL	REVIEW_COMMIT_INDEX_OR_ARCHIVE	recovery artifact
recovery_program_nl_question_completion_20260606_214915/candidates/current/systemd/T100_GIT_DEBT_CLEANUP.yaml	RECOVERY_ARTIFACT_HOLD	RECOVERY_EVIDENCE_WORKCELL	REVIEW_COMMIT_INDEX_OR_ARCHIVE	recovery artifact
recovery_program_restore_sandbox/eastern_vs_western_ai_benchmark_20260606_223813/eastern_vs_western_ai_benchmark.py	RECOVERY_ARTIFACT_HOLD	RECOVERY_EVIDENCE_WORKCELL	REVIEW_COMMIT_INDEX_OR_ARCHIVE	recovery artifact
recovery_program_restore_sandbox/nl_intent_program_20260606_215917/RESTORE_SANDBOX_MANIFEST.md	RECOVERY_ARTIFACT_HOLD	RECOVERY_EVIDENCE_WORKCELL	REVIEW_COMMIT_INDEX_OR_ARCHIVE	recovery artifact
recovery_program_restore_sandbox/nl_intent_program_20260606_215917/files/context_packet.py	RECOVERY_ARTIFACT_HOLD	RECOVERY_EVIDENCE_WORKCELL	REVIEW_COMMIT_INDEX_OR_ARCHIVE	recovery artifact
recovery_program_restore_sandbox/nl_intent_program_20260606_215917/files/intent_field_hallucination_test.py	RECOVERY_ARTIFACT_HOLD	RECOVERY_EVIDENCE_WORKCELL	REVIEW_COMMIT_INDEX_OR_ARCHIVE	recovery artifact
recovery_program_restore_sandbox/nl_intent_program_20260606_215917/files/intent_flow_cache_policy.py	RECOVERY_ARTIFACT_HOLD	RECOVERY_EVIDENCE_WORKCELL	REVIEW_COMMIT_INDEX_OR_ARCHIVE	recovery artifact
recovery_program_restore_sandbox/nl_intent_program_20260606_215917/files/intent_manager.py	RECOVERY_ARTIFACT_HOLD	RECOVERY_EVIDENCE_WORKCELL	REVIEW_COMMIT_INDEX_OR_ARCHIVE	recovery artifact
recovery_program_restore_sandbox/nl_intent_program_20260606_215917/files/intent_state.py	RECOVERY_ARTIFACT_HOLD	RECOVERY_EVIDENCE_WORKCELL	REVIEW_COMMIT_INDEX_OR_ARCHIVE	recovery artifact
recovery_program_restore_sandbox/nl_intent_program_20260606_215917/files/merlin_intent_driver.py	RECOVERY_ARTIFACT_HOLD	RECOVERY_EVIDENCE_WORKCELL	REVIEW_COMMIT_INDEX_OR_ARCHIVE	recovery artifact
recovery_program_restore_sandbox/nl_intent_program_20260606_215917/files/semantic_compression_engine.py	RECOVERY_ARTIFACT_HOLD	RECOVERY_EVIDENCE_WORKCELL	REVIEW_COMMIT_INDEX_OR_ARCHIVE	recovery artifact
recovery_program_restore_sandbox/nl_intent_program_20260606_215917/files/wuchang_gemini_router.py	RECOVERY_ARTIFACT_HOLD	RECOVERY_EVIDENCE_WORKCELL	REVIEW_COMMIT_INDEX_OR_ARCHIVE	recovery artifact
recovery_program_restore_sandbox/nl_intent_program_20260606_215917/files/wuchang_llm_core.py	RECOVERY_ARTIFACT_HOLD	RECOVERY_EVIDENCE_WORKCELL	REVIEW_COMMIT_INDEX_OR_ARCHIVE	recovery artifact
recovery_program_restore_sandbox/nl_intent_sandbox_assembly_20260606_221342/ASSEMBLY_MANIFEST.md	RECOVERY_ARTIFACT_HOLD	RECOVERY_EVIDENCE_WORKCELL	REVIEW_COMMIT_INDEX_OR_ARCHIVE	recovery artifact
recovery_program_restore_sandbox/nl_intent_sandbox_assembly_20260606_221342/files/context_packet.py	RECOVERY_ARTIFACT_HOLD	RECOVERY_EVIDENCE_WORKCELL	REVIEW_COMMIT_INDEX_OR_ARCHIVE	recovery artifact
recovery_program_restore_sandbox/nl_intent_sandbox_assembly_20260606_221342/files/intent_field_hallucination_test.py	RECOVERY_ARTIFACT_HOLD	RECOVERY_EVIDENCE_WORKCELL	REVIEW_COMMIT_INDEX_OR_ARCHIVE	recovery artifact
recovery_program_restore_sandbox/nl_intent_sandbox_assembly_20260606_221342/files/intent_flow_cache_policy.py	RECOVERY_ARTIFACT_HOLD	RECOVERY_EVIDENCE_WORKCELL	REVIEW_COMMIT_INDEX_OR_ARCHIVE	recovery artifact
recovery_program_restore_sandbox/nl_intent_sandbox_assembly_20260606_221342/files/intent_manager.py	RECOVERY_ARTIFACT_HOLD	RECOVERY_EVIDENCE_WORKCELL	REVIEW_COMMIT_INDEX_OR_ARCHIVE	recovery artifact
recovery_program_restore_sandbox/nl_intent_sandbox_assembly_20260606_221342/files/intent_state.py	RECOVERY_ARTIFACT_HOLD	RECOVERY_EVIDENCE_WORKCELL	REVIEW_COMMIT_INDEX_OR_ARCHIVE	recovery artifact
recovery_program_restore_sandbox/nl_intent_sandbox_assembly_20260606_221342/files/merlin_intent_driver.py	RECOVERY_ARTIFACT_HOLD	RECOVERY_EVIDENCE_WORKCELL	REVIEW_COMMIT_INDEX_OR_ARCHIVE	recovery artifact
recovery_program_restore_sandbox/nl_intent_sandbox_assembly_20260606_221342/files/semantic_compression_engine.py	RECOVERY_ARTIFACT_HOLD	RECOVERY_EVIDENCE_WORKCELL	REVIEW_COMMIT_INDEX_OR_ARCHIVE	recovery artifact
recovery_program_restore_sandbox/nl_intent_sandbox_assembly_20260606_221342/files/wuchang_gemini_router.py	RECOVERY_ARTIFACT_HOLD	RECOVERY_EVIDENCE_WORKCELL	REVIEW_COMMIT_INDEX_OR_ARCHIVE	recovery artifact
recovery_program_restore_sandbox/nl_intent_sandbox_assembly_20260606_221342/files/wuchang_llm_core.py	RECOVERY_ARTIFACT_HOLD	RECOVERY_EVIDENCE_WORKCELL	REVIEW_COMMIT_INDEX_OR_ARCHIVE	recovery artifact
recovery_program_restore_sandbox/nl_intent_sandbox_assembly_20260606_221342/w7tp_sandbox_intelligent_assembly.py	RECOVERY_ARTIFACT_HOLD	RECOVERY_EVIDENCE_WORKCELL	REVIEW_COMMIT_INDEX_OR_ARCHIVE	recovery artifact
secrets/member_auth/board_active_accounts.local.yaml	SECRET_VAULT_HARD_HOLD	SECRET_BOUNDARY_WORKCELL	DO_NOT_READ_DO_NOT_COMMIT	secret path
secrets/member_auth/full_field_super_admin.local.yaml	SECRET_VAULT_HARD_HOLD	SECRET_BOUNDARY_WORKCELL	DO_NOT_READ_DO_NOT_COMMIT	secret path
secrets/member_auth/member_ref_hmac_salt.local	SECRET_VAULT_HARD_HOLD	SECRET_BOUNDARY_WORKCELL	DO_NOT_READ_DO_NOT_COMMIT	secret path
secrets/symbol_dictionary/w7tp_8d_ancient_math_symbol_dictionary_v1.yaml	SECRET_VAULT_HARD_HOLD	SECRET_BOUNDARY_WORKCELL	DO_NOT_READ_DO_NOT_COMMIT	secret path
tensor_8d_ledger.jsonl	LEDGER_HOLD	EVIDENCE_LEDGER_WORKCELL	REVIEW_BEFORE_COMMIT	ledger jsonl
w7tp_runtime/bridge/state.jsonl	RECOVERY_ARTIFACT_HOLD	RECOVERY_EVIDENCE_WORKCELL	REVIEW_COMMIT_INDEX_OR_ARCHIVE	recovery artifact
w7tp_runtime/bridge/test.jsonl	RECOVERY_ARTIFACT_HOLD	RECOVERY_EVIDENCE_WORKCELL	REVIEW_COMMIT_INDEX_OR_ARCHIVE	recovery artifact
