feature,matched_file
identity,Taiji_Governance/architecture/layers_standards.yml
identity,Taiji_Governance/backups/workspace_merge_review_20260514T025322+0800/README.md
identity,Taiji_Governance/backups/workspace_merge_review_20260514T025322+0800/conflict_report.json
identity,Taiji_Governance/backups/workspace_merge_review_20260514T025322+0800/from_windows_conflicts/Taiji_Governance/identity/digital_identity.yml
identity,Taiji_Governance/backups/workspace_merge_review_20260514T025322+0800/from_windows_conflicts/Taiji_Governance/integrations/odoo_google_nonprofit_mail_bridge_manifest.json
identity,Taiji_Governance/backups/workspace_merge_review_20260514T025322+0800/from_windows_conflicts/Taiji_Governance/runtime/identity/runtime_identity_layer.md
identity,Taiji_Governance/backups/workspace_merge_review_20260514T025322+0800/from_windows_conflicts/Taiji_Governance/runtime/identity/topology_trust_graph.md
identity,Taiji_Governance/backups/workspace_merge_review_20260514T025322+0800/from_windows_conflicts/Taiji_Governance/runtime/identity/trust_boundary_runtime.md
identity,Taiji_Governance/backups/workspace_merge_review_20260514T025322+0800/from_windows_conflicts/legacy_core/wuchang_llm_core.py
identity,Taiji_Governance/backups/workspace_merge_review_20260514T025322+0800/from_windows_conflicts/site/taiji_system_dashboard/index.html
identity,Taiji_Governance/baseline/runtime_snapshot_20260510T103532Z.txt
identity,Taiji_Governance/deployments/cafe_main_redeploy_status.md
identity,Taiji_Governance/deployments/tailscale_deployment_manifest.json
identity,Taiji_Governance/deployments/tailscale_preflight_record.json
identity,Taiji_Governance/full_system_module_feature_compare_20260531_225818.md
identity,Taiji_Governance/identity/container_governance_model.md
identity,Taiji_Governance/identity/deadbox_identity_policy.md
identity,Taiji_Governance/identity/digital_identity.yml
identity,Taiji_Governance/identity/domain_governance_map.md
identity,Taiji_Governance/identity/governance_event_log_schema.yaml
identity,Taiji_Governance/identity/identity_architecture.md
identity,Taiji_Governance/identity/identity_tensor_schema.yaml
identity,Taiji_Governance/identity/legal_organization_identity_record.template.json
identity,Taiji_Governance/identity/legal_responsible_person_record_policy_2026-05-11.md
identity,Taiji_Governance/identity/odoo_identity_model.md
identity,Taiji_Governance/identity/replay_identity_risk.md
identity,Taiji_Governance/identity/technology_sponsor_policy.md
identity,Taiji_Governance/integrations/member_five_code_odoo_google_provisioning_manifest.json
identity,Taiji_Governance/integrations/odoo_google_nonprofit_mail_bridge_manifest.json
identity,Taiji_Governance/logs/audit.log
identity,Taiji_Governance/logs/member_identity_classification_2026-05-12.jsonl
identity,Taiji_Governance/logs/model_name_window_interface_2026-05-13.jsonl
identity,Taiji_Governance/logs/owner_multi_governance_identity_record_2026-05-12.jsonl
identity,Taiji_Governance/logs/taiji01_dual_identity_record_2026-05-12.jsonl
identity,Taiji_Governance/pm3_runtime_sync_source_truth_20260531_200753.md
identity,Taiji_Governance/policies/document_version_archive_policy_2026-05-11.md
identity,Taiji_Governance/policies/member_identity_classification_policy_2026-05-12.md
identity,Taiji_Governance/progress/progress.md
identity,Taiji_Governance/runtime/delivery_map_2026-05-12/concept_delivery_map.md
identity,Taiji_Governance/runtime/delivery_map_2026-05-12/engineering_narrative.md
identity,Taiji_Governance/runtime/delivery_map_2026-05-12/evidence_chain.json
identity,Taiji_Governance/runtime/delivery_map_2026-05-12/governance_risk_register.md
identity,Taiji_Governance/runtime/delivery_map_2026-05-12/runtime_bootstrap.yaml
identity,Taiji_Governance/runtime/identity/runtime_identity_layer.md
identity,Taiji_Governance/runtime/identity/topology_trust_graph.md
identity,Taiji_Governance/runtime/identity/trust_boundary_runtime.md
identity,Taiji_Governance/runtime/non_linguistic/topology_runtime.md
identity,Taiji_Governance/runtime/reconciliation/existing_file_reconciliation_list.md
identity,Taiji_Governance/runtime/reconciliation/governance_gap_report.md
identity,Taiji_Governance/runtime/reconciliation/governance_runtime_topology_map.md
identity,Taiji_Governance/runtime/reconciliation/missing_file_generation_list.md
identity,Taiji_Governance/runtime/reconciliation/missing_runtime_report.md
identity,Taiji_Governance/runtime/reconciliation/runtime_completion_matrix.md
identity,Taiji_Governance/snapshots/savepoint_20260514T043034+0800/files/runtime_adapters/taiji01_metric_identity_gateway.py
identity,Taiji_Governance/snapshots/savepoint_20260514T043034+0800/files/site/taiji_system_dashboard/index.html
identity,Taiji_Governance/snapshots/savepoint_20260514T043034+0800/files/site/taiji_system_dashboard/refresh_dashboard_state.py
identity,Taiji_Governance/snapshots/savepoint_20260514T043034+0800/reports/sha256sum.txt
identity,Taiji_Governance/snapshots/savepoint_20260514T043034+0800/reports/verification.txt
identity,Taiji_Governance/snapshots/snapshot_20260512T180017+0800/snapshot_filelist.txt
identity,Taiji_Governance/system_error_correction_plan_20260531_203119.md
identity,Taiji_Governance/system_info/business_entity_subject_mapping_2026-05-12.md
identity,Taiji_Governance/system_info/community_branch_group_member_mapping.manifest.json
identity,Taiji_Governance/system_info/dependency_links_2026-05-12.csv
identity,Taiji_Governance/system_info/dependency_relocation_plan_2026-05-12.jsonl
identity,Taiji_Governance/system_info/dependency_relocation_verify_2026-05-12.jsonl
identity,Taiji_Governance/system_info/host_restructure/taiji01_host_inventory_20260511T170226Z.jsonl
identity,Taiji_Governance/system_info/member_identity_classification.manifest.json
identity,Taiji_Governance/system_info/model_name_window_interface.manifest.json
identity,Taiji_Governance/system_info/model_name_window_interface_2026-05-13.md
identity,Taiji_Governance/system_info/owner_multi_governance_identity_record.manifest.json
identity,Taiji_Governance/system_info/owner_multi_governance_identity_record_2026-05-12.md
identity,Taiji_Governance/system_info/taiji01_dual_identity_record.manifest.json
identity,Taiji_Governance/system_info/taiji01_dual_identity_record_2026-05-12.md
identity,Taiji_Governance/total_field_duplicate_development_audit_20260531_225228.md
identity,Taiji_Governance/worklist/worklist.md
identity,Taiji_Governance/wuchang_universe_misplaced_file_packet_20260531_200715.md
identity,Taiji_Odoo/addons/PM3_SYSTEM_STATUS_INVENTORY.md
identity,Taiji_Odoo/addons/pm3_runtime_sync/models/res_users_proxy.py
identity,Taiji_Odoo/addons/wuchang_core/controllers/brother_channel.py
identity,Taiji_Odoo/addons/wuchang_core/controllers/main.py
identity,Taiji_Odoo/addons/wuchang_core/data/system_params.xml
identity,Taiji_Odoo/addons/wuchang_core/models/ai_guard.py
identity,Taiji_Odoo/addons/wuchang_core/models/core_logic.py
identity,Taiji_Odoo/addons/wuchang_core/models/pos_config_ext.py
identity,Taiji_Odoo/addons/wuchang_core/scripts/knowledge_sync_agent.py
identity,Taiji_Odoo/addons/wuchang_property_local_cloud/models/wuchang_google_nonprofit_resource.py
identity,Taiji_Odoo/addons/wuchang_property_local_cloud/models/wuchang_property.py
identity,Taiji_Odoo/addons/wuchang_property_local_cloud/models/wuchang_ticket_opening.py
identity,Taiji_Odoo/addons/wuchang_property_local_cloud/security/ir.model.access.csv
identity,Taiji_Odoo/addons/wuchang_property_local_cloud/views/wuchang_property_views.xml
identity,Taiji_Odoo/addons/wuchang_wish_tree_coin/models/wuchang_wish_tree_coin.py
identity,W7TP_FIELD_ATLAS/20_sub_universe_registry.yaml
identity,W7TP_FIELD_ATLAS/38_odoo_inventory_classification_v0.yaml
identity,W7TP_FIELD_ATLAS/61_sub_universe_element_index_v0_2.yaml
identity,W7TP_FIELD_ATLAS/71_sub_universe_module_map_v1.yaml
identity,W7TP_FIELD_ATLAS/8d_policies/W7TP_8D_IDENTITY_USE_POLICY_V1.yaml
identity,W7TP_FIELD_ATLAS/audit_policies/W7TP_ACCOUNTABILITY_AUDIT_POLICY_V1.yaml
identity,W7TP_FIELD_ATLAS/delegation/W7TP_MEMBER_DELEGATION_AUTHORITY_RULE_V1.yaml
identity,W7TP_FIELD_ATLAS/dependency_graphs/W7TP_MODULE_DEPENDENCY_GRAPH_V1.yaml
identity,W7TP_FIELD_ATLAS/dev_specs/W7TP_8D_IDENTITY_DEV_SPEC_V1.yaml
identity,W7TP_FIELD_ATLAS/device_loss/W7TP_MEMBER_DEVICE_LOSS_RECOVERY_FLOW_V1.yaml
identity,W7TP_FIELD_ATLAS/events/W7TP_FIELD_DRIFT_20260531.yaml
identity,W7TP_FIELD_ATLAS/function_maps/WUCHANG_FUNCTION_TO_MODULE_MAP_V1.yaml
identity,W7TP_FIELD_ATLAS/function_universes/SU_MEMBER_PRIVACY_FUNCTION_UNIVERSE_V1.yaml
identity,W7TP_FIELD_ATLAS/gei_context/W7TP_GEI_CONTEXT_FIELD_V1.yaml
identity,W7TP_FIELD_ATLAS/gei_context/W7TP_GEI_CONTEXT_PACKET_SCHEMA_V1.yaml
identity,W7TP_FIELD_ATLAS/governance_routes/WUCHANG_FIELD_GOVERNANCE_ROUTE_TABLE_V1.yaml
identity,W7TP_FIELD_ATLAS/linter_plans/W7TP_NO_SECRET_LINTER_PLAN_V1.yaml
identity,W7TP_FIELD_ATLAS/member_portability/W7TP_PORTABLE_XIAOJ_MEMBER_AGENT_SPEC_V1.yaml
identity,W7TP_FIELD_ATLAS/merchant_rules/W7TP_MERCHANT_PRIVACY_SERVICE_RULE_V1.yaml
identity,W7TP_FIELD_ATLAS/module_maps/W7TP_GOVERNED_HIVE_MODULE_MAP_V1.yaml
identity,W7TP_FIELD_ATLAS/module_mounts/WUCHANG_MODULE_TO_SUB_UNIVERSE_MOUNT_MAP_V1.yaml
identity,W7TP_FIELD_ATLAS/node_policies/W7TP_GROUP_MEMBER_NODE_POLICY_V1.yaml
identity,W7TP_FIELD_ATLAS/odoo_no_plaintext_member_universe_v1.yaml
identity,W7TP_FIELD_ATLAS/odoo_refactor_plans/PM3_RUNTIME_SYNC_SPLIT_PLAN_V1.yaml
identity,W7TP_FIELD_ATLAS/registries/WUCHANG_SUB_UNIVERSE_REGISTRY_V1.yaml
identity,W7TP_FIELD_ATLAS/registries/WUCHANG_UNIVERSE_TOTAL_FIELD_REGISTRY_V2.yaml
identity,W7TP_FIELD_ATLAS/registry_reports/latest_duplicate_development_audit.md
identity,W7TP_FIELD_ATLAS/restructure_plans/W7TP_GOVERNED_HIVE_RESTRUCTURE_V1.yaml
identity,W7TP_FIELD_ATLAS/runtime_status/latest_startup_state_packet.yaml
identity,W7TP_FIELD_ATLAS/runtime_status/startup_state_packet_20260531_201634.yaml
identity,W7TP_FIELD_ATLAS/schemas/00_schema_index.yaml
identity,W7TP_FIELD_ATLAS/schemas/8d_identity_packet.schema.yaml
identity,W7TP_FIELD_ATLAS/service_rules/W7TP_SERVICE_RESULT_ONLY_RULE_V1.yaml
identity,W7TP_FIELD_ATLAS/sub_universe_registry_v1.yaml
identity,W7TP_FIELD_ATLAS/sub_universes/SU_ECONOMIC_BLOODMAKING_UNIVERSE_V1.yaml
identity,W7TP_FIELD_ATLAS/subscription_models/W7TP_PRIVACY_AI_SUBSCRIPTION_MODEL_V1.yaml
identity,W7TP_FIELD_ATLAS/sync_plans/W7TP_TWIN_SYNC_ERROR_CORRECTION_PLAN_V2.yaml
identity,W7TP_FIELD_ATLAS/task_boards/W7TP_GOVERNED_HIVE_TASK_BOARD_V1.yaml
identity,W7TP_FIELD_ATLAS/validation_plans/W7TP_MODULE_SPLIT_SANDBOX_VALIDATION_V1.yaml
8d,Taiji_Governance/auto_push_or_archive_20260531_223533.md
8d,Taiji_Governance/backups/workspace_merge_review_20260514T025322+0800/conflict_report.json
8d,Taiji_Governance/backups/workspace_merge_review_20260514T025322+0800/from_windows_conflicts/deploy/packages/taiji_formal_tensor_runtime_v0_1_0/SHA256SUMS
8d,Taiji_Governance/backups/workspace_merge_review_20260514T025322+0800/from_windows_conflicts/site/taiji_system_dashboard/index.html
8d,Taiji_Governance/baseline/runtime_snapshot_20260510T103532Z.txt
8d,Taiji_Governance/focused_governed_hive_push_20260531_223427.md
8d,Taiji_Governance/full_system_module_feature_compare_20260531_225818.md
8d,Taiji_Governance/logs/system_total_probe_audit.jsonl
8d,Taiji_Governance/pm3_runtime_sync_source_truth_20260531_200753.md
8d,Taiji_Governance/rebuild_execution_plan_20260531_211223.md
8d,Taiji_Governance/sandbox_validation_pm3_runtime_sync_20260531_203905.md
8d,Taiji_Governance/snapshots/savepoint_20260513T033438+0800_renyi_volunteer_backend/SHA256SUMS
8d,Taiji_Governance/snapshots/savepoint_20260514T043034+0800/files/site/taiji_system_dashboard/index.html
8d,Taiji_Governance/snapshots/savepoint_20260514T043034+0800/reports/sha256sum.txt
8d,Taiji_Governance/system_error_correction_plan_20260531_203119.md
8d,Taiji_Governance/system_info/dependency_links_2026-05-12.csv
8d,Taiji_Governance/system_info/dependency_relocation_plan_2026-05-12.jsonl
8d,Taiji_Governance/system_info/dependency_relocation_verify_2026-05-12.jsonl
8d,Taiji_Governance/system_info/host_restructure/taiji01_host_inventory_20260511T170226Z.jsonl
8d,Taiji_Governance/system_info/model_artifact_manifest_2026-05-12.jsonl
8d,Taiji_Governance/total_field_duplicate_development_audit_20260531_225228.md
8d,Taiji_Odoo/addons/pm3_runtime_sync/controllers/line_auth.py
8d,Taiji_Odoo/addons/wuchang_core/controllers/main.py
8d,Taiji_Odoo/addons/wuchang_core/models/ai_guard.py
8d,Taiji_Odoo/addons/wuchang_core/views/pos_simulator.xml
8d,W7TP_FIELD_ATLAS/61_sub_universe_element_index_v0_2.yaml
8d,W7TP_FIELD_ATLAS/8d_policies/W7TP_8D_IDENTITY_USE_POLICY_V1.yaml
8d,W7TP_FIELD_ATLAS/audit_policies/W7TP_ACCOUNTABILITY_AUDIT_POLICY_V1.yaml
8d,W7TP_FIELD_ATLAS/dependency_graphs/W7TP_MODULE_DEPENDENCY_GRAPH_V1.yaml
8d,W7TP_FIELD_ATLAS/dev_specs/W7TP_8D_IDENTITY_DEV_SPEC_V1.yaml
8d,W7TP_FIELD_ATLAS/disaster_recovery/W7TP_THIRD_PARTY_PHYSICAL_CUSTODY_POLICY_V1.yaml
8d,W7TP_FIELD_ATLAS/feature_compare/module_feature_matrix_20260531_225818.csv
8d,W7TP_FIELD_ATLAS/function_maps/WUCHANG_FUNCTION_TO_MODULE_MAP_V1.yaml
8d,W7TP_FIELD_ATLAS/function_universes/SU_MEMBER_PRIVACY_FUNCTION_UNIVERSE_V1.yaml
8d,W7TP_FIELD_ATLAS/gei_context/W7TP_GEI_CONTEXT_FIELD_V1.yaml
8d,W7TP_FIELD_ATLAS/governance_routes/WUCHANG_FIELD_GOVERNANCE_ROUTE_TABLE_V1.yaml
8d,W7TP_FIELD_ATLAS/linter_plans/W7TP_NO_SECRET_LINTER_PLAN_V1.yaml
8d,W7TP_FIELD_ATLAS/member_portability/W7TP_PORTABLE_XIAOJ_MEMBER_AGENT_SPEC_V1.yaml
8d,W7TP_FIELD_ATLAS/module_maps/W7TP_GOVERNED_HIVE_MODULE_MAP_V1.yaml
8d,W7TP_FIELD_ATLAS/module_mounts/WUCHANG_MODULE_TO_SUB_UNIVERSE_MOUNT_MAP_V1.yaml
8d,W7TP_FIELD_ATLAS/node_onboarding/W7TP_GROUP_MEMBER_NODE_ONBOARDING_FLOW_V1.yaml
8d,W7TP_FIELD_ATLAS/node_policies/W7TP_GROUP_MEMBER_NODE_POLICY_V1.yaml
8d,W7TP_FIELD_ATLAS/odoo_refactor_plans/PM3_RUNTIME_SYNC_SPLIT_PLAN_V1.yaml
8d,W7TP_FIELD_ATLAS/plaintext_policies/W7TP_PLAINTEXT_CLAIM_REVIEW_POLICY_V1.yaml
8d,W7TP_FIELD_ATLAS/registries/WUCHANG_UNIVERSE_TOTAL_FIELD_REGISTRY_V2.yaml
8d,W7TP_FIELD_ATLAS/registry_reports/latest_duplicate_development_audit.md
8d,W7TP_FIELD_ATLAS/restructure_plans/W7TP_GOVERNED_HIVE_RESTRUCTURE_V1.yaml
8d,W7TP_FIELD_ATLAS/schemas/00_schema_index.yaml
8d,W7TP_FIELD_ATLAS/schemas/group_member_node_packet.schema.yaml
8d,W7TP_FIELD_ATLAS/sub_universes/SU_ECONOMIC_BLOODMAKING_UNIVERSE_V1.yaml
8d,W7TP_FIELD_ATLAS/subscription_models/W7TP_PRIVACY_AI_SUBSCRIPTION_MODEL_V1.yaml
8d,W7TP_FIELD_ATLAS/task_boards/W7TP_GOVERNED_HIVE_TASK_BOARD_V1.yaml
privacy,Taiji_Governance/full_system_module_feature_compare_20260531_225818.md
privacy,Taiji_Governance/total_field_duplicate_development_audit_20260531_225228.md
privacy,Taiji_Odoo/addons/wuchang_core/data/sustainability_data.xml
privacy,Taiji_Odoo/addons/wuchang_core/data/system_params.xml
privacy,Taiji_Odoo/addons/wuchang_core/models/core_logic.py
privacy,Taiji_Odoo/addons/wuchang_core/models/res_users.py
privacy,Taiji_Odoo/addons/wuchang_core/models/settings.py
privacy,Taiji_Odoo/addons/wuchang_core/views/settings_views.xml
privacy,Taiji_Odoo/addons/wuchang_knowledge_sync/models/wuchang_knowledge_sync.py
privacy,Taiji_Odoo/addons/wuchang_knowledge_sync/views/wuchang_knowledge_sync_views.xml
privacy,Taiji_Odoo/addons/wuchang_property_local_cloud/models/wuchang_google_nonprofit_resource.py
privacy,Taiji_Odoo/addons/wuchang_property_local_cloud/views/wuchang_google_nonprofit_resource_views.xml
privacy,Taiji_Odoo/addons/wuchang_wish_tree_coin/models/wuchang_wish_tree_coin.py
privacy,Taiji_Odoo/addons/wuchang_wish_tree_coin/views/wuchang_wish_tree_coin_views.xml
privacy,W7TP_FIELD_ATLAS/61_sub_universe_element_index_v0_2.yaml
privacy,W7TP_FIELD_ATLAS/addon_market/W7TP_STANDARD_ADDON_MARKET_POLICY_V1.yaml
privacy,W7TP_FIELD_ATLAS/cost_routing/W7TP_AI_BLIND_COMPUTE_COST_ROUTER_V1.yaml
privacy,W7TP_FIELD_ATLAS/device_loss/W7TP_MEMBER_DEVICE_LOSS_RECOVERY_FLOW_V1.yaml
privacy,W7TP_FIELD_ATLAS/function_universes/SU_MEMBER_PRIVACY_FUNCTION_UNIVERSE_V1.yaml
privacy,W7TP_FIELD_ATLAS/gei_context/W7TP_GEI_CONTEXT_FIELD_V1.yaml
privacy,W7TP_FIELD_ATLAS/key_custody/W7TP_THREE_KEY_CUSTODY_OPERATION_RULE_V1.yaml
privacy,W7TP_FIELD_ATLAS/member_portability/W7TP_PORTABLE_XIAOJ_MEMBER_AGENT_SPEC_V1.yaml
privacy,W7TP_FIELD_ATLAS/merchant_rules/W7TP_MERCHANT_PRIVACY_SERVICE_RULE_V1.yaml
privacy,W7TP_FIELD_ATLAS/module_maps/W7TP_GOVERNED_HIVE_MODULE_MAP_V1.yaml
privacy,W7TP_FIELD_ATLAS/module_mounts/WUCHANG_MODULE_TO_SUB_UNIVERSE_MOUNT_MAP_V1.yaml
privacy,W7TP_FIELD_ATLAS/namespace_policies/WUCHANG_NAMESPACE_CANONICAL_POLICY_V1.yaml
privacy,W7TP_FIELD_ATLAS/node_credit/W7TP_NODE_CREDIT_METRIC_V1.yaml
privacy,W7TP_FIELD_ATLAS/node_enforcement/W7TP_NODE_ENFORCEMENT_POLICY_V1.yaml
privacy,W7TP_FIELD_ATLAS/odoo_container_file_universe_v0_1.yaml
privacy,W7TP_FIELD_ATLAS/registries/WUCHANG_SUB_UNIVERSE_REGISTRY_V1.yaml
privacy,W7TP_FIELD_ATLAS/registries/WUCHANG_UNIVERSE_TOTAL_FIELD_REGISTRY_V2.yaml
privacy,W7TP_FIELD_ATLAS/registry_reports/latest_duplicate_development_audit.md
privacy,W7TP_FIELD_ATLAS/revenue_sharing/W7TP_GROUP_MEMBER_REVENUE_SHARING_RULE_V1.yaml
privacy,W7TP_FIELD_ATLAS/schemas/8d_identity_packet.schema.yaml
privacy,W7TP_FIELD_ATLAS/sub_universes/SU_ECONOMIC_BLOODMAKING_UNIVERSE_V1.yaml
privacy,W7TP_FIELD_ATLAS/subscription_models/W7TP_PRIVACY_AI_SUBSCRIPTION_MODEL_V1.yaml
privacy,W7TP_FIELD_ATLAS/task_boards/W7TP_GOVERNED_HIVE_TASK_BOARD_V1.yaml
plaintext,Taiji_Governance/architecture/layers_standards.yml
plaintext,Taiji_Governance/auto_push_or_archive_20260531_223533.md
plaintext,Taiji_Governance/backups/workspace_merge_review_20260514T025322+0800/from_windows_conflicts/Taiji_Governance/identity/digital_identity.yml
plaintext,Taiji_Governance/backups/workspace_merge_review_20260514T025322+0800/from_windows_conflicts/Taiji_Governance/integrations/odoo_google_nonprofit_mail_bridge_manifest.json
plaintext,Taiji_Governance/backups/workspace_merge_review_20260514T025322+0800/from_windows_conflicts/deploy/runtime/runtime_entry.py
plaintext,Taiji_Governance/backups/workspace_merge_review_20260514T025322+0800/from_windows_conflicts/site/taiji_system_dashboard/index.html
plaintext,Taiji_Governance/deployments/tailscale_deployment_manifest.json
plaintext,Taiji_Governance/economy/community_micro_economy_manifest_2026-05-12.json
plaintext,Taiji_Governance/economy/sovereign_economic_engine_v8_manifest_2026-05-12.json
plaintext,Taiji_Governance/focused_governed_hive_push_20260531_223427.md
plaintext,Taiji_Governance/full_system_module_feature_compare_20260531_225818.md
plaintext,Taiji_Governance/identity/digital_identity.yml
plaintext,Taiji_Governance/identity/governance_event_log_schema.yaml
plaintext,Taiji_Governance/identity/identity_tensor_schema.yaml
plaintext,Taiji_Governance/identity/legal_organization_identity_record.template.json
plaintext,Taiji_Governance/identity/legal_responsible_person_record_policy_2026-05-11.md
plaintext,Taiji_Governance/integrations/member_five_code_odoo_google_provisioning_manifest.json
plaintext,Taiji_Governance/integrations/odoo_google_nonprofit_mail_bridge_manifest.json
plaintext,Taiji_Governance/logs/audit.log
plaintext,Taiji_Governance/logs/business_entity_subject_mapping_2026-05-12.jsonl
plaintext,Taiji_Governance/logs/community_micro_economy_strategy_ingest_2026-05-12.jsonl
plaintext,Taiji_Governance/logs/context_symlink_repair_2026-05-12.jsonl
plaintext,Taiji_Governance/logs/data_processing_principles_activation_2026-05-12.jsonl
plaintext,Taiji_Governance/logs/delivery_map_2026-05-12.jsonl
plaintext,Taiji_Governance/logs/effective_files_redteam_review_2026-05-12.jsonl
plaintext,Taiji_Governance/logs/finance_accounting_review_packet_2026-05-13.jsonl
plaintext,Taiji_Governance/logs/full_system_scan_2026-05-13.jsonl
plaintext,Taiji_Governance/logs/host_node_role_boundary_activation_2026-05-12.jsonl
plaintext,Taiji_Governance/logs/intent_flow_cache_activation_2026-05-12.jsonl
plaintext,Taiji_Governance/logs/local_machine_gateway_control_2026-05-13.jsonl
plaintext,Taiji_Governance/logs/member_identity_classification_2026-05-12.jsonl
plaintext,Taiji_Governance/logs/metric_accounting_no_delete_2026-05-12.jsonl
plaintext,Taiji_Governance/logs/model_name_window_interface_2026-05-13.jsonl
plaintext,Taiji_Governance/logs/model_window_prefix_package_2026-05-13.jsonl
plaintext,Taiji_Governance/logs/obsidian_ai_window_memory_vault_2026-05-14.jsonl
plaintext,Taiji_Governance/logs/odoo_account_role_mapping_2026-05-12.jsonl
plaintext,Taiji_Governance/logs/odoo_container_community_feature_read_2026-05-12.jsonl
plaintext,Taiji_Governance/logs/odoo_renyi_volunteer_business_2026-05-13.jsonl
plaintext,Taiji_Governance/logs/owner_multi_governance_identity_record_2026-05-12.jsonl
plaintext,Taiji_Governance/logs/snapshot_rollback_2026-05-12.jsonl
plaintext,Taiji_Governance/logs/sovereign_economic_engine_v8_ingest_2026-05-12.jsonl
plaintext,Taiji_Governance/logs/taiji01_dual_identity_record_2026-05-12.jsonl
plaintext,Taiji_Governance/logs/task_force_dispatch_policy_2026-05-12.jsonl
plaintext,Taiji_Governance/logs/unique_ai_window_partition_activation_2026-05-12.jsonl
plaintext,Taiji_Governance/logs/wuchang_jurisdiction_coordinate_ingest_2026-05-12.jsonl
plaintext,Taiji_Governance/logs/wuchang_life_system_scope_2026-05-13.jsonl
plaintext,Taiji_Governance/one_time_decrypt/README.md
plaintext,Taiji_Governance/policies/development_no_permission_friction_policy_2026-05-11.md
plaintext,Taiji_Governance/policies/distributed_compute_boundary_policy_2026-05-11.md
plaintext,Taiji_Governance/policies/individual_behavior_to_aggregate_no_process_policy_2026-05-12.md
plaintext,Taiji_Governance/policies/information_custodian_accountability_statement_2026-05-11.md
plaintext,Taiji_Governance/policies/member_identity_classification_policy_2026-05-12.md
plaintext,Taiji_Governance/policies/member_information_vault_d_drive_policy_2026-05-11.md
plaintext,Taiji_Governance/policies/public_interest_academic_research_data_policy_2026-05-11.md
plaintext,Taiji_Governance/progress/progress.md
plaintext,Taiji_Governance/red_blue_exchange/README.md
plaintext,Taiji_Governance/rescue_snapshots/README.md
plaintext,Taiji_Governance/runtime/deadbox/deadbox_restore_policy.md
plaintext,Taiji_Governance/runtime/deadbox/deadbox_runtime.md
plaintext,Taiji_Governance/runtime/delivery_map_2026-05-12/concept_delivery_map.md
plaintext,Taiji_Governance/runtime/delivery_map_2026-05-12/container_audit_report.md
plaintext,Taiji_Governance/runtime/delivery_map_2026-05-12/evidence_chain.json
plaintext,Taiji_Governance/runtime/delivery_map_2026-05-12/governance_risk_register.md
plaintext,Taiji_Governance/runtime/delivery_map_2026-05-12/runtime_bootstrap.yaml
plaintext,Taiji_Governance/runtime/identity/runtime_identity_layer.md
plaintext,Taiji_Governance/runtime/multimodal/multimodal_governance_policy.md
plaintext,Taiji_Governance/runtime/multimodal/voice_browser_runtime_policy_2026-05-13.md
plaintext,Taiji_Governance/runtime/packet/packet_lifecycle.md
plaintext,Taiji_Governance/runtime/packet/packet_lineage_runtime.md
plaintext,Taiji_Governance/runtime/plaintext_free/plaintext_free_runtime.md
plaintext,Taiji_Governance/runtime/reconciliation/deployment_artifact_audit_record.jsonl
plaintext,Taiji_Governance/runtime/reconciliation/formal_notation_audit_record.jsonl
plaintext,Taiji_Governance/runtime/reconciliation/formal_notation_refactor_report.md
plaintext,Taiji_Governance/runtime/reconciliation/missing_file_generation_list.md
plaintext,Taiji_Governance/runtime/reconciliation/missing_runtime_report.md
plaintext,Taiji_Governance/runtime/reconciliation/runtime_enforcement_recommendations.md
plaintext,Taiji_Governance/runtime/reconciliation/runtime_trust_boundary_diagram.md
plaintext,Taiji_Governance/schemas/public_interest_research_data_use.schema.json
plaintext,Taiji_Governance/snapshots/savepoint_20260513T033438+0800_renyi_volunteer_backend/untracked_files.patch
plaintext,Taiji_Governance/snapshots/savepoint_20260514T043034+0800/files/runtime_adapters/taiji01_metric_identity_gateway.py
plaintext,Taiji_Governance/snapshots/savepoint_20260514T043034+0800/files/site/taiji_system_dashboard/index.html
plaintext,Taiji_Governance/snapshots/savepoint_20260514T043034+0800/files/site/taiji_system_dashboard/refresh_dashboard_state.py
plaintext,Taiji_Governance/snapshots/snapshot_20260512T180017+0800/MANIFEST.json
plaintext,Taiji_Governance/snapshots/snapshot_20260512T180017+0800/snapshot_filelist.txt
plaintext,Taiji_Governance/system_info/active_data_processing_principles.manifest.json
plaintext,Taiji_Governance/system_info/active_host_node_role_boundary.manifest.json
plaintext,Taiji_Governance/system_info/active_intent_flow_cache_policy.manifest.json
plaintext,Taiji_Governance/system_info/active_unique_ai_window_partition.manifest.json
plaintext,Taiji_Governance/system_info/active_workspace.manifest.json
plaintext,Taiji_Governance/system_info/business_entity_subject_mapping.manifest.json
plaintext,Taiji_Governance/system_info/community_branch_group_member_mapping.manifest.json
plaintext,Taiji_Governance/system_info/community_branch_group_member_mapping_2026-05-12.md
plaintext,Taiji_Governance/system_info/dependency_links_2026-05-12.csv
plaintext,Taiji_Governance/system_info/dependency_relocation_plan_2026-05-12.jsonl
plaintext,Taiji_Governance/system_info/dependency_relocation_verify_2026-05-12.jsonl
plaintext,Taiji_Governance/system_info/distributed_admin_authority_sync.manifest.json
plaintext,Taiji_Governance/system_info/finance_accounting_review_packet.manifest.json
plaintext,Taiji_Governance/system_info/host_restructure/taiji01_host_inventory_20260511T170226Z.jsonl
plaintext,Taiji_Governance/system_info/local_machine_gateway_control.manifest.json
plaintext,Taiji_Governance/system_info/member_identity_classification.manifest.json
plaintext,Taiji_Governance/system_info/model_artifact_cold_hot_mapping_2026-05-12.md
plaintext,Taiji_Governance/system_info/model_artifact_manifest_2026-05-12.jsonl
plaintext,Taiji_Governance/system_info/model_name_window_interface.manifest.json
plaintext,Taiji_Governance/system_info/msi_linux_native_migration_status.manifest.json
plaintext,Taiji_Governance/system_info/obsidian_ai_window_memory_vault.manifest.json
plaintext,Taiji_Governance/system_info/odoo_account_role_mapping.manifest.json
plaintext,Taiji_Governance/system_info/odoo_account_role_mapping_2026-05-12.md
plaintext,Taiji_Governance/system_info/owner_multi_governance_identity_record.manifest.json
plaintext,Taiji_Governance/system_info/taiji01_dual_identity_record.manifest.json
plaintext,Taiji_Governance/system_info/voice_browser_runtime_completion.manifest.json
plaintext,Taiji_Governance/system_info/wuchang_jurisdiction_coordinate_seed.manifest.json
plaintext,Taiji_Governance/system_info/wuchang_life_system_scope_nodes.manifest.json
plaintext,Taiji_Governance/system_info/wuchang_life_system_scope_nodes_2026-05-13.md
plaintext,Taiji_Governance/task_force/task_force_dispatch_manifest_2026-05-12.json
plaintext,Taiji_Governance/total_field_duplicate_development_audit_20260531_225228.md
plaintext,Taiji_Governance/worklist/worklist.md
plaintext,Taiji_Odoo/addons/pm3_runtime_sync.bak./models/pm3_memory_index.py
plaintext,Taiji_Odoo/addons/pm3_runtime_sync/models/pm3_memory_index.py
plaintext,W7TP_FIELD_ATLAS/01_xiaoj_dev_history_ingest_anchor_v1.md
plaintext,W7TP_FIELD_ATLAS/46_taiwan_patent_packet_v0.yaml
plaintext,W7TP_FIELD_ATLAS/47_claim_dependency_tree_v0.yaml
plaintext,W7TP_FIELD_ATLAS/49_taiwan_patent_draft_plan_v0.yaml
plaintext,W7TP_FIELD_ATLAS/50_claim_dependency_execution_plan_v0.yaml
plaintext,W7TP_FIELD_ATLAS/51_patent_submission_master_index_v0.yaml
plaintext,W7TP_FIELD_ATLAS/61_sub_universe_element_index_v0_2.yaml
plaintext,W7TP_FIELD_ATLAS/8d_policies/W7TP_8D_IDENTITY_USE_POLICY_V1.yaml
plaintext,W7TP_FIELD_ATLAS/addon_market/W7TP_STANDARD_ADDON_MARKET_POLICY_V1.yaml
plaintext,W7TP_FIELD_ATLAS/ai_service/W7TP_BLIND_AI_SERVICE_FUNCTION_UNIVERSE_V1.yaml
plaintext,W7TP_FIELD_ATLAS/audit_policies/W7TP_ACCOUNTABILITY_AUDIT_POLICY_V1.yaml
plaintext,W7TP_FIELD_ATLAS/committee_rules/W7TP_COMMITTEE_LAWFUL_PLAINTEXT_REQUEST_RULE_V1.yaml
plaintext,W7TP_FIELD_ATLAS/cost_routing/W7TP_AI_BLIND_COMPUTE_COST_ROUTER_V1.yaml
plaintext,W7TP_FIELD_ATLAS/dead_letter/WUCHANG_UNREGISTERED_ROUTE_DEAD_LETTER_POLICY_V1.yaml
plaintext,W7TP_FIELD_ATLAS/delegation/W7TP_MEMBER_DELEGATION_AUTHORITY_RULE_V1.yaml
plaintext,W7TP_FIELD_ATLAS/dependency_graphs/W7TP_MODULE_DEPENDENCY_GRAPH_V1.yaml
plaintext,W7TP_FIELD_ATLAS/device_loss/W7TP_MEMBER_DEVICE_LOSS_RECOVERY_FLOW_V1.yaml
plaintext,W7TP_FIELD_ATLAS/disaster_recovery/W7TP_THIRD_PARTY_PHYSICAL_CUSTODY_POLICY_V1.yaml
plaintext,W7TP_FIELD_ATLAS/emergency_care/W7TP_EMERGENCY_CARE_DISCLOSURE_RULE_V1.yaml
plaintext,W7TP_FIELD_ATLAS/feature_compare/module_feature_matrix_20260531_225818.csv
plaintext,W7TP_FIELD_ATLAS/function_maps/WUCHANG_FUNCTION_TO_MODULE_MAP_V1.yaml
plaintext,W7TP_FIELD_ATLAS/function_universes/SU_MEMBER_PRIVACY_FUNCTION_UNIVERSE_V1.yaml
plaintext,W7TP_FIELD_ATLAS/gei_context/W7TP_GEI_CONTEXT_FIELD_V1.yaml
plaintext,W7TP_FIELD_ATLAS/gei_context/W7TP_GEI_REGISTRATION_ASSISTANT_RULE_V1.yaml
plaintext,W7TP_FIELD_ATLAS/git_space_architecture_v1.yaml
plaintext,W7TP_FIELD_ATLAS/governance_routes/WUCHANG_FIELD_GOVERNANCE_ROUTE_TABLE_V1.yaml
plaintext,W7TP_FIELD_ATLAS/human_review/W7TP_XIAOJ_HUMAN_REVIEW_QUEUE_RULE_V1.yaml
plaintext,W7TP_FIELD_ATLAS/key_custody/W7TP_THREE_KEY_CUSTODY_OPERATION_RULE_V1.yaml
plaintext,W7TP_FIELD_ATLAS/linter_plans/W7TP_NO_SECRET_LINTER_PLAN_V1.yaml
plaintext,W7TP_FIELD_ATLAS/member_portability/W7TP_PORTABLE_XIAOJ_MEMBER_AGENT_SPEC_V1.yaml
plaintext,W7TP_FIELD_ATLAS/merchant_rules/W7TP_MERCHANT_PRIVACY_SERVICE_RULE_V1.yaml
plaintext,W7TP_FIELD_ATLAS/module_maps/W7TP_GOVERNED_HIVE_MODULE_MAP_V1.yaml
plaintext,W7TP_FIELD_ATLAS/module_mounts/WUCHANG_MODULE_TO_SUB_UNIVERSE_MOUNT_MAP_V1.yaml
plaintext,W7TP_FIELD_ATLAS/node_credit/W7TP_NODE_CREDIT_METRIC_V1.yaml
plaintext,W7TP_FIELD_ATLAS/node_enforcement/W7TP_NODE_ENFORCEMENT_POLICY_V1.yaml
plaintext,W7TP_FIELD_ATLAS/node_onboarding/W7TP_GROUP_MEMBER_NODE_ONBOARDING_FLOW_V1.yaml
plaintext,W7TP_FIELD_ATLAS/node_policies/W7TP_GROUP_MEMBER_NODE_POLICY_V1.yaml
plaintext,W7TP_FIELD_ATLAS/odoo_no_plaintext_member_universe_v1.yaml
plaintext,W7TP_FIELD_ATLAS/odoo_refactor_plans/PM3_RUNTIME_SYNC_SPLIT_PLAN_V1.yaml
plaintext,W7TP_FIELD_ATLAS/plaintext_policies/W7TP_PLAINTEXT_CLAIM_REVIEW_POLICY_V1.yaml
plaintext,W7TP_FIELD_ATLAS/registries/WUCHANG_UNIVERSE_TOTAL_FIELD_REGISTRY_V2.yaml
plaintext,W7TP_FIELD_ATLAS/registry_reports/latest_duplicate_development_audit.md
plaintext,W7TP_FIELD_ATLAS/restructure_plans/W7TP_GOVERNED_HIVE_RESTRUCTURE_V1.yaml
plaintext,W7TP_FIELD_ATLAS/revenue_sharing/W7TP_GROUP_MEMBER_REVENUE_SHARING_RULE_V1.yaml
plaintext,W7TP_FIELD_ATLAS/schemas/00_schema_index.yaml
plaintext,W7TP_FIELD_ATLAS/schemas/8d_identity_packet.schema.yaml
plaintext,W7TP_FIELD_ATLAS/schemas/blind_ai_subscription_packet.schema.yaml
plaintext,W7TP_FIELD_ATLAS/schemas/group_member_node_packet.schema.yaml
plaintext,W7TP_FIELD_ATLAS/service_rules/W7TP_SERVICE_RESULT_ONLY_RULE_V1.yaml
plaintext,W7TP_FIELD_ATLAS/sub_universes/SU_ECONOMIC_BLOODMAKING_UNIVERSE_V1.yaml
plaintext,W7TP_FIELD_ATLAS/sub_universes/SU_GEI_REASONING_UNIVERSE_V1.yaml
plaintext,W7TP_FIELD_ATLAS/subscription_models/W7TP_PRIVACY_AI_SUBSCRIPTION_MODEL_V1.yaml
plaintext,W7TP_FIELD_ATLAS/task_boards/W7TP_GOVERNED_HIVE_TASK_BOARD_V1.yaml
plaintext,W7TP_FIELD_ATLAS/validation_plans/W7TP_MODULE_SPLIT_SANDBOX_VALIDATION_V1.yaml
contact,Taiji_Governance/architecture/layers_standards.yml
contact,Taiji_Governance/auto_push_or_archive_20260531_223533.md
contact,Taiji_Governance/focused_governed_hive_push_20260531_223427.md
contact,Taiji_Governance/full_system_module_feature_compare_20260531_225818.md
contact,Taiji_Governance/total_field_duplicate_development_audit_20260531_225228.md
contact,Taiji_Odoo/addons/wuchang_core/controllers/main.py
contact,Taiji_Odoo/addons/wuchang_core/views/needs_templates.xml
contact,Taiji_Odoo/addons/wuchang_property_local_cloud/models/wuchang_property.py
contact,Taiji_Odoo/addons/wuchang_property_local_cloud/views/wuchang_property_views.xml
contact,W7TP_FIELD_ATLAS/8d_policies/W7TP_8D_IDENTITY_USE_POLICY_V1.yaml
contact,W7TP_FIELD_ATLAS/audit_policies/W7TP_ACCOUNTABILITY_AUDIT_POLICY_V1.yaml
contact,W7TP_FIELD_ATLAS/committee_rules/W7TP_COMMITTEE_LAWFUL_PLAINTEXT_REQUEST_RULE_V1.yaml
contact,W7TP_FIELD_ATLAS/contact_policies/W7TP_MEMBER_CONTACT_APPROVAL_POLICY_V1.yaml
contact,W7TP_FIELD_ATLAS/dead_letter/WUCHANG_UNREGISTERED_ROUTE_DEAD_LETTER_POLICY_V1.yaml
contact,W7TP_FIELD_ATLAS/delegation/W7TP_MEMBER_DELEGATION_AUTHORITY_RULE_V1.yaml
contact,W7TP_FIELD_ATLAS/dependency_graphs/W7TP_MODULE_DEPENDENCY_GRAPH_V1.yaml
contact,W7TP_FIELD_ATLAS/emergency_care/W7TP_EMERGENCY_CARE_DISCLOSURE_RULE_V1.yaml
contact,W7TP_FIELD_ATLAS/function_maps/WUCHANG_FUNCTION_TO_MODULE_MAP_V1.yaml
contact,W7TP_FIELD_ATLAS/function_universes/SU_MEMBER_PRIVACY_FUNCTION_UNIVERSE_V1.yaml
contact,W7TP_FIELD_ATLAS/gei_context/W7TP_GEI_CONTEXT_FIELD_V1.yaml
contact,W7TP_FIELD_ATLAS/governance_routes/WUCHANG_FIELD_GOVERNANCE_ROUTE_TABLE_V1.yaml
contact,W7TP_FIELD_ATLAS/human_review/W7TP_XIAOJ_HUMAN_REVIEW_QUEUE_RULE_V1.yaml
contact,W7TP_FIELD_ATLAS/member_portability/W7TP_PORTABLE_XIAOJ_MEMBER_AGENT_SPEC_V1.yaml
contact,W7TP_FIELD_ATLAS/merchant_rules/W7TP_MERCHANT_PRIVACY_SERVICE_RULE_V1.yaml
contact,W7TP_FIELD_ATLAS/module_maps/W7TP_GOVERNED_HIVE_MODULE_MAP_V1.yaml
contact,W7TP_FIELD_ATLAS/module_mounts/WUCHANG_MODULE_TO_SUB_UNIVERSE_MOUNT_MAP_V1.yaml
contact,W7TP_FIELD_ATLAS/namespace_policies/WUCHANG_NAMESPACE_CANONICAL_POLICY_V1.yaml
contact,W7TP_FIELD_ATLAS/node_credit/W7TP_NODE_CREDIT_METRIC_V1.yaml
contact,W7TP_FIELD_ATLAS/node_enforcement/W7TP_NODE_ENFORCEMENT_POLICY_V1.yaml
contact,W7TP_FIELD_ATLAS/node_onboarding/W7TP_GROUP_MEMBER_NODE_ONBOARDING_FLOW_V1.yaml
contact,W7TP_FIELD_ATLAS/node_policies/W7TP_GROUP_MEMBER_NODE_POLICY_V1.yaml
contact,W7TP_FIELD_ATLAS/odoo_refactor_plans/PM3_RUNTIME_SYNC_SPLIT_PLAN_V1.yaml
contact,W7TP_FIELD_ATLAS/registry_reports/latest_duplicate_development_audit.md
contact,W7TP_FIELD_ATLAS/restructure_plans/W7TP_GOVERNED_HIVE_RESTRUCTURE_V1.yaml
contact,W7TP_FIELD_ATLAS/revenue_sharing/W7TP_GROUP_MEMBER_REVENUE_SHARING_RULE_V1.yaml
contact,W7TP_FIELD_ATLAS/schemas/00_schema_index.yaml
contact,W7TP_FIELD_ATLAS/schemas/contact_approval_packet.schema.yaml
contact,W7TP_FIELD_ATLAS/schemas/group_member_node_packet.schema.yaml
contact,W7TP_FIELD_ATLAS/service_flows/W7TP_MERCHANT_CONTACT_SERVICE_FLOW_V1.yaml
contact,W7TP_FIELD_ATLAS/service_rules/W7TP_SERVICE_RESULT_ONLY_RULE_V1.yaml
contact,W7TP_FIELD_ATLAS/sub_universes/SU_ECONOMIC_BLOODMAKING_UNIVERSE_V1.yaml
contact,W7TP_FIELD_ATLAS/subscription_models/W7TP_PRIVACY_AI_SUBSCRIPTION_MODEL_V1.yaml
contact,W7TP_FIELD_ATLAS/task_boards/W7TP_GOVERNED_HIVE_TASK_BOARD_V1.yaml
contact,W7TP_FIELD_ATLAS/validation_plans/W7TP_MODULE_SPLIT_SANDBOX_VALIDATION_V1.yaml
merchant,Taiji_Governance/auto_push_or_archive_20260531_223533.md
merchant,Taiji_Governance/economy/community_micro_economy_manifest_2026-05-12.json
merchant,Taiji_Governance/focused_governed_hive_push_20260531_223427.md
merchant,Taiji_Governance/full_system_module_feature_compare_20260531_225818.md
merchant,Taiji_Governance/logs/member_identity_classification_2026-05-12.jsonl
merchant,Taiji_Governance/policies/member_identity_classification_policy_2026-05-12.md
merchant,Taiji_Governance/system_info/member_identity_classification.manifest.json
merchant,Taiji_Governance/total_field_duplicate_development_audit_20260531_225228.md
merchant,Taiji_Odoo/addons/wuchang_core/controllers/main.py
merchant,Taiji_Odoo/addons/wuchang_core/controllers/ticket_controller.py
merchant,Taiji_Odoo/addons/wuchang_core/data/system_params.xml
merchant,Taiji_Odoo/addons/wuchang_core/models/delivery.py
merchant,Taiji_Odoo/addons/wuchang_core/models/finance.py
merchant,Taiji_Odoo/addons/wuchang_core/models/pos_config_ext.py
merchant,Taiji_Odoo/addons/wuchang_core/views/finance_views.xml
merchant,Taiji_Odoo/addons/wuchang_core/views/ticket_page.xml
merchant,Taiji_Odoo/addons/wuchang_property_local_cloud/models/wuchang_company_google_workspace.py
merchant,Taiji_Odoo/addons/wuchang_property_local_cloud/models/wuchang_property.py
merchant,Taiji_Odoo/addons/wuchang_property_local_cloud/models/wuchang_ticket_opening.py
merchant,Taiji_Odoo/addons/wuchang_property_local_cloud/models/wuchang_ticket_quota_buckets.py
merchant,Taiji_Odoo/addons/wuchang_property_local_cloud/views/wuchang_pos_policy_views.xml
merchant,Taiji_Odoo/addons/wuchang_property_local_cloud/views/wuchang_ticket_opening_views.xml
merchant,W7TP_FIELD_ATLAS/01_xiaoj_dev_history_ingest_anchor_v1.md
merchant,W7TP_FIELD_ATLAS/20_sub_universe_registry.yaml
merchant,W7TP_FIELD_ATLAS/31_odoo_module_inventory_map.yaml
merchant,W7TP_FIELD_ATLAS/38_odoo_inventory_classification_v0.yaml
merchant,W7TP_FIELD_ATLAS/48_odoo_pos_property_community_embodiment_v0.yaml
merchant,W7TP_FIELD_ATLAS/61_sub_universe_element_index_v0_2.yaml
merchant,W7TP_FIELD_ATLAS/8d_policies/W7TP_8D_IDENTITY_USE_POLICY_V1.yaml
merchant,W7TP_FIELD_ATLAS/addon_market/W7TP_STANDARD_ADDON_MARKET_POLICY_V1.yaml
merchant,W7TP_FIELD_ATLAS/contact_policies/W7TP_MEMBER_CONTACT_APPROVAL_POLICY_V1.yaml
merchant,W7TP_FIELD_ATLAS/delegation/W7TP_MEMBER_DELEGATION_AUTHORITY_RULE_V1.yaml
merchant,W7TP_FIELD_ATLAS/disaster_recovery/W7TP_THIRD_PARTY_PHYSICAL_CUSTODY_POLICY_V1.yaml
merchant,W7TP_FIELD_ATLAS/emergency_care/W7TP_EMERGENCY_CARE_DISCLOSURE_RULE_V1.yaml
merchant,W7TP_FIELD_ATLAS/feature_compare/module_feature_matrix_20260531_225818.csv
merchant,W7TP_FIELD_ATLAS/function_maps/WUCHANG_FUNCTION_TO_MODULE_MAP_V1.yaml
merchant,W7TP_FIELD_ATLAS/gei_context/W7TP_GEI_CONTEXT_FIELD_V1.yaml
merchant,W7TP_FIELD_ATLAS/governance_routes/WUCHANG_FIELD_GOVERNANCE_ROUTE_TABLE_V1.yaml
merchant,W7TP_FIELD_ATLAS/member_portability/W7TP_PORTABLE_XIAOJ_MEMBER_AGENT_SPEC_V1.yaml
merchant,W7TP_FIELD_ATLAS/merchant_rules/W7TP_MERCHANT_PRIVACY_SERVICE_RULE_V1.yaml
merchant,W7TP_FIELD_ATLAS/module_maps/W7TP_GOVERNED_HIVE_MODULE_MAP_V1.yaml
merchant,W7TP_FIELD_ATLAS/module_mounts/WUCHANG_MODULE_TO_SUB_UNIVERSE_MOUNT_MAP_V1.yaml
merchant,W7TP_FIELD_ATLAS/node_onboarding/W7TP_GROUP_MEMBER_NODE_ONBOARDING_FLOW_V1.yaml
merchant,W7TP_FIELD_ATLAS/node_policies/W7TP_GROUP_MEMBER_NODE_POLICY_V1.yaml
merchant,W7TP_FIELD_ATLAS/odoo_container_file_universe_v0_1.yaml
merchant,W7TP_FIELD_ATLAS/odoo_refactor_plans/PM3_RUNTIME_SYNC_SPLIT_PLAN_V1.yaml
merchant,W7TP_FIELD_ATLAS/plaintext_policies/W7TP_PLAINTEXT_CLAIM_REVIEW_POLICY_V1.yaml
merchant,W7TP_FIELD_ATLAS/registries/WUCHANG_UNIVERSE_TOTAL_FIELD_REGISTRY_V2.yaml
merchant,W7TP_FIELD_ATLAS/registry_reports/latest_duplicate_development_audit.md
merchant,W7TP_FIELD_ATLAS/schemas/contact_approval_packet.schema.yaml
merchant,W7TP_FIELD_ATLAS/service_flows/W7TP_MERCHANT_CONTACT_SERVICE_FLOW_V1.yaml
merchant,W7TP_FIELD_ATLAS/service_rules/W7TP_SERVICE_RESULT_ONLY_RULE_V1.yaml
merchant,W7TP_FIELD_ATLAS/sub_universe_registry_v1.yaml
merchant,W7TP_FIELD_ATLAS/sub_universes/SU_ECONOMIC_BLOODMAKING_UNIVERSE_V1.yaml
merchant,W7TP_FIELD_ATLAS/subscription_models/W7TP_PRIVACY_AI_SUBSCRIPTION_MODEL_V1.yaml
merchant,W7TP_FIELD_ATLAS/task_boards/W7TP_GOVERNED_HIVE_TASK_BOARD_V1.yaml
merchant,W7TP_FIELD_ATLAS/u13_u14_odoo_model_extract_v0_1.yaml
committee,Taiji_Governance/architecture/layers_standards.yml
committee,Taiji_Governance/auto_push_or_archive_20260531_223533.md
committee,Taiji_Governance/focused_governed_hive_push_20260531_223427.md
committee,Taiji_Governance/full_system_module_feature_compare_20260531_225818.md
committee,Taiji_Governance/logs/member_identity_classification_2026-05-12.jsonl
committee,Taiji_Governance/policies/member_identity_classification_policy_2026-05-12.md
committee,Taiji_Governance/progress/progress.md
committee,Taiji_Governance/system_info/member_identity_classification.manifest.json
committee,Taiji_Governance/total_field_duplicate_development_audit_20260531_225228.md
committee,Taiji_Governance/worklist/worklist.md
committee,Taiji_Odoo/addons/wuchang_core/controllers/main.py
committee,Taiji_Odoo/addons/wuchang_core/data/committee_document_templates.xml
committee,Taiji_Odoo/addons/wuchang_core/data/committee_document_templates.xml.backup
committee,Taiji_Odoo/addons/wuchang_core/models/property_document.py
committee,Taiji_Odoo/addons/wuchang_core/models/property_document.py.backup
committee,Taiji_Odoo/addons/wuchang_core/models/property_management.py
committee,Taiji_Odoo/addons/wuchang_core/models/res_partner.py
committee,Taiji_Odoo/addons/wuchang_core/security/ir.model.access.csv
committee,Taiji_Odoo/addons/wuchang_core/views/property_document_views.xml
committee,Taiji_Odoo/addons/wuchang_core/views/property_document_views.xml.backup
committee,Taiji_Odoo/addons/wuchang_core/views/property_views.xml
committee,Taiji_Odoo/addons/wuchang_property_local_cloud/models/wuchang_property.py
committee,W7TP_FIELD_ATLAS/48_odoo_pos_property_community_embodiment_v0.yaml
committee,W7TP_FIELD_ATLAS/8d_policies/W7TP_8D_IDENTITY_USE_POLICY_V1.yaml
committee,W7TP_FIELD_ATLAS/addon_market/W7TP_STANDARD_ADDON_MARKET_POLICY_V1.yaml
committee,W7TP_FIELD_ATLAS/committee_rules/W7TP_COMMITTEE_LAWFUL_PLAINTEXT_REQUEST_RULE_V1.yaml
committee,W7TP_FIELD_ATLAS/disaster_recovery/W7TP_THIRD_PARTY_PHYSICAL_CUSTODY_POLICY_V1.yaml
committee,W7TP_FIELD_ATLAS/feature_compare/module_feature_matrix_20260531_225818.csv
committee,W7TP_FIELD_ATLAS/gei_context/W7TP_GEI_CONTEXT_FIELD_V1.yaml
committee,W7TP_FIELD_ATLAS/member_portability/W7TP_PORTABLE_XIAOJ_MEMBER_AGENT_SPEC_V1.yaml
committee,W7TP_FIELD_ATLAS/module_mounts/WUCHANG_MODULE_TO_SUB_UNIVERSE_MOUNT_MAP_V1.yaml
committee,W7TP_FIELD_ATLAS/node_onboarding/W7TP_GROUP_MEMBER_NODE_ONBOARDING_FLOW_V1.yaml
committee,W7TP_FIELD_ATLAS/node_policies/W7TP_GROUP_MEMBER_NODE_POLICY_V1.yaml
committee,W7TP_FIELD_ATLAS/odoo_container_file_universe_v0_1.yaml
committee,W7TP_FIELD_ATLAS/registries/WUCHANG_UNIVERSE_TOTAL_FIELD_REGISTRY_V2.yaml
committee,W7TP_FIELD_ATLAS/registry_reports/latest_duplicate_development_audit.md
committee,W7TP_FIELD_ATLAS/service_rules/W7TP_SERVICE_RESULT_ONLY_RULE_V1.yaml
committee,W7TP_FIELD_ATLAS/sub_universes/SU_ECONOMIC_BLOODMAKING_UNIVERSE_V1.yaml
committee,W7TP_FIELD_ATLAS/subscription_models/W7TP_PRIVACY_AI_SUBSCRIPTION_MODEL_V1.yaml
committee,W7TP_FIELD_ATLAS/task_boards/W7TP_GOVERNED_HIVE_TASK_BOARD_V1.yaml
welfare,Taiji_Governance/full_system_module_feature_compare_20260531_225818.md
welfare,Taiji_Governance/total_field_duplicate_development_audit_20260531_225228.md
welfare,Taiji_Odoo/addons/wuchang_core/models/finance.py
welfare,W7TP_FIELD_ATLAS/00_supreme_intent_field_principle_v1.md
welfare,W7TP_FIELD_ATLAS/01_xiaoj_dev_history_ingest_anchor_v1.md
welfare,W7TP_FIELD_ATLAS/61_sub_universe_element_index_v0_2.yaml
welfare,W7TP_FIELD_ATLAS/72_sub_universe_service_map_v1.yaml
welfare,W7TP_FIELD_ATLAS/addon_market/W7TP_STANDARD_ADDON_MARKET_POLICY_V1.yaml
welfare,W7TP_FIELD_ATLAS/node_credit/W7TP_NODE_CREDIT_METRIC_V1.yaml
welfare,W7TP_FIELD_ATLAS/node_policies/W7TP_GROUP_MEMBER_NODE_POLICY_V1.yaml
welfare,W7TP_FIELD_ATLAS/odoo_container_file_universe_v0_1.yaml
welfare,W7TP_FIELD_ATLAS/registries/WUCHANG_UNIVERSE_TOTAL_FIELD_REGISTRY_V2.yaml
welfare,W7TP_FIELD_ATLAS/registry_reports/latest_duplicate_development_audit.md
welfare,W7TP_FIELD_ATLAS/sub_universe_registry_v1.yaml
welfare,W7TP_FIELD_ATLAS/u13_u14_schema_v1.yaml
volunteer,Taiji_Governance/full_system_module_feature_compare_20260531_225818.md
volunteer,Taiji_Governance/logs/odoo_module_upgrade/wuchang_core_upgrade_20260513T185528+0800_with_env_config.log
volunteer,Taiji_Governance/logs/odoo_renyi_volunteer_business_2026-05-13.jsonl
volunteer,Taiji_Governance/snapshots/savepoint_20260513T033438+0800_renyi_volunteer_backend/SAVEPOINT.md
volunteer,Taiji_Governance/snapshots/savepoint_20260513T033438+0800_renyi_volunteer_backend/SHA256SUMS
volunteer,Taiji_Governance/snapshots/savepoint_20260513T033438+0800_renyi_volunteer_backend/files.list
volunteer,Taiji_Governance/snapshots/savepoint_20260513T033438+0800_renyi_volunteer_backend/untracked_files.patch
volunteer,Taiji_Governance/snapshots/savepoint_20260514T043034+0800/files/site/taiji_system_dashboard/refresh_dashboard_state.py
volunteer,Taiji_Governance/total_field_duplicate_development_audit_20260531_225228.md
volunteer,Taiji_Odoo/addons/PM3_SYSTEM_STATUS_INVENTORY.md
volunteer,Taiji_Odoo/addons/wuchang_core/controllers/main.py
volunteer,Taiji_Odoo/addons/wuchang_core/data/user_setup.xml
volunteer,Taiji_Odoo/addons/wuchang_core/data/wuchang_association_data.xml
volunteer,Taiji_Odoo/addons/wuchang_core/models/Untitled-2.py
volunteer,Taiji_Odoo/addons/wuchang_core/models/__init__.py
volunteer,Taiji_Odoo/addons/wuchang_core/models/core_logic.py
volunteer,Taiji_Odoo/addons/wuchang_core/models/volunteer.py
volunteer,Taiji_Odoo/addons/wuchang_core/security/ir.model.access.csv
volunteer,Taiji_Odoo/addons/wuchang_core/security/security.xml
volunteer,Taiji_Odoo/addons/wuchang_core/static/src/js/community_super_app.jsx
volunteer,Taiji_Odoo/addons/wuchang_fund_allocation/models/wuchang_fund_allocation.py
volunteer,Taiji_Odoo/addons/wuchang_fund_allocation/views/wuchang_fund_allocation_views.xml
volunteer,Taiji_Odoo/addons/wuchang_property_manpower_surface/models/wuchang_property_manpower_surface.py
volunteer,W7TP_FIELD_ATLAS/20_sub_universe_registry.yaml
volunteer,W7TP_FIELD_ATLAS/38_odoo_inventory_classification_v0.yaml
volunteer,W7TP_FIELD_ATLAS/48_odoo_pos_property_community_embodiment_v0.yaml
volunteer,W7TP_FIELD_ATLAS/48_pos_property_community_embodiment_v0.yaml
volunteer,W7TP_FIELD_ATLAS/72_sub_universe_service_map_v1.yaml
volunteer,W7TP_FIELD_ATLAS/addon_market/W7TP_STANDARD_ADDON_MARKET_POLICY_V1.yaml
volunteer,W7TP_FIELD_ATLAS/feature_compare/module_feature_matrix_20260531_225818.csv
volunteer,W7TP_FIELD_ATLAS/node_policies/W7TP_GROUP_MEMBER_NODE_POLICY_V1.yaml
volunteer,W7TP_FIELD_ATLAS/odoo_container_file_universe_v0_1.yaml
volunteer,W7TP_FIELD_ATLAS/registries/WUCHANG_UNIVERSE_TOTAL_FIELD_REGISTRY_V2.yaml
volunteer,W7TP_FIELD_ATLAS/registry_reports/latest_duplicate_development_audit.md
volunteer,W7TP_FIELD_ATLAS/u13_u14_odoo_model_extract_v0_1.yaml
volunteer,W7TP_FIELD_ATLAS/u13_u14_schema_v1.yaml
delivery,Taiji_Governance/full_system_module_feature_compare_20260531_225818.md
delivery,Taiji_Governance/logs/delivery_map_2026-05-12.jsonl
delivery,Taiji_Governance/policies/non_sensitive_vector_data_product_policy_2026-05-11.md
delivery,Taiji_Governance/runtime/delivery_map_2026-05-12/evidence_chain.json
delivery,Taiji_Governance/runtime/delivery_map_2026-05-12/runtime_bootstrap.yaml
delivery,Taiji_Governance/snapshots/savepoint_20260513T033438+0800_renyi_volunteer_backend/untracked_files.patch
delivery,Taiji_Governance/snapshots/snapshot_20260512T180017+0800/snapshot_filelist.txt
delivery,Taiji_Governance/total_field_duplicate_development_audit_20260531_225228.md
delivery,Taiji_Odoo/addons/wuchang_core/__manifest__.py
delivery,Taiji_Odoo/addons/wuchang_core/controllers/main.py
delivery,Taiji_Odoo/addons/wuchang_core/controllers/order_site.py
delivery,Taiji_Odoo/addons/wuchang_core/data/pos_setup.xml
delivery,Taiji_Odoo/addons/wuchang_core/models/__init__.py
delivery,Taiji_Odoo/addons/wuchang_core/models/delivery.py
delivery,Taiji_Odoo/addons/wuchang_core/models/delivery_team.py
delivery,Taiji_Odoo/addons/wuchang_core/models/order.py
delivery,Taiji_Odoo/addons/wuchang_core/models/pos_config_ext.py
delivery,Taiji_Odoo/addons/wuchang_core/models/settings.py
delivery,Taiji_Odoo/addons/wuchang_core/models/volunteer.py
delivery,Taiji_Odoo/addons/wuchang_core/security/ir.model.access.csv
delivery,Taiji_Odoo/addons/wuchang_core/static/src/js/background_service.js
delivery,Taiji_Odoo/addons/wuchang_core/static/src/js/delivery_rider.js
delivery,Taiji_Odoo/addons/wuchang_core/static/src/xml/delivery_interfaces.xml
delivery,Taiji_Odoo/addons/wuchang_core/views/delivery_page.xml
delivery,Taiji_Odoo/addons/wuchang_core/views/order_views.xml
delivery,Taiji_Odoo/addons/wuchang_core/views/order_website.xml
delivery,Taiji_Odoo/addons/wuchang_core/views/pos_expense_views.xml
delivery,Taiji_Odoo/addons/wuchang_core/views/settings_views.xml
delivery,Taiji_Odoo/addons/wuchang_core/views/ticket_page.xml
delivery,Taiji_Odoo/addons/wuchang_fund_allocation/models/wuchang_fund_allocation.py
delivery,Taiji_Odoo/addons/wuchang_fund_allocation/views/wuchang_fund_allocation_views.xml
delivery,W7TP_FIELD_ATLAS/31_odoo_module_inventory_map.yaml
delivery,W7TP_FIELD_ATLAS/34_p0_next_action_menu.yaml
delivery,W7TP_FIELD_ATLAS/38_odoo_inventory_classification_v0.yaml
delivery,W7TP_FIELD_ATLAS/71_sub_universe_module_map_v1.yaml
delivery,W7TP_FIELD_ATLAS/72_sub_universe_service_map_v1.yaml
delivery,W7TP_FIELD_ATLAS/contact_policies/W7TP_MEMBER_CONTACT_APPROVAL_POLICY_V1.yaml
delivery,W7TP_FIELD_ATLAS/feature_compare/module_feature_matrix_20260531_225818.csv
delivery,W7TP_FIELD_ATLAS/merchant_rules/W7TP_MERCHANT_PRIVACY_SERVICE_RULE_V1.yaml
delivery,W7TP_FIELD_ATLAS/odoo_container_file_universe_v0_1.yaml
delivery,W7TP_FIELD_ATLAS/registry_reports/latest_duplicate_development_audit.md
delivery,W7TP_FIELD_ATLAS/u13_u14_odoo_model_extract_v0_1.yaml
delivery,W7TP_FIELD_ATLAS/u13_u14_schema_v1.yaml
blind_ai,Taiji_Governance/full_system_module_feature_compare_20260531_225818.md
blind_ai,Taiji_Governance/total_field_duplicate_development_audit_20260531_225228.md
blind_ai,W7TP_FIELD_ATLAS/addon_market/W7TP_STANDARD_ADDON_MARKET_POLICY_V1.yaml
blind_ai,W7TP_FIELD_ATLAS/ai_service/W7TP_BLIND_AI_SERVICE_FUNCTION_UNIVERSE_V1.yaml
blind_ai,W7TP_FIELD_ATLAS/audit_policies/W7TP_ACCOUNTABILITY_AUDIT_POLICY_V1.yaml
blind_ai,W7TP_FIELD_ATLAS/cost_routing/W7TP_AI_BLIND_COMPUTE_COST_ROUTER_V1.yaml
blind_ai,W7TP_FIELD_ATLAS/dependency_graphs/W7TP_MODULE_DEPENDENCY_GRAPH_V1.yaml
blind_ai,W7TP_FIELD_ATLAS/feature_compare/module_feature_matrix_20260531_225818.csv
blind_ai,W7TP_FIELD_ATLAS/function_maps/WUCHANG_FUNCTION_TO_MODULE_MAP_V1.yaml
blind_ai,W7TP_FIELD_ATLAS/merchant_rules/W7TP_MERCHANT_PRIVACY_SERVICE_RULE_V1.yaml
blind_ai,W7TP_FIELD_ATLAS/module_maps/W7TP_GOVERNED_HIVE_MODULE_MAP_V1.yaml
blind_ai,W7TP_FIELD_ATLAS/odoo_refactor_plans/PM3_RUNTIME_SYNC_SPLIT_PLAN_V1.yaml
blind_ai,W7TP_FIELD_ATLAS/registry_reports/latest_duplicate_development_audit.md
blind_ai,W7TP_FIELD_ATLAS/restructure_plans/W7TP_GOVERNED_HIVE_RESTRUCTURE_V1.yaml
blind_ai,W7TP_FIELD_ATLAS/revenue_sharing/W7TP_GROUP_MEMBER_REVENUE_SHARING_RULE_V1.yaml
blind_ai,W7TP_FIELD_ATLAS/schemas/00_schema_index.yaml
blind_ai,W7TP_FIELD_ATLAS/schemas/blind_ai_subscription_packet.schema.yaml
blind_ai,W7TP_FIELD_ATLAS/sub_universes/SU_ECONOMIC_BLOODMAKING_UNIVERSE_V1.yaml
blind_ai,W7TP_FIELD_ATLAS/subscription_models/W7TP_PRIVACY_AI_SUBSCRIPTION_MODEL_V1.yaml
blind_ai,W7TP_FIELD_ATLAS/task_boards/W7TP_GOVERNED_HIVE_TASK_BOARD_V1.yaml
blind_ai,W7TP_FIELD_ATLAS/validation_plans/W7TP_MODULE_SPLIT_SANDBOX_VALIDATION_V1.yaml
subscription,Taiji_Governance/auto_push_or_archive_20260531_223533.md
subscription,Taiji_Governance/focused_governed_hive_push_20260531_223427.md
subscription,Taiji_Governance/full_system_module_feature_compare_20260531_225818.md
subscription,Taiji_Governance/identity/container_governance_model.md
subscription,Taiji_Governance/red_blue_exchange/README.md
subscription,Taiji_Governance/total_field_duplicate_development_audit_20260531_225228.md
subscription,W7TP_FIELD_ATLAS/addon_market/W7TP_STANDARD_ADDON_MARKET_POLICY_V1.yaml
subscription,W7TP_FIELD_ATLAS/ai_service/W7TP_BLIND_AI_SERVICE_FUNCTION_UNIVERSE_V1.yaml
subscription,W7TP_FIELD_ATLAS/audit_policies/W7TP_ACCOUNTABILITY_AUDIT_POLICY_V1.yaml
subscription,W7TP_FIELD_ATLAS/cost_routing/W7TP_AI_BLIND_COMPUTE_COST_ROUTER_V1.yaml
subscription,W7TP_FIELD_ATLAS/dependency_graphs/W7TP_MODULE_DEPENDENCY_GRAPH_V1.yaml
subscription,W7TP_FIELD_ATLAS/feature_compare/module_feature_matrix_20260531_225818.csv
subscription,W7TP_FIELD_ATLAS/function_maps/WUCHANG_FUNCTION_TO_MODULE_MAP_V1.yaml
subscription,W7TP_FIELD_ATLAS/gei_context/W7TP_GEI_CONTEXT_FIELD_V1.yaml
subscription,W7TP_FIELD_ATLAS/governance_routes/WUCHANG_FIELD_GOVERNANCE_ROUTE_TABLE_V1.yaml
subscription,W7TP_FIELD_ATLAS/merchant_rules/W7TP_MERCHANT_PRIVACY_SERVICE_RULE_V1.yaml
subscription,W7TP_FIELD_ATLAS/module_maps/W7TP_GOVERNED_HIVE_MODULE_MAP_V1.yaml
subscription,W7TP_FIELD_ATLAS/module_mounts/WUCHANG_MODULE_TO_SUB_UNIVERSE_MOUNT_MAP_V1.yaml
subscription,W7TP_FIELD_ATLAS/odoo_refactor_plans/PM3_RUNTIME_SYNC_SPLIT_PLAN_V1.yaml
subscription,W7TP_FIELD_ATLAS/registries/WUCHANG_UNIVERSE_TOTAL_FIELD_REGISTRY_V2.yaml
subscription,W7TP_FIELD_ATLAS/registry_reports/latest_duplicate_development_audit.md
subscription,W7TP_FIELD_ATLAS/restructure_plans/W7TP_GOVERNED_HIVE_RESTRUCTURE_V1.yaml
subscription,W7TP_FIELD_ATLAS/revenue_sharing/W7TP_GROUP_MEMBER_REVENUE_SHARING_RULE_V1.yaml
subscription,W7TP_FIELD_ATLAS/schemas/00_schema_index.yaml
subscription,W7TP_FIELD_ATLAS/schemas/blind_ai_subscription_packet.schema.yaml
subscription,W7TP_FIELD_ATLAS/sub_universes/SU_ECONOMIC_BLOODMAKING_UNIVERSE_V1.yaml
subscription,W7TP_FIELD_ATLAS/subscription_models/W7TP_PRIVACY_AI_SUBSCRIPTION_MODEL_V1.yaml
subscription,W7TP_FIELD_ATLAS/task_boards/W7TP_GOVERNED_HIVE_TASK_BOARD_V1.yaml
subscription,W7TP_FIELD_ATLAS/validation_plans/W7TP_MODULE_SPLIT_SANDBOX_VALIDATION_V1.yaml
addon,Taiji_Governance/actual_odoo_db_identification_20260531_220929.md
addon,Taiji_Governance/architecture/mvp_exclusion_policy_zh.md
addon,Taiji_Governance/architecture/snapshot_scoring_window_policy_zh.md
addon,Taiji_Governance/architecture/wuchang_taiji_operational_topology_v0_2.md
addon,Taiji_Governance/auto_push_or_archive_20260531_223533.md
addon,Taiji_Governance/backups/workspace_merge_review_20260514T025322+0800/from_windows_conflicts/legacy_core/wuchang_llm_core.py
addon,Taiji_Governance/baseline/runtime_snapshot_20260510T103532Z.txt
addon,Taiji_Governance/focused_governed_hive_push_20260531_223427.md
addon,Taiji_Governance/full_system_module_feature_compare_20260531_225818.md
addon,Taiji_Governance/logs/metric_accounting_no_delete_2026-05-12.jsonl
addon,Taiji_Governance/logs/odoo_module_upgrade/wuchang_core_upgrade_20260513T185901+0800_root_init_fix.log
addon,Taiji_Governance/pm3_runtime_sync_source_truth_20260531_200753.md
addon,Taiji_Governance/rebuild_execution_plan_20260531_211223.md
addon,Taiji_Governance/reports/odoo_container_community_feature_read_2026-05-12.md
addon,Taiji_Governance/rollback_points/rollback_20260512T180017+0800/README.md
addon,Taiji_Governance/rollback_points/rollback_20260512T180017+0800/ROLLBACK.sh
addon,Taiji_Governance/runtime/delivery_map_2026-05-12/architecture_map.md
addon,Taiji_Governance/runtime/delivery_map_2026-05-12/engineering_narrative.md
addon,Taiji_Governance/runtime/delivery_map_2026-05-12/evidence_chain.json
addon,Taiji_Governance/sandbox_validation_pm3_runtime_sync_20260531_203905.md
addon,Taiji_Governance/snapshots/mvp_safe/20260518T110908_+0800/mvp_exclusion_policy_zh.md
addon,Taiji_Governance/snapshots/mvp_safe/20260518T110908_+0800/wuchang_taiji_operational_topology_v0_2.md
addon,Taiji_Governance/snapshots/savepoint_20260513T033438+0800_renyi_volunteer_backend/SAVEPOINT.md
addon,Taiji_Governance/snapshots/savepoint_20260513T033438+0800_renyi_volunteer_backend/SHA256SUMS
addon,Taiji_Governance/snapshots/savepoint_20260513T033438+0800_renyi_volunteer_backend/files.list
addon,Taiji_Governance/snapshots/savepoint_20260513T033438+0800_renyi_volunteer_backend/untracked_files.patch
addon,Taiji_Governance/snapshots/savepoint_20260514T043034+0800/files/site/taiji_system_dashboard/index.html
addon,Taiji_Governance/snapshots/savepoint_20260514T043034+0800/files/site/taiji_system_dashboard/refresh_dashboard_state.py
addon,Taiji_Governance/snapshots/snapshot_20260512T180017+0800/MANIFEST.json
addon,Taiji_Governance/snapshots/snapshot_20260512T180017+0800/snapshot_filelist.txt
addon,Taiji_Governance/system_error_correction_plan_20260531_203119.md
addon,Taiji_Governance/system_info/dependency_links_2026-05-12.csv
addon,Taiji_Governance/system_info/dependency_relocation_plan_2026-05-12.jsonl
addon,Taiji_Governance/system_info/dependency_relocation_verify_2026-05-12.jsonl
addon,Taiji_Governance/system_info/host_restructure/taiji01_host_inventory_20260511T170226Z.jsonl
addon,Taiji_Governance/taiji01_odoo_mount_readonly_inventory_20260531_192749.md
addon,Taiji_Governance/taiji01_server_truth_packet_20260531_210853.md
addon,Taiji_Governance/total_field_duplicate_development_audit_20260531_225228.md
addon,Taiji_Governance/wuchang_universe_misplaced_file_packet_20260531_200715.md
addon,Taiji_Odoo/addons/PM3_SYSTEM_STATUS_INVENTORY.md
addon,Taiji_Odoo/addons/pm3_runtime_sync.bak./controllers/google_auth.py
addon,Taiji_Odoo/addons/pm3_runtime_sync/controllers/google_auth.py
addon,Taiji_Odoo/addons/pm3_runtime_sync/controllers/line_auth.py
addon,Taiji_Odoo/addons/wuchang_core/controllers/menu_import.py
addon,Taiji_Odoo/addons/wuchang_core/models/menu.py
addon,Taiji_Odoo/addons/wuchang_google_member_login/README_zh.md
addon,W7TP_FIELD_ATLAS/01_universe_registry.yaml
addon,W7TP_FIELD_ATLAS/addon_market/W7TP_STANDARD_ADDON_MARKET_POLICY_V1.yaml
addon,W7TP_FIELD_ATLAS/diff_packets/FINAL_SYNC_DIFF_PACKET_PM3_TO_TAIJI01_V1.yaml
addon,W7TP_FIELD_ATLAS/diff_packets/msi_vs_taiji01_odoo_diff_20260531_211223.yaml
addon,W7TP_FIELD_ATLAS/drift_detector_plans/W7TP_DRIFT_DETECTOR_V1.yaml
addon,W7TP_FIELD_ATLAS/feature_compare/module_feature_matrix_20260531_225818.csv
addon,W7TP_FIELD_ATLAS/gei_context/W7TP_GEI_CONTEXT_FIELD_V1.yaml
addon,W7TP_FIELD_ATLAS/governance_routes/WUCHANG_FIELD_GOVERNANCE_ROUTE_TABLE_V1.yaml
addon,W7TP_FIELD_ATLAS/linter_plans/W7TP_NO_SECRET_LINTER_PLAN_V1.yaml
addon,W7TP_FIELD_ATLAS/merchant_rules/W7TP_MERCHANT_PRIVACY_SERVICE_RULE_V1.yaml
addon,W7TP_FIELD_ATLAS/module_maps/W7TP_GOVERNED_HIVE_MODULE_MAP_V1.yaml
addon,W7TP_FIELD_ATLAS/module_mounts/WUCHANG_MODULE_TO_SUB_UNIVERSE_MOUNT_MAP_V1.yaml
addon,W7TP_FIELD_ATLAS/node_credit/W7TP_NODE_CREDIT_METRIC_V1.yaml
addon,W7TP_FIELD_ATLAS/node_policies/W7TP_GROUP_MEMBER_NODE_POLICY_V1.yaml
addon,W7TP_FIELD_ATLAS/odoo_container_file_universe_v0_1.yaml
addon,W7TP_FIELD_ATLAS/odoo_refactor_plans/PM3_RUNTIME_SYNC_SPLIT_PLAN_V1.yaml
addon,W7TP_FIELD_ATLAS/registries/WUCHANG_UNIVERSE_TOTAL_FIELD_REGISTRY_V2.yaml
addon,W7TP_FIELD_ATLAS/registry_reports/latest_duplicate_development_audit.md
addon,W7TP_FIELD_ATLAS/restructure_plans/W7TP_GOVERNED_HIVE_RESTRUCTURE_V1.yaml
addon,W7TP_FIELD_ATLAS/revenue_sharing/W7TP_GROUP_MEMBER_REVENUE_SHARING_RULE_V1.yaml
addon,W7TP_FIELD_ATLAS/rollback_plans/TAIJI01_PM3_ROLLBACK_POINT_PLAN_V1.yaml
addon,W7TP_FIELD_ATLAS/rollback_plans/W7TP_RUNTIME_ROLLBACK_POLICY_V1.yaml
addon,W7TP_FIELD_ATLAS/runtime_landing_plans/W7TP_RUNTIME_LANDING_GATE_V1.yaml
addon,W7TP_FIELD_ATLAS/server_acceptance_reports/SERVER_ACCEPTANCE_REPORT_PM3_TO_TAIJI01_V1.yaml
addon,W7TP_FIELD_ATLAS/source_hash_ledger/pm3_runtime_sync_hash_ledger_20260531_211223.yaml
addon,W7TP_FIELD_ATLAS/sub_universes/SU_ECONOMIC_BLOODMAKING_UNIVERSE_V1.yaml
addon,W7TP_FIELD_ATLAS/sub_universes/SU_TWIN_SYNC_UNIVERSE_V1.yaml
addon,W7TP_FIELD_ATLAS/subscription_models/W7TP_PRIVACY_AI_SUBSCRIPTION_MODEL_V1.yaml
addon,W7TP_FIELD_ATLAS/sync_plans/INBOUND_SYNC_PLAN_PM3_TO_TAIJI01_V1.yaml
addon,W7TP_FIELD_ATLAS/sync_plans/W7TP_TWIN_SYNC_ERROR_CORRECTION_PLAN_V2.yaml
addon,W7TP_FIELD_ATLAS/task_boards/W7TP_GOVERNED_HIVE_TASK_BOARD_V1.yaml
addon,W7TP_FIELD_ATLAS/u13_u14_odoo_model_extract_v0_1.yaml
addon,W7TP_FIELD_ATLAS/u13_u14_schema_v1.yaml
addon,W7TP_FIELD_ATLAS/validation_plans/W7TP_MODULE_SPLIT_SANDBOX_VALIDATION_V1.yaml
revenue,Taiji_Governance/architecture/layers_standards.yml
revenue,Taiji_Governance/auto_push_or_archive_20260531_223533.md
revenue,Taiji_Governance/economy/community_micro_economy_manifest_2026-05-12.json
revenue,Taiji_Governance/focused_governed_hive_push_20260531_223427.md
revenue,Taiji_Governance/full_system_module_feature_compare_20260531_225818.md
revenue,Taiji_Governance/logs/member_identity_classification_2026-05-12.jsonl
revenue,Taiji_Governance/policies/community_industry_revenue_use_policy_2026-05-11.md
revenue,Taiji_Governance/progress/progress.md
revenue,Taiji_Governance/schemas/community_industry_revenue_use.schema.json
revenue,Taiji_Governance/snapshots/snapshot_20260512T180017+0800/snapshot_filelist.txt
revenue,Taiji_Governance/system_info/active_data_processing_principles_2026-05-12.md
revenue,Taiji_Governance/system_info/community_branch_group_member_mapping.manifest.json
revenue,Taiji_Governance/system_info/community_branch_group_member_mapping_2026-05-12.md
revenue,Taiji_Governance/system_info/dependency_links_2026-05-12.csv
revenue,Taiji_Governance/system_info/dependency_relocation_plan_2026-05-12.jsonl
revenue,Taiji_Governance/system_info/dependency_relocation_verify_2026-05-12.jsonl
revenue,Taiji_Governance/system_info/host_restructure/taiji01_host_inventory_20260511T170226Z.jsonl
revenue,Taiji_Governance/system_info/member_identity_classification.manifest.json
revenue,Taiji_Governance/total_field_duplicate_development_audit_20260531_225228.md
revenue,Taiji_Odoo/addons/wuchang_fund_allocation/models/wuchang_fund_allocation.py
revenue,Taiji_Odoo/addons/wuchang_fund_allocation/views/wuchang_fund_allocation_views.xml
revenue,Taiji_Odoo/addons/wuchang_property_local_cloud/models/wuchang_franchise_relationship.py
revenue,Taiji_Odoo/addons/wuchang_property_local_cloud/views/wuchang_franchise_relationship_views.xml
revenue,W7TP_FIELD_ATLAS/feature_compare/module_feature_matrix_20260531_225818.csv
revenue,W7TP_FIELD_ATLAS/gei_context/W7TP_GEI_CONTEXT_FIELD_V1.yaml
revenue,W7TP_FIELD_ATLAS/module_mounts/WUCHANG_MODULE_TO_SUB_UNIVERSE_MOUNT_MAP_V1.yaml
revenue,W7TP_FIELD_ATLAS/registries/WUCHANG_UNIVERSE_TOTAL_FIELD_REGISTRY_V2.yaml
revenue,W7TP_FIELD_ATLAS/registry_reports/latest_duplicate_development_audit.md
revenue,W7TP_FIELD_ATLAS/revenue_sharing/W7TP_GROUP_MEMBER_REVENUE_SHARING_RULE_V1.yaml
revenue,W7TP_FIELD_ATLAS/sub_universes/SU_ECONOMIC_BLOODMAKING_UNIVERSE_V1.yaml
revenue,W7TP_FIELD_ATLAS/task_boards/W7TP_GOVERNED_HIVE_TASK_BOARD_V1.yaml
revenue,W7TP_FIELD_ATLAS/u13_u14_odoo_model_extract_v0_1.yaml
node_credit,Taiji_Governance/auto_push_or_archive_20260531_223533.md
node_credit,Taiji_Governance/focused_governed_hive_push_20260531_223427.md
node_credit,Taiji_Governance/full_system_module_feature_compare_20260531_225818.md
node_credit,Taiji_Governance/total_field_duplicate_development_audit_20260531_225228.md
node_credit,W7TP_FIELD_ATLAS/feature_compare/module_feature_matrix_20260531_225818.csv
node_credit,W7TP_FIELD_ATLAS/merchant_rules/W7TP_MERCHANT_PRIVACY_SERVICE_RULE_V1.yaml
node_credit,W7TP_FIELD_ATLAS/namespace_policies/WUCHANG_NAMESPACE_CANONICAL_POLICY_V1.yaml
node_credit,W7TP_FIELD_ATLAS/node_credit/W7TP_NODE_CREDIT_METRIC_V1.yaml
node_credit,W7TP_FIELD_ATLAS/registry_reports/latest_duplicate_development_audit.md
node_credit,W7TP_FIELD_ATLAS/service_flows/W7TP_MERCHANT_CONTACT_SERVICE_FLOW_V1.yaml
node_credit,W7TP_FIELD_ATLAS/task_boards/W7TP_GOVERNED_HIVE_TASK_BOARD_V1.yaml
enforcement,Taiji_Governance/auto_push_or_archive_20260531_223533.md
enforcement,Taiji_Governance/focused_governed_hive_push_20260531_223427.md
enforcement,Taiji_Governance/full_system_module_feature_compare_20260531_225818.md
enforcement,Taiji_Governance/logs/audit.log
enforcement,Taiji_Governance/progress/progress.md
enforcement,Taiji_Governance/runtime/enforcement/runtime_enforcement.md
enforcement,Taiji_Governance/runtime/reconciliation/missing_file_generation_list.md
enforcement,Taiji_Governance/runtime/reconciliation/missing_runtime_report.md
enforcement,Taiji_Governance/runtime/reconciliation/runtime_enforcement_recommendations.md
enforcement,Taiji_Governance/snapshots/snapshot_20260512T180017+0800/snapshot_filelist.txt
enforcement,Taiji_Governance/system_info/break_glass_recovery_policy.md
enforcement,Taiji_Governance/system_info/dependency_links_2026-05-12.csv
enforcement,Taiji_Governance/system_info/dependency_relocation_plan_2026-05-12.jsonl
enforcement,Taiji_Governance/system_info/dependency_relocation_verify_2026-05-12.jsonl
enforcement,Taiji_Governance/system_info/host_restructure/taiji01_host_inventory_20260511T170226Z.jsonl
enforcement,Taiji_Governance/total_field_duplicate_development_audit_20260531_225228.md
enforcement,Taiji_Odoo/addons/wuchang_core/controllers/main.py
enforcement,W7TP_FIELD_ATLAS/feature_compare/module_feature_matrix_20260531_225818.csv
enforcement,W7TP_FIELD_ATLAS/human_review/W7TP_XIAOJ_HUMAN_REVIEW_QUEUE_RULE_V1.yaml
enforcement,W7TP_FIELD_ATLAS/node_enforcement/W7TP_NODE_ENFORCEMENT_POLICY_V1.yaml
enforcement,W7TP_FIELD_ATLAS/registry_reports/latest_duplicate_development_audit.md
enforcement,W7TP_FIELD_ATLAS/task_boards/W7TP_GOVERNED_HIVE_TASK_BOARD_V1.yaml
audit,Taiji_Governance/architecture/layers_standards.yml
audit,Taiji_Governance/architecture/mvp_exclusion_policy_zh.md
audit,Taiji_Governance/architecture/mvp_persistence_anchor.md
audit,Taiji_Governance/architecture/wuchang_taiji_operational_topology_v0_2.md
audit,Taiji_Governance/auto_push_or_archive_20260531_223533.md
audit,Taiji_Governance/backups/workspace_merge_review_20260514T025322+0800/from_windows_conflicts/Taiji_Governance/identity/digital_identity.yml
audit,Taiji_Governance/backups/workspace_merge_review_20260514T025322+0800/from_windows_conflicts/Taiji_Governance/integrations/odoo_google_nonprofit_mail_bridge_manifest.json
audit,Taiji_Governance/backups/workspace_merge_review_20260514T025322+0800/from_windows_conflicts/Taiji_Governance/runtime/identity/trust_boundary_runtime.md
audit,Taiji_Governance/backups/workspace_merge_review_20260514T025322+0800/from_windows_conflicts/deploy/packages/taiji_formal_tensor_runtime_v0_1_0/env.example
audit,Taiji_Governance/backups/workspace_merge_review_20260514T025322+0800/from_windows_conflicts/deploy/packages/taiji_formal_tensor_runtime_v0_1_0/runtime_entry_v0_1_1.py
audit,Taiji_Governance/backups/workspace_merge_review_20260514T025322+0800/from_windows_conflicts/deploy/runtime/runtime_entry.py
audit,Taiji_Governance/backups/workspace_merge_review_20260514T025322+0800/from_windows_conflicts/docs/taiji_hub_odoo_google_nonprofit_mail_bridge_zh.md
audit,Taiji_Governance/backups/workspace_merge_review_20260514T025322+0800/from_windows_conflicts/legacy_core/wuchang_llm_core.py
audit,Taiji_Governance/backups/workspace_merge_review_20260514T025322+0800/from_windows_conflicts/site/taiji_system_dashboard/index.html
audit,Taiji_Governance/baseline/runtime_snapshot_20260510T103532Z.txt
audit,Taiji_Governance/deployments/cafe_main_redeploy_status.md
audit,Taiji_Governance/deployments/tailscale_deployment_manifest.json
audit,Taiji_Governance/deployments/tailscale_preflight_record.json
audit,Taiji_Governance/deployments/tailscale_rollback_plan.md
audit,Taiji_Governance/docker-compose.yml
audit,Taiji_Governance/focused_governed_hive_push_20260531_223427.md
audit,Taiji_Governance/full_system_module_feature_compare_20260531_225818.md
audit,Taiji_Governance/identity/community_industry_fund_pool_policy.md
audit,Taiji_Governance/identity/container_governance_model.md
audit,Taiji_Governance/identity/data_scope_matrix.md
audit,Taiji_Governance/identity/deadbox_identity_policy.md
audit,Taiji_Governance/identity/digital_identity.yml
audit,Taiji_Governance/identity/domain_governance_map.md
audit,Taiji_Governance/identity/governance_event_log_schema.yaml
audit,Taiji_Governance/identity/hardware_lending_policy.md
audit,Taiji_Governance/identity/human_decision_boundary.md
audit,Taiji_Governance/identity/identity_architecture.md
audit,Taiji_Governance/identity/identity_tensor_schema.yaml
audit,Taiji_Governance/identity/legal_organization_identity_record.template.json
audit,Taiji_Governance/identity/legal_responsible_person_record_policy_2026-05-11.md
audit,Taiji_Governance/identity/odoo_identity_model.md
audit,Taiji_Governance/identity/primary_system_topology_profile_2026-05-11.md
audit,Taiji_Governance/identity/public_commercial_separation_policy.md
audit,Taiji_Governance/identity/replay_identity_risk.md
audit,Taiji_Governance/identity/runtime_owner_policy.md
audit,Taiji_Governance/identity/technology_sponsor_policy.md
audit,Taiji_Governance/identity/wuchang_association_legal_profile_2026-05-11.md
audit,Taiji_Governance/identity/wuchang_association_legal_profile_v2_2026-05-11.md
audit,Taiji_Governance/integrations/member_five_code_odoo_google_provisioning_manifest.json
audit,Taiji_Governance/integrations/odoo_google_nonprofit_mail_bridge_manifest.json
audit,Taiji_Governance/logs/admin_authorization_window_2026-05-12.jsonl
audit,Taiji_Governance/logs/audit.log
audit,Taiji_Governance/logs/business_entity_subject_mapping_2026-05-12.jsonl
audit,Taiji_Governance/logs/community_micro_economy_strategy_ingest_2026-05-12.jsonl
audit,Taiji_Governance/logs/delivery_map_2026-05-12.jsonl
audit,Taiji_Governance/logs/effective_files_redteam_review_2026-05-12.jsonl
audit,Taiji_Governance/logs/finance_accounting_review_packet_2026-05-13.jsonl
audit,Taiji_Governance/logs/intent_flow_cache_activation_2026-05-12.jsonl
audit,Taiji_Governance/logs/local_machine_gateway_control_2026-05-13.jsonl
audit,Taiji_Governance/logs/member_identity_classification_2026-05-12.jsonl
audit,Taiji_Governance/logs/metric_accounting_no_delete_2026-05-12.jsonl
audit,Taiji_Governance/logs/model_name_window_interface_2026-05-13.jsonl
audit,Taiji_Governance/logs/model_window_prefix_package_2026-05-13.jsonl
audit,Taiji_Governance/logs/odoo_account_role_mapping_2026-05-12.jsonl
audit,Taiji_Governance/logs/odoo_renyi_volunteer_business_2026-05-13.jsonl
audit,Taiji_Governance/logs/owner_multi_governance_identity_record_2026-05-12.jsonl
audit,Taiji_Governance/logs/snapshot_rollback_2026-05-12.jsonl
audit,Taiji_Governance/logs/sovereign_economic_engine_v8_ingest_2026-05-12.jsonl
audit,Taiji_Governance/logs/taiji01_dual_identity_record_2026-05-12.jsonl
audit,Taiji_Governance/logs/task_force_dispatch_policy_2026-05-12.jsonl
audit,Taiji_Governance/logs/unique_ai_window_partition_activation_2026-05-12.jsonl
audit,Taiji_Governance/logs/voice_browser_runtime_completion_2026-05-13.jsonl
audit,Taiji_Governance/logs/wuchang_jurisdiction_coordinate_ingest_2026-05-12.jsonl
audit,Taiji_Governance/logs/wuchang_life_system_scope_2026-05-13.jsonl
audit,Taiji_Governance/notices/msi_linux_native_migration_notice_20260512_025032.txt
audit,Taiji_Governance/notices/msi_linux_native_migration_notice_latest.txt
audit,Taiji_Governance/notices/taiji01_new_boss_notice_20260512_031000.txt
audit,Taiji_Governance/one_time_decrypt/README.md
audit,Taiji_Governance/policies/community_association_data_authority_policy_2026-05-11.md
audit,Taiji_Governance/policies/community_industry_revenue_use_policy_2026-05-11.md
audit,Taiji_Governance/policies/development_efficiency_first_policy_2026-05-11.md
audit,Taiji_Governance/policies/development_no_permission_friction_policy_2026-05-11.md
audit,Taiji_Governance/policies/distributed_compute_boundary_policy_2026-05-11.md
audit,Taiji_Governance/policies/document_version_archive_policy_2026-05-11.md
audit,Taiji_Governance/policies/group_member_aggregate_mapping_policy_2026-05-12.md
audit,Taiji_Governance/policies/host_node_role_boundary_policy_2026-05-12.md
audit,Taiji_Governance/policies/individual_behavior_to_aggregate_no_process_policy_2026-05-12.md
audit,Taiji_Governance/policies/information_custodian_accountability_statement_2026-05-11.md
audit,Taiji_Governance/policies/member_identity_classification_policy_2026-05-12.md
audit,Taiji_Governance/policies/member_information_sealed_vault_policy_2026-05-11.md
audit,Taiji_Governance/policies/member_information_vault_d_drive_policy_2026-05-11.md
audit,Taiji_Governance/policies/metric_accounting_no_delete_policy_2026-05-12.md
audit,Taiji_Governance/policies/metric_information_audit_watermark_policy_2026-05-12.md
audit,Taiji_Governance/policies/non_sensitive_vector_data_product_policy_2026-05-11.md
audit,Taiji_Governance/policies/odoo_adi_account_visibility_policy_2026-05-12.md
audit,Taiji_Governance/policies/pre_activation_sanitize_rotate_policy_2026-05-11.md
audit,Taiji_Governance/policies/public_account_subject_visible_summary_policy_2026-05-12.md
audit,Taiji_Governance/policies/public_interest_academic_research_data_policy_2026-05-11.md
audit,Taiji_Governance/policies/system_host_write_boundary_policy_2026-05-12.md
audit,Taiji_Governance/policies/unique_ai_window_partition_policy_2026-05-12.md
audit,Taiji_Governance/policies/wuchang_domain_governance_mesh_policy_2026-05-11.md
audit,Taiji_Governance/progress/completion_dashboard_blocks_2026-05-11.md
audit,Taiji_Governance/progress/document_archive_mode_update_2026-05-11.md
audit,Taiji_Governance/progress/progress.md
audit,Taiji_Governance/progress/taiji01_topology_brain_transfer_progress_2026-05-14.md
audit,Taiji_Governance/progress/taiji_hub_architecture_completion_dashboard_v2026-05-11.md
audit,Taiji_Governance/reports/effective_files_redteam_review_2026-05-12.md
audit,Taiji_Governance/reports/full_system_scan_2026-05-13.md
audit,Taiji_Governance/reports/local_workspace_inventory_20260510_191056.md
audit,Taiji_Governance/reports/odoo_container_community_feature_read_2026-05-12.md
audit,Taiji_Governance/runtime/ai_usage/usage_routing_policy.yaml
audit,Taiji_Governance/runtime/deadbox/deadbox_restore_policy.md
audit,Taiji_Governance/runtime/deadbox/deadbox_runtime.md
audit,Taiji_Governance/runtime/delivery_map_2026-05-12/container_audit_report.md
audit,Taiji_Governance/runtime/delivery_map_2026-05-12/evidence_chain.json
audit,Taiji_Governance/runtime/delivery_map_2026-05-12/governance_risk_register.md
audit,Taiji_Governance/runtime/delivery_map_2026-05-12/runtime_bootstrap.yaml
audit,Taiji_Governance/runtime/distributed/distributed_reconciliation.md
audit,Taiji_Governance/runtime/distributed/governance_recovery_policy.md
audit,Taiji_Governance/runtime/enforcement/execution_boundary_policy.md
audit,Taiji_Governance/runtime/enforcement/governance_interceptor.md
audit,Taiji_Governance/runtime/enforcement/runtime_enforcement.md
audit,Taiji_Governance/runtime/identity/runtime_identity_layer.md
audit,Taiji_Governance/runtime/identity/trust_boundary_runtime.md
audit,Taiji_Governance/runtime/multimodal/multimodal_tensor_flow.md
audit,Taiji_Governance/runtime/multimodal/voice_browser_runtime_policy_2026-05-13.md
audit,Taiji_Governance/runtime/non_linguistic/non_linguistic_runtime.md
audit,Taiji_Governance/runtime/non_linguistic/tensor_state_mapping.md
audit,Taiji_Governance/runtime/packet/formal_event_flow.md
audit,Taiji_Governance/runtime/packet/packet_lifecycle.md
audit,Taiji_Governance/runtime/packet/packet_lineage_runtime.md
audit,Taiji_Governance/runtime/packet/tensor_packet_schema.yaml
audit,Taiji_Governance/runtime/plaintext_free/context_restore_policy.md
audit,Taiji_Governance/runtime/plaintext_free/plaintext_free_runtime.md
audit,Taiji_Governance/runtime/plaintext_free/runtime_context_boundary.md
audit,Taiji_Governance/runtime/reconciliation/deployment_artifact_generation_report.md
audit,Taiji_Governance/runtime/reconciliation/existing_file_reconciliation_list.md
audit,Taiji_Governance/runtime/reconciliation/formal_notation_refactor_report.md
audit,Taiji_Governance/runtime/reconciliation/governance_gap_report.md
audit,Taiji_Governance/runtime/reconciliation/missing_runtime_report.md
audit,Taiji_Governance/runtime/reconciliation/replay_deadbox_risk_matrix.md
audit,Taiji_Governance/runtime/reconciliation/runtime_completion_matrix.md
audit,Taiji_Governance/runtime/reconciliation/runtime_enforcement_recommendations.md
audit,Taiji_Governance/runtime/replay/replay_index_schema.yaml
audit,Taiji_Governance/runtime/replay/replay_runtime.md
audit,Taiji_Governance/schemas/community_industry_revenue_use.schema.json
audit,Taiji_Governance/schemas/group_member_aggregate_mapping.schema.json
audit,Taiji_Governance/schemas/member_vault_unseal_event.schema.json
audit,Taiji_Governance/schemas/metric_information_audit_watermark.schema.json
audit,Taiji_Governance/schemas/non_sensitive_vector_data_license.schema.json
audit,Taiji_Governance/schemas/odoo_adi_account_visibility.schema.json
audit,Taiji_Governance/schemas/public_interest_research_data_use.schema.json
audit,Taiji_Governance/snapshots/git_safety_20260510_190035/git_status_before.txt
audit,Taiji_Governance/snapshots/mvp_safe/20260518T110908_+0800/mvp_exclusion_policy_zh.md
audit,Taiji_Governance/snapshots/mvp_safe/20260518T110908_+0800/mvp_persistence_anchor.md
audit,Taiji_Governance/snapshots/mvp_safe/20260518T110908_+0800/wuchang_taiji_operational_topology_v0_2.md
audit,Taiji_Governance/snapshots/savepoint_20260513T033438+0800_renyi_volunteer_backend/untracked_files.patch
audit,Taiji_Governance/snapshots/savepoint_20260514T043034+0800/files/runtime_adapters/taiji01_metric_identity_gateway.py
audit,Taiji_Governance/snapshots/savepoint_20260514T043034+0800/files/site/taiji_system_dashboard/index.html
audit,Taiji_Governance/snapshots/savepoint_20260514T043034+0800/files/site/taiji_system_dashboard/refresh_dashboard_state.py
audit,Taiji_Governance/snapshots/savepoint_20260514T043034+0800/reports/git_status_short.txt
audit,Taiji_Governance/snapshots/snapshot_20260512T180017+0800/git_status_short.txt
audit,Taiji_Governance/snapshots/snapshot_20260512T180017+0800/snapshot_filelist.txt
audit,Taiji_Governance/system_info/active_data_processing_principles.manifest.json
audit,Taiji_Governance/system_info/active_data_processing_principles_2026-05-12.md
audit,Taiji_Governance/system_info/active_host_node_role_boundary.manifest.json
audit,Taiji_Governance/system_info/active_intent_flow_cache_policy.manifest.json
audit,Taiji_Governance/system_info/active_intent_flow_cache_policy_2026-05-12.md
audit,Taiji_Governance/system_info/active_unique_ai_window_partition.manifest.json
audit,Taiji_Governance/system_info/admin_authorization_window_2026-05-12.md
audit,Taiji_Governance/system_info/break_glass_recovery_policy.md
audit,Taiji_Governance/system_info/business_entity_subject_mapping.manifest.json
audit,Taiji_Governance/system_info/community_branch_group_member_mapping.manifest.json
audit,Taiji_Governance/system_info/community_branch_group_member_mapping_2026-05-12.md
audit,Taiji_Governance/system_info/dependency_links_2026-05-12.csv
audit,Taiji_Governance/system_info/dependency_relocation_plan_2026-05-12.jsonl
audit,Taiji_Governance/system_info/dependency_relocation_verify_2026-05-12.jsonl
audit,Taiji_Governance/system_info/distributed_admin_authority_sync.manifest.json
audit,Taiji_Governance/system_info/host_restructure/taiji01_host_inventory_20260511T170226Z.jsonl
audit,Taiji_Governance/system_info/local_machine_gateway_control.manifest.json
audit,Taiji_Governance/system_info/local_machine_gateway_control_2026-05-13.md
audit,Taiji_Governance/system_info/member_identity_classification.manifest.json
audit,Taiji_Governance/system_info/model_artifact_cold_hot_mapping_2026-05-12.md
audit,Taiji_Governance/system_info/model_name_window_interface.manifest.json
audit,Taiji_Governance/system_info/model_name_window_interface_2026-05-13.md
audit,Taiji_Governance/system_info/obsidian_ai_window_memory_vault.manifest.json
audit,Taiji_Governance/system_info/obsidian_ai_window_memory_vault_2026-05-14.md
audit,Taiji_Governance/system_info/odoo_account_role_mapping.manifest.json
audit,Taiji_Governance/system_info/odoo_account_role_mapping_2026-05-12.md
audit,Taiji_Governance/system_info/owner_multi_governance_identity_record.manifest.json
audit,Taiji_Governance/system_info/owner_multi_governance_identity_record_2026-05-12.md
audit,Taiji_Governance/system_info/taiji01_dual_identity_record.manifest.json
audit,Taiji_Governance/system_info/taiji01_dual_identity_record_2026-05-12.md
audit,Taiji_Governance/system_info/vpn_node_declaration_2026-05-14.json
audit,Taiji_Governance/system_info/vpn_node_declaration_2026-05-14.md
audit,Taiji_Governance/system_info/wuchang_life_system_scope_nodes.manifest.json
audit,Taiji_Governance/system_info/wuchang_life_system_scope_nodes_2026-05-13.md
audit,Taiji_Governance/taiji01_server_truth_packet_20260531_210853.md
audit,Taiji_Governance/task_force/task_force_dispatch_manifest_2026-05-12.json
audit,Taiji_Governance/total_field_duplicate_development_audit_20260531_225228.md
audit,Taiji_Governance/worklist/worklist.md
audit,Taiji_Odoo/addons/PM3_SYSTEM_STATUS_INVENTORY.md
audit,Taiji_Odoo/addons/pm3_base/controllers/edge_api.py
audit,Taiji_Odoo/addons/pm3_base/controllers/edge_api.py.bak
audit,Taiji_Odoo/addons/pm3_base/models/packet_history.py
audit,Taiji_Odoo/addons/pm3_runtime_sync.bak./models/res_users_proxy.py
audit,Taiji_Odoo/addons/pm3_runtime_sync/models/res_users_proxy.py
audit,Taiji_Odoo/addons/wuchang_core/controllers/main.py
audit,Taiji_Odoo/addons/wuchang_core/models/mail_bot.py
audit,Taiji_Odoo/addons/wuchang_core/models/system_tools.py
audit,Taiji_Odoo/addons/wuchang_core/views/system_tools_views.xml
audit,Taiji_Odoo/addons/wuchang_property_local_cloud/models/wuchang_property.py
audit,Taiji_Odoo/addons/wuchang_property_local_cloud/views/wuchang_property_views.xml
audit,W7TP_FIELD_ATLAS/61_sub_universe_element_index_v0_2.yaml
audit,W7TP_FIELD_ATLAS/8d_policies/W7TP_8D_IDENTITY_USE_POLICY_V1.yaml
audit,W7TP_FIELD_ATLAS/addon_market/W7TP_STANDARD_ADDON_MARKET_POLICY_V1.yaml
audit,W7TP_FIELD_ATLAS/audit_policies/W7TP_ACCOUNTABILITY_AUDIT_POLICY_V1.yaml
audit,W7TP_FIELD_ATLAS/committee_rules/W7TP_COMMITTEE_LAWFUL_PLAINTEXT_REQUEST_RULE_V1.yaml
audit,W7TP_FIELD_ATLAS/contact_policies/W7TP_MEMBER_CONTACT_APPROVAL_POLICY_V1.yaml
audit,W7TP_FIELD_ATLAS/dev_specs/W7TP_8D_IDENTITY_DEV_SPEC_V1.yaml
audit,W7TP_FIELD_ATLAS/device_loss/W7TP_MEMBER_DEVICE_LOSS_RECOVERY_FLOW_V1.yaml
audit,W7TP_FIELD_ATLAS/disaster_recovery/W7TP_THIRD_PARTY_PHYSICAL_CUSTODY_POLICY_V1.yaml
audit,W7TP_FIELD_ATLAS/emergency_care/W7TP_EMERGENCY_CARE_DISCLOSURE_RULE_V1.yaml
audit,W7TP_FIELD_ATLAS/feature_compare/module_feature_matrix_20260531_225818.csv
audit,W7TP_FIELD_ATLAS/function_universes/SU_MEMBER_PRIVACY_FUNCTION_UNIVERSE_V1.yaml
audit,W7TP_FIELD_ATLAS/human_review/W7TP_XIAOJ_HUMAN_REVIEW_QUEUE_RULE_V1.yaml
audit,W7TP_FIELD_ATLAS/key_custody/W7TP_THREE_KEY_CUSTODY_OPERATION_RULE_V1.yaml
audit,W7TP_FIELD_ATLAS/module_maps/W7TP_GOVERNED_HIVE_MODULE_MAP_V1.yaml
audit,W7TP_FIELD_ATLAS/module_mounts/WUCHANG_MODULE_TO_SUB_UNIVERSE_MOUNT_MAP_V1.yaml
audit,W7TP_FIELD_ATLAS/node_credit/W7TP_NODE_CREDIT_METRIC_V1.yaml
audit,W7TP_FIELD_ATLAS/node_enforcement/W7TP_NODE_ENFORCEMENT_POLICY_V1.yaml
audit,W7TP_FIELD_ATLAS/node_onboarding/W7TP_GROUP_MEMBER_NODE_ONBOARDING_FLOW_V1.yaml
audit,W7TP_FIELD_ATLAS/odoo_container_file_universe_v0_1.yaml
audit,W7TP_FIELD_ATLAS/plaintext_policies/W7TP_PLAINTEXT_CLAIM_REVIEW_POLICY_V1.yaml
audit,W7TP_FIELD_ATLAS/registries/WUCHANG_UNIVERSE_TOTAL_FIELD_REGISTRY_V2.yaml
audit,W7TP_FIELD_ATLAS/registry_reports/latest_duplicate_development_audit.md
audit,W7TP_FIELD_ATLAS/revenue_sharing/W7TP_GROUP_MEMBER_REVENUE_SHARING_RULE_V1.yaml
audit,W7TP_FIELD_ATLAS/runtime_status/latest_startup_state_packet.yaml
audit,W7TP_FIELD_ATLAS/runtime_status/startup_state_packet_20260531_201634.yaml
audit,W7TP_FIELD_ATLAS/schemas/8d_identity_packet.schema.yaml
audit,W7TP_FIELD_ATLAS/schemas/blind_ai_subscription_packet.schema.yaml
audit,W7TP_FIELD_ATLAS/schemas/contact_approval_packet.schema.yaml
audit,W7TP_FIELD_ATLAS/schemas/group_member_node_packet.schema.yaml
audit,W7TP_FIELD_ATLAS/schemas/plaintext_claim_packet.schema.yaml
audit,W7TP_FIELD_ATLAS/service_flows/W7TP_MERCHANT_CONTACT_SERVICE_FLOW_V1.yaml
audit,W7TP_FIELD_ATLAS/service_rules/W7TP_SERVICE_RESULT_ONLY_RULE_V1.yaml
audit,W7TP_FIELD_ATLAS/sub_universes/SU_12_INTENT_STATE_FIELD_V1.yaml
audit,W7TP_FIELD_ATLAS/sub_universes/SU_ECONOMIC_BLOODMAKING_UNIVERSE_V1.yaml
audit,W7TP_FIELD_ATLAS/subscription_models/W7TP_PRIVACY_AI_SUBSCRIPTION_MODEL_V1.yaml
audit,W7TP_FIELD_ATLAS/task_boards/W7TP_GOVERNED_HIVE_TASK_BOARD_V1.yaml
human_review,Taiji_Governance/architecture/layers_standards.yml
human_review,Taiji_Governance/auto_push_or_archive_20260531_223533.md
human_review,Taiji_Governance/backups/workspace_merge_review_20260514T025322+0800/from_windows_conflicts/Taiji_Governance/integrations/odoo_google_nonprofit_mail_bridge_manifest.json
human_review,Taiji_Governance/focused_governed_hive_push_20260531_223427.md
human_review,Taiji_Governance/full_system_module_feature_compare_20260531_225818.md
human_review,Taiji_Governance/integrations/member_five_code_odoo_google_provisioning_manifest.json
human_review,Taiji_Governance/integrations/odoo_google_nonprofit_mail_bridge_manifest.json
human_review,Taiji_Governance/logs/member_identity_classification_2026-05-12.jsonl
human_review,Taiji_Governance/runtime/delivery_map_2026-05-12/runtime_bootstrap.yaml
human_review,Taiji_Governance/runtime/replay/replay_runtime.md
human_review,Taiji_Governance/schemas/odoo_adi_account_visibility.schema.json
human_review,Taiji_Governance/snapshots/savepoint_20260513T033438+0800_renyi_volunteer_backend/untracked_files.patch
human_review,Taiji_Governance/system_error_correction_plan_20260531_203119.md
human_review,Taiji_Governance/system_info/finance_accounting_review_packet.manifest.json
human_review,Taiji_Governance/system_info/member_identity_classification.manifest.json
human_review,Taiji_Governance/system_info/model_artifact_cold_hot_mapping_2026-05-12.md
human_review,Taiji_Governance/system_info/model_artifact_manifest_2026-05-12.jsonl
human_review,Taiji_Governance/taiji01_server_truth_packet_20260531_210853.md
human_review,Taiji_Governance/total_field_duplicate_development_audit_20260531_225228.md
human_review,W7TP_FIELD_ATLAS/21_knowledge_world_index.yaml
human_review,W7TP_FIELD_ATLAS/28_state_world_router_boundary.yaml
human_review,W7TP_FIELD_ATLAS/35_state_world_router_spec_v0.yaml
human_review,W7TP_FIELD_ATLAS/36_memory_boot_map_v0.yaml
human_review,W7TP_FIELD_ATLAS/61_sub_universe_element_index_v0_2.yaml
human_review,W7TP_FIELD_ATLAS/ai_service/W7TP_BLIND_AI_SERVICE_FUNCTION_UNIVERSE_V1.yaml
human_review,W7TP_FIELD_ATLAS/dead_letter/WUCHANG_UNREGISTERED_ROUTE_DEAD_LETTER_POLICY_V1.yaml
human_review,W7TP_FIELD_ATLAS/delegation/W7TP_MEMBER_DELEGATION_AUTHORITY_RULE_V1.yaml
human_review,W7TP_FIELD_ATLAS/dependency_graphs/W7TP_MODULE_DEPENDENCY_GRAPH_V1.yaml
human_review,W7TP_FIELD_ATLAS/dev_specs/W7TP_8D_IDENTITY_DEV_SPEC_V1.yaml
human_review,W7TP_FIELD_ATLAS/device_loss/W7TP_MEMBER_DEVICE_LOSS_RECOVERY_FLOW_V1.yaml
human_review,W7TP_FIELD_ATLAS/disaster_recovery/W7TP_THIRD_PARTY_PHYSICAL_CUSTODY_POLICY_V1.yaml
human_review,W7TP_FIELD_ATLAS/drift_detector_plans/W7TP_DRIFT_DETECTOR_V1.yaml
human_review,W7TP_FIELD_ATLAS/emergency_care/W7TP_EMERGENCY_CARE_DISCLOSURE_RULE_V1.yaml
human_review,W7TP_FIELD_ATLAS/feature_compare/module_feature_matrix_20260531_225818.csv
human_review,W7TP_FIELD_ATLAS/gei_context/W7TP_GEI_CONTEXT_FIELD_V1.yaml
human_review,W7TP_FIELD_ATLAS/gei_context/W7TP_GEI_CONTEXT_PACKET_SCHEMA_V1.yaml
human_review,W7TP_FIELD_ATLAS/gei_context/W7TP_GEI_CONTEXT_ROUTING_RULE_V1.yaml
human_review,W7TP_FIELD_ATLAS/gei_context/W7TP_GEI_REGISTRATION_ASSISTANT_RULE_V1.yaml
human_review,W7TP_FIELD_ATLAS/governance_routes/WUCHANG_FIELD_GOVERNANCE_ROUTE_TABLE_V1.yaml
human_review,W7TP_FIELD_ATLAS/human_review/W7TP_XIAOJ_HUMAN_REVIEW_QUEUE_RULE_V1.yaml
human_review,W7TP_FIELD_ATLAS/lifecycle_policies/W7TP_UNIVERSE_LIFECYCLE_POLICY_V1.yaml
human_review,W7TP_FIELD_ATLAS/linter_plans/W7TP_NO_SECRET_LINTER_PLAN_V1.yaml
human_review,W7TP_FIELD_ATLAS/module_maps/W7TP_GOVERNED_HIVE_MODULE_MAP_V1.yaml
human_review,W7TP_FIELD_ATLAS/module_mounts/WUCHANG_MODULE_TO_SUB_UNIVERSE_MOUNT_MAP_V1.yaml
human_review,W7TP_FIELD_ATLAS/node_credit/W7TP_NODE_CREDIT_METRIC_V1.yaml
human_review,W7TP_FIELD_ATLAS/node_enforcement/W7TP_NODE_ENFORCEMENT_POLICY_V1.yaml
human_review,W7TP_FIELD_ATLAS/node_onboarding/W7TP_GROUP_MEMBER_NODE_ONBOARDING_FLOW_V1.yaml
human_review,W7TP_FIELD_ATLAS/node_policies/W7TP_GROUP_MEMBER_NODE_POLICY_V1.yaml
human_review,W7TP_FIELD_ATLAS/odoo_no_plaintext_member_universe_v1.yaml
human_review,W7TP_FIELD_ATLAS/odoo_refactor_plans/PM3_RUNTIME_SYNC_SPLIT_PLAN_V1.yaml
human_review,W7TP_FIELD_ATLAS/registration_rules/WUCHANG_REGISTRATION_FIRST_RULE_V1.yaml
human_review,W7TP_FIELD_ATLAS/registry_reports/latest_duplicate_development_audit.md
human_review,W7TP_FIELD_ATLAS/schemas/plaintext_claim_packet.schema.yaml
human_review,W7TP_FIELD_ATLAS/service_rules/W7TP_SERVICE_RESULT_ONLY_RULE_V1.yaml
human_review,W7TP_FIELD_ATLAS/sub_universes/SU_12_INTENT_STATE_FIELD_V1.yaml
human_review,W7TP_FIELD_ATLAS/subscription_models/W7TP_PRIVACY_AI_SUBSCRIPTION_MODEL_V1.yaml
human_review,W7TP_FIELD_ATLAS/sync_plans/W7TP_TWIN_SYNC_ERROR_CORRECTION_PLAN_V2.yaml
human_review,W7TP_FIELD_ATLAS/task_boards/W7TP_GOVERNED_HIVE_TASK_BOARD_V1.yaml
drift,Taiji_Governance/architecture/layers_standards.yml
drift,Taiji_Governance/architecture/snapshot_scoring_window_policy_zh.md
drift,Taiji_Governance/auto_push_or_archive_20260531_223533.md
drift,Taiji_Governance/backups/workspace_merge_review_20260514T025322+0800/from_windows_conflicts/Taiji_Governance/integrations/odoo_google_nonprofit_mail_bridge_manifest.json
drift,Taiji_Governance/deployments/tailscale_preflight_record.json
drift,Taiji_Governance/economy/community_micro_economy_manifest_2026-05-12.json
drift,Taiji_Governance/economy/sovereign_economic_engine_v8_manifest_2026-05-12.json
drift,Taiji_Governance/focused_governed_hive_push_20260531_223427.md
drift,Taiji_Governance/full_system_module_feature_compare_20260531_225818.md
drift,Taiji_Governance/identity/multi_governance_identity.md
drift,Taiji_Governance/integrations/member_five_code_odoo_google_provisioning_manifest.json
drift,Taiji_Governance/integrations/odoo_google_nonprofit_mail_bridge_manifest.json
drift,Taiji_Governance/logs/business_entity_subject_mapping_2026-05-12.jsonl
drift,Taiji_Governance/logs/community_micro_economy_strategy_ingest_2026-05-12.jsonl
drift,Taiji_Governance/logs/effective_files_redteam_review_2026-05-12.jsonl
drift,Taiji_Governance/logs/full_system_scan_2026-05-13.jsonl
drift,Taiji_Governance/logs/member_identity_classification_2026-05-12.jsonl
drift,Taiji_Governance/logs/odoo_container_community_feature_read_2026-05-12.jsonl
drift,Taiji_Governance/logs/post_migration_predictive_verification_2026-05-14.jsonl
drift,Taiji_Governance/logs/sovereign_economic_engine_v8_ingest_2026-05-12.jsonl
drift,Taiji_Governance/logs/task_force_dispatch_policy_2026-05-12.jsonl
drift,Taiji_Governance/logs/vpn_node_declaration_2026-05-14.jsonl
drift,Taiji_Governance/policies/development_no_permission_friction_policy_2026-05-11.md
drift,Taiji_Governance/policies/member_identity_classification_policy_2026-05-12.md
drift,Taiji_Governance/policies/metric_accounting_no_delete_policy_2026-05-12.md
drift,Taiji_Governance/policies/unique_ai_window_partition_policy_2026-05-12.md
drift,Taiji_Governance/progress/document_archive_mode_update_2026-05-11.md
drift,Taiji_Governance/progress/progress.md
drift,Taiji_Governance/reports/effective_files_redteam_review_2026-05-12.md
drift,Taiji_Governance/reports/odoo_container_community_feature_read_2026-05-12.md
drift,Taiji_Governance/rescue_snapshots/README.md
drift,Taiji_Governance/runtime/deadbox/deadbox_runtime.md
drift,Taiji_Governance/runtime/reconciliation/deployment_artifact_generation_report.md
drift,Taiji_Governance/runtime/reconciliation/existing_file_reconciliation_list.md
drift,Taiji_Governance/runtime/reconciliation/formal_notation_audit_record.jsonl
drift,Taiji_Governance/runtime/reconciliation/formal_notation_refactor_report.md
drift,Taiji_Governance/runtime/reconciliation/governance_gap_report.md
drift,Taiji_Governance/snapshots/snapshot_20260512T180017+0800/snapshot_filelist.txt
drift,Taiji_Governance/system_info/dependency_links_2026-05-12.csv
drift,Taiji_Governance/system_info/dependency_relocation_plan_2026-05-12.jsonl
drift,Taiji_Governance/system_info/dependency_relocation_verify_2026-05-12.jsonl
drift,Taiji_Governance/system_info/host_restructure/taiji01_host_inventory_20260511T170226Z.jsonl
drift,Taiji_Governance/system_info/model_artifact_cold_hot_mapping_2026-05-12.md
drift,Taiji_Governance/system_info/vpn_node_declaration_2026-05-14.json
drift,Taiji_Governance/task_force/task_force_dispatch_manifest_2026-05-12.json
drift,Taiji_Governance/total_field_duplicate_development_audit_20260531_225228.md
drift,Taiji_Governance/worklist/worklist.md
drift,W7TP_FIELD_ATLAS/00_supreme_intent_field_principle_v1.md
drift,W7TP_FIELD_ATLAS/02_governed_hive_master_index.yaml
drift,W7TP_FIELD_ATLAS/audit_policies/W7TP_ACCOUNTABILITY_AUDIT_POLICY_V1.yaml
drift,W7TP_FIELD_ATLAS/dependency_graphs/W7TP_MODULE_DEPENDENCY_GRAPH_V1.yaml
drift,W7TP_FIELD_ATLAS/drift_detector_plans/W7TP_DRIFT_DETECTOR_V1.yaml
drift,W7TP_FIELD_ATLAS/events/W7TP_FIELD_DRIFT_20260531.yaml
drift,W7TP_FIELD_ATLAS/feature_compare/module_feature_matrix_20260531_225818.csv
drift,W7TP_FIELD_ATLAS/function_maps/WUCHANG_FUNCTION_TO_MODULE_MAP_V1.yaml
drift,W7TP_FIELD_ATLAS/gei_context/W7TP_GEI_CONTEXT_FIELD_V1.yaml
drift,W7TP_FIELD_ATLAS/gei_context/W7TP_GEI_CONTEXT_PACKET_SCHEMA_V1.yaml
drift,W7TP_FIELD_ATLAS/governance_routes/WUCHANG_FIELD_GOVERNANCE_ROUTE_TABLE_V1.yaml
drift,W7TP_FIELD_ATLAS/lifecycle_policies/W7TP_UNIVERSE_LIFECYCLE_POLICY_V1.yaml
drift,W7TP_FIELD_ATLAS/module_maps/W7TP_GOVERNED_HIVE_MODULE_MAP_V1.yaml
drift,W7TP_FIELD_ATLAS/module_mounts/WUCHANG_MODULE_TO_SUB_UNIVERSE_MOUNT_MAP_V1.yaml
drift,W7TP_FIELD_ATLAS/namespace_policies/WUCHANG_NAMESPACE_CANONICAL_POLICY_V1.yaml
drift,W7TP_FIELD_ATLAS/node_credit/W7TP_NODE_CREDIT_METRIC_V1.yaml
drift,W7TP_FIELD_ATLAS/odoo_refactor_plans/PM3_RUNTIME_SYNC_SPLIT_PLAN_V1.yaml
drift,W7TP_FIELD_ATLAS/registry_reports/latest_duplicate_development_audit.md
drift,W7TP_FIELD_ATLAS/registry_validators/WUCHANG_REGISTRY_INTEGRITY_VALIDATOR_V1.yaml
drift,W7TP_FIELD_ATLAS/restructure_plans/W7TP_GOVERNED_HIVE_RESTRUCTURE_V1.yaml
drift,W7TP_FIELD_ATLAS/sub_universes/SU_TWIN_SYNC_UNIVERSE_V1.yaml
drift,W7TP_FIELD_ATLAS/sync_plans/W7TP_TWIN_SYNC_ERROR_CORRECTION_PLAN_V2.yaml
drift,W7TP_FIELD_ATLAS/task_boards/W7TP_GOVERNED_HIVE_TASK_BOARD_V1.yaml
drift,W7TP_FIELD_ATLAS/validation_plans/W7TP_MODULE_SPLIT_SANDBOX_VALIDATION_V1.yaml
sync,Taiji_Governance/actual_odoo_db_identification_20260531_220929.md
sync,Taiji_Governance/architecture/layers_standards.yml
sync,Taiji_Governance/architecture/wuchang_taiji_operational_topology_v0_2.md
sync,Taiji_Governance/auto_push_or_archive_20260531_223533.md
sync,Taiji_Governance/backups/workspace_merge_review_20260514T025322+0800/README.md
sync,Taiji_Governance/backups/workspace_merge_review_20260514T025322+0800/from_windows_conflicts/legacy_core/taiji_8_0_api_gateway.py
sync,Taiji_Governance/backups/workspace_merge_review_20260514T025322+0800/from_windows_conflicts/legacy_core/wuchang_llm_core.py
sync,Taiji_Governance/economy/community_micro_economy_manifest_2026-05-12.json
sync,Taiji_Governance/economy/sovereign_economic_engine_v8_manifest_2026-05-12.json
sync,Taiji_Governance/focused_governed_hive_push_20260531_223427.md
sync,Taiji_Governance/full_system_module_feature_compare_20260531_225818.md
sync,Taiji_Governance/logs/active_workspace_lock_2026-05-12.jsonl
sync,Taiji_Governance/logs/dependency_relocation_apply_2026-05-12.jsonl
sync,Taiji_Governance/logs/distributed_admin_authority_sync_2026-05-12.jsonl
sync,Taiji_Governance/logs/model_artifact_manifest_2026-05-12.jsonl
sync,Taiji_Governance/logs/msi_linux_native_migration_2026-05-12.jsonl
sync,Taiji_Governance/logs/odoo_module_upgrade/wuchang_core_upgrade_20260513T185500+0800.log
sync,Taiji_Governance/notices/msi_linux_native_migration_notice_20260512_025032.txt
sync,Taiji_Governance/notices/msi_linux_native_migration_notice_latest.txt
sync,Taiji_Governance/pm3_runtime_sync_source_truth_20260531_200753.md
sync,Taiji_Governance/policies/host_node_role_boundary_policy_2026-05-12.md
sync,Taiji_Governance/progress/progress.md
sync,Taiji_Governance/rebuild_execution_plan_20260531_211223.md
sync,Taiji_Governance/reports/post_migration_predictive_verification_2026-05-14.md
sync,Taiji_Governance/runtime/packet/tensor_packet_schema.yaml
sync,Taiji_Governance/sandbox_validation_pm3_runtime_sync_20260531_203905.md
sync,Taiji_Governance/snapshots/mvp_safe/20260518T110908_+0800/wuchang_taiji_operational_topology_v0_2.md
sync,Taiji_Governance/snapshots/savepoint_20260513T033438+0800_renyi_volunteer_backend/untracked_files.patch
sync,Taiji_Governance/snapshots/savepoint_20260514T043034+0800/files/site/taiji_system_dashboard/index.html
sync,Taiji_Governance/snapshots/snapshot_20260512T180017+0800/snapshot_filelist.txt
sync,Taiji_Governance/system_error_correction_plan_20260531_203119.md
sync,Taiji_Governance/system_info/active_intent_flow_cache_policy_2026-05-12.md
sync,Taiji_Governance/system_info/active_workspace.manifest.json
sync,Taiji_Governance/system_info/admin_authorization_window_2026-05-12.md
sync,Taiji_Governance/system_info/dependency_links_2026-05-12.csv
sync,Taiji_Governance/system_info/dependency_relocation_plan_2026-05-12.jsonl
sync,Taiji_Governance/system_info/dependency_relocation_plan_2026-05-12.md
sync,Taiji_Governance/system_info/distributed_admin_authority_sync.manifest.json
sync,Taiji_Governance/system_info/host_restructure/taiji01_host_inventory_20260511T170226Z.jsonl
sync,Taiji_Governance/system_info/model_artifact_cold_hot_mapping_2026-05-12.md
sync,Taiji_Governance/system_info/model_artifact_manifest_2026-05-12.jsonl
sync,Taiji_Governance/system_info/model_artifact_manifest_2026-05-12.md
sync,Taiji_Governance/system_info/msi_linux_native_migration_status.manifest.json
sync,Taiji_Governance/system_info/vpn_node_declaration_2026-05-14.json
sync,Taiji_Governance/system_info/wuchang_jurisdiction_coordinate_seed.manifest.json
sync,Taiji_Governance/system_info/wuchang_life_system_scope_nodes_2026-05-13.md
sync,Taiji_Governance/taiji01_server_truth_packet_20260531_210853.md
sync,Taiji_Governance/total_field_duplicate_development_audit_20260531_225228.md
sync,Taiji_Governance/worklist/worklist.md
sync,Taiji_Governance/wuchang_universe_misplaced_file_packet_20260531_200715.md
sync,Taiji_Odoo/addons/pm3_runtime_sync.bak./__manifest__.py
sync,Taiji_Odoo/addons/pm3_runtime_sync.bak./models/pm3_memory_index.py
sync,Taiji_Odoo/addons/pm3_runtime_sync.bak./views/pm3_memory_index_views.xml
sync,Taiji_Odoo/addons/pm3_runtime_sync/__manifest__.py
sync,Taiji_Odoo/addons/pm3_runtime_sync/models/pm3_memory_index.py
sync,Taiji_Odoo/addons/pm3_runtime_sync/views/pm3_memory_index_views.xml
sync,Taiji_Odoo/addons/wuchang_core/controllers/device_enrollment_controller.py
sync,Taiji_Odoo/addons/wuchang_core/controllers/device_enrollment_controller.py.backup
sync,Taiji_Odoo/addons/wuchang_core/controllers/main.py
sync,Taiji_Odoo/addons/wuchang_core/data/sync_balance_action.xml
sync,Taiji_Odoo/addons/wuchang_core/models/sister_control.py
sync,Taiji_Odoo/addons/wuchang_core/models/ui_proxy.py
sync,Taiji_Odoo/addons/wuchang_core/models/ui_proxy.py.backup
sync,Taiji_Odoo/addons/wuchang_core/scripts/knowledge_sync_agent.py
sync,Taiji_Odoo/addons/wuchang_core/scripts/setup_vm.sh
sync,Taiji_Odoo/addons/wuchang_core/static/src/js/delivery_rider.js
sync,Taiji_Odoo/addons/wuchang_core/views/brother_console.xml
sync,Taiji_Odoo/addons/wuchang_core/views/pos_simulator.xml
sync,Taiji_Odoo/addons/wuchang_core/views/sister_control_views.xml
sync,Taiji_Odoo/addons/wuchang_knowledge_sync/__manifest__.py
sync,Taiji_Odoo/addons/wuchang_knowledge_sync/models/__init__.py
sync,Taiji_Odoo/addons/wuchang_knowledge_sync/models/wuchang_knowledge_sync.py
sync,Taiji_Odoo/addons/wuchang_knowledge_sync/views/wuchang_knowledge_sync_views.xml
sync,W7TP_FIELD_ATLAS/01_universe_registry.yaml
sync,W7TP_FIELD_ATLAS/02_governed_hive_master_index.yaml
sync,W7TP_FIELD_ATLAS/ai_service/W7TP_BLIND_AI_SERVICE_FUNCTION_UNIVERSE_V1.yaml
sync,W7TP_FIELD_ATLAS/dependency_graphs/W7TP_MODULE_DEPENDENCY_GRAPH_V1.yaml
sync,W7TP_FIELD_ATLAS/diff_packets/FINAL_SYNC_DIFF_PACKET_PM3_TO_TAIJI01_V1.yaml
sync,W7TP_FIELD_ATLAS/diff_packets/msi_vs_taiji01_odoo_diff_20260531_211223.yaml
sync,W7TP_FIELD_ATLAS/drift_detector_plans/W7TP_DRIFT_DETECTOR_V1.yaml
sync,W7TP_FIELD_ATLAS/events/W7TP_FIELD_DRIFT_20260531.yaml
sync,W7TP_FIELD_ATLAS/feature_compare/module_feature_matrix_20260531_225818.csv
sync,W7TP_FIELD_ATLAS/field_maps/WUCHANG_FIELD_TO_SUB_UNIVERSE_MAP_V1.yaml
sync,W7TP_FIELD_ATLAS/governance_routes/WUCHANG_FIELD_GOVERNANCE_ROUTE_TABLE_V1.yaml
sync,W7TP_FIELD_ATLAS/linter_plans/W7TP_NO_SECRET_LINTER_PLAN_V1.yaml
sync,W7TP_FIELD_ATLAS/module_maps/W7TP_GOVERNED_HIVE_MODULE_MAP_V1.yaml
sync,W7TP_FIELD_ATLAS/module_mounts/WUCHANG_MODULE_TO_SUB_UNIVERSE_MOUNT_MAP_V1.yaml
sync,W7TP_FIELD_ATLAS/odoo_container_file_universe_v0_1.yaml
sync,W7TP_FIELD_ATLAS/odoo_refactor_plans/PM3_RUNTIME_SYNC_SPLIT_PLAN_V1.yaml
sync,W7TP_FIELD_ATLAS/registration_rules/WUCHANG_REGISTRATION_FIRST_RULE_V1.yaml
sync,W7TP_FIELD_ATLAS/registries/WUCHANG_SUB_UNIVERSE_REGISTRY_V1.yaml
sync,W7TP_FIELD_ATLAS/registry_reports/latest_duplicate_development_audit.md
sync,W7TP_FIELD_ATLAS/restructure_plans/W7TP_GOVERNED_HIVE_RESTRUCTURE_V1.yaml
sync,W7TP_FIELD_ATLAS/rollback_plans/TAIJI01_PM3_ROLLBACK_POINT_PLAN_V1.yaml
sync,W7TP_FIELD_ATLAS/server_acceptance_reports/SERVER_ACCEPTANCE_REPORT_PM3_TO_TAIJI01_V1.yaml
sync,W7TP_FIELD_ATLAS/source_hash_ledger/pm3_runtime_sync_hash_ledger_20260531_211223.yaml
sync,W7TP_FIELD_ATLAS/sub_universes/SU_TWIN_SYNC_UNIVERSE_V1.yaml
sync,W7TP_FIELD_ATLAS/sync_plans/INBOUND_SYNC_PLAN_PM3_TO_TAIJI01_V1.yaml
sync,W7TP_FIELD_ATLAS/sync_plans/W7TP_TWIN_SYNC_ERROR_CORRECTION_PLAN_V2.yaml
sync,W7TP_FIELD_ATLAS/task_boards/W7TP_GOVERNED_HIVE_TASK_BOARD_V1.yaml
sync,W7TP_FIELD_ATLAS/validation_plans/W7TP_MODULE_SPLIT_SANDBOX_VALIDATION_V1.yaml
rollback,Taiji_Governance/architecture/layers_standards.yml
rollback,Taiji_Governance/auto_push_or_archive_20260531_223533.md
rollback,Taiji_Governance/backups/odoo_module_upgrade_20260513T185428+0800_wuchang_core/README.md
rollback,Taiji_Governance/backups/workspace_merge_review_20260514T025322+0800/from_windows_conflicts/Taiji_Governance/identity/digital_identity.yml
rollback,Taiji_Governance/backups/workspace_merge_review_20260514T025322+0800/from_windows_conflicts/Taiji_Governance/integrations/odoo_google_nonprofit_mail_bridge_manifest.json
rollback,Taiji_Governance/backups/workspace_merge_review_20260514T025322+0800/from_windows_conflicts/deploy/runtime/runtime_entry.py
rollback,Taiji_Governance/backups/workspace_merge_review_20260514T025322+0800/from_windows_conflicts/docs/taiji_hub_odoo_google_nonprofit_mail_bridge_zh.md
rollback,Taiji_Governance/baseline/README.md
rollback,Taiji_Governance/baseline/runtime_snapshot_20260510T103532Z.txt
rollback,Taiji_Governance/deployments/cafe_main_redeploy_status.md
rollback,Taiji_Governance/deployments/tailscale_deployment_manifest.json
rollback,Taiji_Governance/deployments/tailscale_rollback_plan.md
rollback,Taiji_Governance/economy/sovereign_economic_engine_v8_invariants_2026-05-12.md
rollback,Taiji_Governance/focused_governed_hive_push_20260531_223427.md
rollback,Taiji_Governance/full_system_module_feature_compare_20260531_225818.md
rollback,Taiji_Governance/identity/audit_scope_matrix.md
rollback,Taiji_Governance/identity/digital_identity.yml
rollback,Taiji_Governance/identity/human_decision_boundary.md
rollback,Taiji_Governance/identity/identity_architecture.md
rollback,Taiji_Governance/identity/identity_tensor_schema.yaml
rollback,Taiji_Governance/identity/odoo_identity_model.md
rollback,Taiji_Governance/identity/public_commercial_separation_policy.md
rollback,Taiji_Governance/identity/wuchang_association_legal_profile_2026-05-11.md
rollback,Taiji_Governance/identity/wuchang_association_legal_profile_v2_2026-05-11.md
rollback,Taiji_Governance/integrations/odoo_google_nonprofit_mail_bridge_manifest.json
rollback,Taiji_Governance/logs/audit.log
rollback,Taiji_Governance/logs/dashboard_update_2026-05-11.jsonl
rollback,Taiji_Governance/logs/data_processing_principles_activation_2026-05-12.jsonl
rollback,Taiji_Governance/logs/snapshot_rollback_2026-05-12.jsonl
rollback,Taiji_Governance/logs/taiji01_node_self_check_update_2026-05-14.jsonl
rollback,Taiji_Governance/notices/msi_linux_native_migration_notice_20260512_025032.txt
rollback,Taiji_Governance/notices/msi_linux_native_migration_notice_latest.txt
rollback,Taiji_Governance/notices/taiji01_new_boss_notice_20260512_031000.txt
rollback,Taiji_Governance/policies/community_association_data_authority_policy_2026-05-11.md
rollback,Taiji_Governance/policies/development_efficiency_first_policy_2026-05-11.md
rollback,Taiji_Governance/policies/document_version_archive_policy_2026-05-11.md
rollback,Taiji_Governance/policies/information_custodian_accountability_statement_2026-05-11.md
rollback,Taiji_Governance/policies/member_information_sealed_vault_policy_2026-05-11.md
rollback,Taiji_Governance/policies/member_information_vault_d_drive_policy_2026-05-11.md
rollback,Taiji_Governance/policies/metric_accounting_no_delete_policy_2026-05-12.md
rollback,Taiji_Governance/policies/pre_activation_sanitize_rotate_policy_2026-05-11.md
rollback,Taiji_Governance/policies/public_interest_academic_research_data_policy_2026-05-11.md
rollback,Taiji_Governance/policies/system_host_write_boundary_policy_2026-05-12.md
rollback,Taiji_Governance/policies/unique_ai_window_partition_policy_2026-05-12.md
rollback,Taiji_Governance/policies/wuchang_domain_governance_mesh_policy_2026-05-11.md
rollback,Taiji_Governance/progress/completion_dashboard_blocks_2026-05-11.md
rollback,Taiji_Governance/progress/document_archive_mode_update_2026-05-11.md
rollback,Taiji_Governance/progress/progress.md
rollback,Taiji_Governance/progress/taiji_hub_architecture_completion_dashboard_v2026-05-11.md
rollback,Taiji_Governance/rebuild_execution_plan_20260531_211223.md
rollback,Taiji_Governance/reports/effective_files_redteam_review_2026-05-12.md
rollback,Taiji_Governance/reports/full_system_scan_2026-05-13.md
rollback,Taiji_Governance/reports/odoo_container_community_feature_read_2026-05-12.md
rollback,Taiji_Governance/rollback_points/rollback_20260512T180017+0800/README.md
rollback,Taiji_Governance/rollback_points/rollback_20260512T180017+0800/ROLLBACK.sh
rollback,Taiji_Governance/runtime/ai_usage/usage_routing_policy.yaml
rollback,Taiji_Governance/runtime/delivery_map_2026-05-12/architecture_map.md
rollback,Taiji_Governance/runtime/delivery_map_2026-05-12/governance_risk_register.md
rollback,Taiji_Governance/runtime/enforcement/execution_boundary_policy.md
rollback,Taiji_Governance/runtime/enforcement/runtime_enforcement.md
rollback,Taiji_Governance/runtime/multimodal/voice_browser_runtime_policy_2026-05-13.md
rollback,Taiji_Governance/runtime/packet/packet_lifecycle.md
rollback,Taiji_Governance/runtime/packet/packet_lineage_runtime.md
rollback,Taiji_Governance/runtime/packet/tensor_packet_schema.yaml
rollback,Taiji_Governance/runtime/plaintext_free/plaintext_free_runtime.md
rollback,Taiji_Governance/runtime/reconciliation/deployment_artifact_generation_report.md
rollback,Taiji_Governance/runtime/reconciliation/existing_file_reconciliation_list.md
rollback,Taiji_Governance/runtime/reconciliation/formal_notation_refactor_report.md
rollback,Taiji_Governance/runtime/reconciliation/missing_runtime_report.md
rollback,Taiji_Governance/runtime/reconciliation/runtime_completion_matrix.md
rollback,Taiji_Governance/runtime/reconciliation/runtime_enforcement_recommendations.md
rollback,Taiji_Governance/runtime/replay/replay_runtime.md
rollback,Taiji_Governance/snapshots/savepoint_20260513T033438+0800_renyi_volunteer_backend/untracked_files.patch
rollback,Taiji_Governance/snapshots/savepoint_20260514T043034+0800/files/Taiji_Governance/logs/taiji01_node_self_check_update_2026-05-14.jsonl
rollback,Taiji_Governance/snapshots/savepoint_20260514T043034+0800/files/site/taiji_system_dashboard/refresh_dashboard_state.py
rollback,Taiji_Governance/snapshots/snapshot_20260512T180017+0800/MANIFEST.json
rollback,Taiji_Governance/snapshots/snapshot_20260512T180017+0800/snapshot_filelist.txt
rollback,Taiji_Governance/system_info/active_data_processing_principles.manifest.json
rollback,Taiji_Governance/system_info/active_data_processing_principles_2026-05-12.md
rollback,Taiji_Governance/system_info/active_host_node_role_boundary.manifest.json
rollback,Taiji_Governance/system_info/break_glass_recovery_policy.md
rollback,Taiji_Governance/system_info/business_entity_subject_mapping.manifest.json
rollback,Taiji_Governance/system_info/dependency_links_2026-05-12.csv
rollback,Taiji_Governance/system_info/dependency_relocation_plan_2026-05-12.jsonl
rollback,Taiji_Governance/system_info/dependency_relocation_verify_2026-05-12.jsonl
rollback,Taiji_Governance/system_info/distributed_admin_authority_sync.manifest.json
rollback,Taiji_Governance/system_info/host_restructure/taiji01_host_inventory_20260511T170226Z.jsonl
rollback,Taiji_Governance/system_info/model_name_window_interface_2026-05-13.md
rollback,Taiji_Governance/system_info/odoo_account_role_mapping.manifest.json
rollback,Taiji_Governance/system_info/odoo_account_role_mapping_2026-05-12.md
rollback,Taiji_Governance/system_info/owner_multi_governance_identity_record_2026-05-12.md
rollback,Taiji_Governance/system_info/taiji01_dual_identity_record.manifest.json
rollback,Taiji_Governance/system_info/taiji01_dual_identity_record_2026-05-12.md
rollback,Taiji_Governance/system_info/vpn_node_declaration_2026-05-14.json
rollback,Taiji_Governance/system_info/vpn_node_declaration_2026-05-14.md
rollback,Taiji_Governance/system_info/wuchang_life_system_scope_nodes_2026-05-13.md
rollback,Taiji_Governance/total_field_duplicate_development_audit_20260531_225228.md
rollback,Taiji_Governance/worklist/worklist.md
rollback,Taiji_Odoo/addons/wuchang_core/tests/benchmark_spatiotemporal.py
rollback,W7TP_FIELD_ATLAS/02_governed_hive_master_index.yaml
rollback,W7TP_FIELD_ATLAS/29_memory_lifecycle_map.yaml
rollback,W7TP_FIELD_ATLAS/36_memory_boot_map_v0.yaml
rollback,W7TP_FIELD_ATLAS/41_state_world_review_gate_v0.yaml
rollback,W7TP_FIELD_ATLAS/diff_packets/FINAL_SYNC_DIFF_PACKET_PM3_TO_TAIJI01_V1.yaml
rollback,W7TP_FIELD_ATLAS/diff_packets/msi_vs_taiji01_odoo_diff_20260531_211223.yaml
rollback,W7TP_FIELD_ATLAS/feature_compare/module_feature_matrix_20260531_225818.csv
rollback,W7TP_FIELD_ATLAS/function_maps/WUCHANG_FUNCTION_TO_MODULE_MAP_V1.yaml
rollback,W7TP_FIELD_ATLAS/module_maps/W7TP_GOVERNED_HIVE_MODULE_MAP_V1.yaml
rollback,W7TP_FIELD_ATLAS/module_mounts/WUCHANG_MODULE_TO_SUB_UNIVERSE_MOUNT_MAP_V1.yaml
rollback,W7TP_FIELD_ATLAS/registry_reports/latest_duplicate_development_audit.md
rollback,W7TP_FIELD_ATLAS/restructure_plans/W7TP_GOVERNED_HIVE_RESTRUCTURE_V1.yaml
rollback,W7TP_FIELD_ATLAS/rollback_plans/TAIJI01_PM3_ROLLBACK_POINT_PLAN_V1.yaml
rollback,W7TP_FIELD_ATLAS/rollback_plans/W7TP_RUNTIME_ROLLBACK_POLICY_V1.yaml
rollback,W7TP_FIELD_ATLAS/runtime_landing_plans/W7TP_RUNTIME_LANDING_GATE_V1.yaml
rollback,W7TP_FIELD_ATLAS/server_acceptance_reports/SERVER_ACCEPTANCE_REPORT_PM3_TO_TAIJI01_V1.yaml
rollback,W7TP_FIELD_ATLAS/sub_universes/SU_TWIN_SYNC_UNIVERSE_V1.yaml
rollback,W7TP_FIELD_ATLAS/sync_plans/INBOUND_SYNC_PLAN_PM3_TO_TAIJI01_V1.yaml
rollback,W7TP_FIELD_ATLAS/sync_plans/W7TP_TWIN_SYNC_ERROR_CORRECTION_PLAN_V2.yaml
rollback,W7TP_FIELD_ATLAS/task_boards/W7TP_GOVERNED_HIVE_TASK_BOARD_V1.yaml
gei,Taiji_Governance/full_system_module_feature_compare_20260531_225818.md
gei,Taiji_Governance/total_field_duplicate_development_audit_20260531_225228.md
gei,W7TP_FIELD_ATLAS/02_governed_hive_master_index.yaml
gei,W7TP_FIELD_ATLAS/feature_compare/module_feature_matrix_20260531_225818.csv
gei,W7TP_FIELD_ATLAS/field_maps/WUCHANG_FIELD_TO_SUB_UNIVERSE_MAP_V1.yaml
gei,W7TP_FIELD_ATLAS/function_maps/WUCHANG_FUNCTION_TO_MODULE_MAP_V1.yaml
gei,W7TP_FIELD_ATLAS/gei_context/W7TP_GEI_CONTEXT_FIELD_V1.yaml
gei,W7TP_FIELD_ATLAS/gei_context/W7TP_GEI_CONTEXT_INDEX_V1.yaml
gei,W7TP_FIELD_ATLAS/gei_context/W7TP_GEI_CONTEXT_ROUTING_RULE_V1.yaml
gei,W7TP_FIELD_ATLAS/governance_routes/WUCHANG_FIELD_GOVERNANCE_ROUTE_TABLE_V1.yaml
gei,W7TP_FIELD_ATLAS/module_mounts/WUCHANG_MODULE_TO_SUB_UNIVERSE_MOUNT_MAP_V1.yaml
gei,W7TP_FIELD_ATLAS/registries/WUCHANG_SUB_UNIVERSE_REGISTRY_V1.yaml
gei,W7TP_FIELD_ATLAS/registry_reports/latest_duplicate_development_audit.md
gei,W7TP_FIELD_ATLAS/sub_universes/SU_GEI_REASONING_UNIVERSE_V1.yaml
gei,W7TP_FIELD_ATLAS/task_boards/W7TP_GOVERNED_HIVE_TASK_BOARD_V1.yaml
registry,Taiji_Governance/auto_push_or_archive_20260531_223533.md
registry,Taiji_Governance/focused_governed_hive_push_20260531_223427.md
registry,Taiji_Governance/full_system_module_feature_compare_20260531_225818.md
registry,Taiji_Governance/logs/member_identity_classification_2026-05-12.jsonl
registry,Taiji_Governance/logs/model_name_window_interface_2026-05-13.jsonl
registry,Taiji_Governance/logs/odoo_module_upgrade/wuchang_core_upgrade_20260513T185528+0800_with_env_config.log
registry,Taiji_Governance/logs/odoo_module_upgrade/wuchang_core_upgrade_20260513T185901+0800_root_init_fix.log
registry,Taiji_Governance/policies/member_identity_classification_policy_2026-05-12.md
registry,Taiji_Governance/runtime/reconciliation/existing_file_reconciliation_list.md
registry,Taiji_Governance/snapshots/savepoint_20260514T043034+0800/files/site/taiji_system_dashboard/refresh_dashboard_state.py
registry,Taiji_Governance/system_info/host_restructure/taiji01_host_inventory_20260511T170226Z.jsonl
registry,Taiji_Governance/system_info/member_identity_classification.manifest.json
registry,Taiji_Governance/system_info/model_artifact_manifest_2026-05-12.jsonl
registry,Taiji_Governance/system_info/model_name_window_interface.manifest.json
registry,Taiji_Governance/system_info/model_name_window_interface_2026-05-13.md
registry,Taiji_Governance/total_field_duplicate_development_audit_20260531_225228.md
registry,Taiji_Odoo/addons/PM3_SYSTEM_STATUS_INVENTORY.md
registry,Taiji_Odoo/addons/wuchang_core/static/src/js/community_super_app_mount.js
registry,Taiji_Odoo/addons/wuchang_core/static/src/js/delivery_rider.js
registry,W7TP_FIELD_ATLAS/00_universe_event_registry.yaml
registry,W7TP_FIELD_ATLAS/01_universe_registry.yaml
registry,W7TP_FIELD_ATLAS/02_governed_hive_master_index.yaml
registry,W7TP_FIELD_ATLAS/19_state_world_extension.yaml
registry,W7TP_FIELD_ATLAS/20_sub_universe_registry.yaml
registry,W7TP_FIELD_ATLAS/35_state_world_router_spec_v0.yaml
registry,W7TP_FIELD_ATLAS/39_task_execution_stopline_v0.yaml
registry,W7TP_FIELD_ATLAS/61_sub_universe_element_index_v0_2.yaml
registry,W7TP_FIELD_ATLAS/8d_policies/W7TP_8D_IDENTITY_USE_POLICY_V1.yaml
registry,W7TP_FIELD_ATLAS/dependency_graphs/W7TP_MODULE_DEPENDENCY_GRAPH_V1.yaml
registry,W7TP_FIELD_ATLAS/dev_specs/W7TP_8D_IDENTITY_DEV_SPEC_V1.yaml
registry,W7TP_FIELD_ATLAS/feature_compare/module_feature_matrix_20260531_225818.csv
registry,W7TP_FIELD_ATLAS/field_maps/WUCHANG_FIELD_TO_SUB_UNIVERSE_MAP_V1.yaml
registry,W7TP_FIELD_ATLAS/function_maps/WUCHANG_FUNCTION_TO_MODULE_MAP_V1.yaml
registry,W7TP_FIELD_ATLAS/gei_context/W7TP_GEI_CONTEXT_FIELD_V1.yaml
registry,W7TP_FIELD_ATLAS/gei_context/W7TP_GEI_CONTEXT_INDEX_V1.yaml
registry,W7TP_FIELD_ATLAS/gei_context/W7TP_GEI_CONTEXT_PACKET_SCHEMA_V1.yaml
registry,W7TP_FIELD_ATLAS/gei_context/W7TP_GEI_CONTEXT_ROUTING_RULE_V1.yaml
registry,W7TP_FIELD_ATLAS/gei_context/W7TP_GEI_REGISTRATION_ASSISTANT_RULE_V1.yaml
registry,W7TP_FIELD_ATLAS/lifecycle_policies/W7TP_UNIVERSE_LIFECYCLE_POLICY_V1.yaml
registry,W7TP_FIELD_ATLAS/module_maps/W7TP_GOVERNED_HIVE_MODULE_MAP_V1.yaml
registry,W7TP_FIELD_ATLAS/module_mounts/WUCHANG_MODULE_TO_SUB_UNIVERSE_MOUNT_MAP_V1.yaml
registry,W7TP_FIELD_ATLAS/namespace_policies/WUCHANG_NAMESPACE_CANONICAL_POLICY_V1.yaml
registry,W7TP_FIELD_ATLAS/odoo_refactor_plans/PM3_RUNTIME_SYNC_SPLIT_PLAN_V1.yaml
registry,W7TP_FIELD_ATLAS/registration_rules/WUCHANG_REGISTRATION_FIRST_RULE_V1.yaml
registry,W7TP_FIELD_ATLAS/registries/WUCHANG_SUB_UNIVERSE_REGISTRY_V1.yaml
registry,W7TP_FIELD_ATLAS/registries/WUCHANG_UNIVERSE_TOTAL_FIELD_REGISTRY_V2.yaml
registry,W7TP_FIELD_ATLAS/registry_reports/latest_duplicate_development_audit.md
registry,W7TP_FIELD_ATLAS/registry_validators/WUCHANG_REGISTRY_INTEGRITY_VALIDATOR_V1.yaml
registry,W7TP_FIELD_ATLAS/schemas/00_schema_index.yaml
registry,W7TP_FIELD_ATLAS/sub_universe_registry_v1.yaml
registry,W7TP_FIELD_ATLAS/sub_universes/SU_GEI_REASONING_UNIVERSE_V1.yaml
registry,W7TP_FIELD_ATLAS/sync_plans/W7TP_TWIN_SYNC_ERROR_CORRECTION_PLAN_V2.yaml
registry,W7TP_FIELD_ATLAS/task_boards/W7TP_GOVERNED_HIVE_TASK_BOARD_V1.yaml
registry,W7TP_FIELD_ATLAS/validation_plans/W7TP_MODULE_SPLIT_SANDBOX_VALIDATION_V1.yaml
namespace,Taiji_Governance/full_system_module_feature_compare_20260531_225818.md
namespace,Taiji_Governance/total_field_duplicate_development_audit_20260531_225228.md
namespace,Taiji_Odoo/addons/pm3_runtime_sync/models/res_users_proxy.py
namespace,W7TP_FIELD_ATLAS/02_governed_hive_master_index.yaml
namespace,W7TP_FIELD_ATLAS/feature_compare/module_feature_matrix_20260531_225818.csv
namespace,W7TP_FIELD_ATLAS/registry_reports/WUCHANG_REGISTRY_STATUS_REPORT_TEMPLATE_V1.yaml
namespace,W7TP_FIELD_ATLAS/registry_reports/latest_duplicate_development_audit.md
namespace,W7TP_FIELD_ATLAS/registry_validators/WUCHANG_REGISTRY_INTEGRITY_VALIDATOR_V1.yaml
namespace,W7TP_FIELD_ATLAS/task_boards/W7TP_GOVERNED_HIVE_TASK_BOARD_V1.yaml
dead_letter,Taiji_Governance/full_system_module_feature_compare_20260531_225818.md
dead_letter,Taiji_Governance/total_field_duplicate_development_audit_20260531_225228.md
dead_letter,W7TP_FIELD_ATLAS/02_governed_hive_master_index.yaml
dead_letter,W7TP_FIELD_ATLAS/61_sub_universe_element_index_v0_2.yaml
dead_letter,W7TP_FIELD_ATLAS/dead_letter/WUCHANG_UNREGISTERED_ROUTE_DEAD_LETTER_POLICY_V1.yaml
dead_letter,W7TP_FIELD_ATLAS/feature_compare/module_feature_matrix_20260531_225818.csv
dead_letter,W7TP_FIELD_ATLAS/gei_context/W7TP_GEI_REGISTRATION_ASSISTANT_RULE_V1.yaml
dead_letter,W7TP_FIELD_ATLAS/governance_routes/WUCHANG_FIELD_GOVERNANCE_ROUTE_TABLE_V1.yaml
dead_letter,W7TP_FIELD_ATLAS/registration_rules/WUCHANG_REGISTRATION_FIRST_RULE_V1.yaml
dead_letter,W7TP_FIELD_ATLAS/registry_reports/WUCHANG_REGISTRY_STATUS_REPORT_TEMPLATE_V1.yaml
dead_letter,W7TP_FIELD_ATLAS/registry_reports/latest_duplicate_development_audit.md
dead_letter,W7TP_FIELD_ATLAS/registry_validators/WUCHANG_REGISTRY_INTEGRITY_VALIDATOR_V1.yaml
dead_letter,W7TP_FIELD_ATLAS/task_boards/W7TP_GOVERNED_HIVE_TASK_BOARD_V1.yaml
emergency,Taiji_Governance/auto_push_or_archive_20260531_223533.md
emergency,Taiji_Governance/focused_governed_hive_push_20260531_223427.md
emergency,Taiji_Governance/full_system_module_feature_compare_20260531_225818.md
emergency,Taiji_Governance/identity/domain_governance_map.md
emergency,Taiji_Governance/system_info/break_glass_recovery_policy.md
emergency,Taiji_Governance/total_field_duplicate_development_audit_20260531_225228.md
emergency,Taiji_Odoo/addons/wuchang_core/models/ai_event_listener.py
emergency,Taiji_Odoo/addons/wuchang_property_local_cloud/models/wuchang_property.py
emergency,W7TP_FIELD_ATLAS/48_odoo_pos_property_community_embodiment_v0.yaml
emergency,W7TP_FIELD_ATLAS/48_pos_property_community_embodiment_v0.yaml
emergency,W7TP_FIELD_ATLAS/committee_rules/W7TP_COMMITTEE_LAWFUL_PLAINTEXT_REQUEST_RULE_V1.yaml
emergency,W7TP_FIELD_ATLAS/delegation/W7TP_MEMBER_DELEGATION_AUTHORITY_RULE_V1.yaml
emergency,W7TP_FIELD_ATLAS/device_loss/W7TP_MEMBER_DEVICE_LOSS_RECOVERY_FLOW_V1.yaml
emergency,W7TP_FIELD_ATLAS/disaster_recovery/W7TP_THIRD_PARTY_PHYSICAL_CUSTODY_POLICY_V1.yaml
emergency,W7TP_FIELD_ATLAS/emergency_care/W7TP_EMERGENCY_CARE_DISCLOSURE_RULE_V1.yaml
emergency,W7TP_FIELD_ATLAS/feature_compare/module_feature_matrix_20260531_225818.csv
emergency,W7TP_FIELD_ATLAS/human_review/W7TP_XIAOJ_HUMAN_REVIEW_QUEUE_RULE_V1.yaml
emergency,W7TP_FIELD_ATLAS/key_custody/W7TP_THREE_KEY_CUSTODY_OPERATION_RULE_V1.yaml
emergency,W7TP_FIELD_ATLAS/plaintext_policies/W7TP_PLAINTEXT_CLAIM_REVIEW_POLICY_V1.yaml
emergency,W7TP_FIELD_ATLAS/registry_reports/latest_duplicate_development_audit.md
emergency,W7TP_FIELD_ATLAS/task_boards/W7TP_GOVERNED_HIVE_TASK_BOARD_V1.yaml
custody,Taiji_Governance/auto_push_or_archive_20260531_223533.md
custody,Taiji_Governance/focused_governed_hive_push_20260531_223427.md
custody,Taiji_Governance/full_system_module_feature_compare_20260531_225818.md
custody,Taiji_Governance/integrations/member_five_code_odoo_google_provisioning_manifest.json
custody,Taiji_Governance/logs/member_identity_classification_2026-05-12.jsonl
custody,Taiji_Governance/system_info/member_identity_classification.manifest.json
custody,Taiji_Governance/total_field_duplicate_development_audit_20260531_225228.md
custody,Taiji_Odoo/addons/wuchang_core/controllers/main.py
custody,Taiji_Odoo/addons/wuchang_core/models/finance.py
custody,Taiji_Odoo/addons/wuchang_core/models/pos_config_ext.py
custody,Taiji_Odoo/addons/wuchang_core/views/finance_views.xml
custody,W7TP_FIELD_ATLAS/disaster_recovery/W7TP_THIRD_PARTY_PHYSICAL_CUSTODY_POLICY_V1.yaml
custody,W7TP_FIELD_ATLAS/feature_compare/module_feature_matrix_20260531_225818.csv
custody,W7TP_FIELD_ATLAS/git_space_architecture_v1.yaml
custody,W7TP_FIELD_ATLAS/key_custody/W7TP_THREE_KEY_CUSTODY_OPERATION_RULE_V1.yaml
custody,W7TP_FIELD_ATLAS/module_maps/W7TP_GOVERNED_HIVE_MODULE_MAP_V1.yaml
custody,W7TP_FIELD_ATLAS/module_mounts/WUCHANG_MODULE_TO_SUB_UNIVERSE_MOUNT_MAP_V1.yaml
custody,W7TP_FIELD_ATLAS/registry_reports/latest_duplicate_development_audit.md
custody,W7TP_FIELD_ATLAS/schemas/8d_identity_packet.schema.yaml
custody,W7TP_FIELD_ATLAS/task_boards/W7TP_GOVERNED_HIVE_TASK_BOARD_V1.yaml
delegation,Taiji_Governance/architecture/layers_standards.yml
delegation,Taiji_Governance/auto_push_or_archive_20260531_223533.md
delegation,Taiji_Governance/backups/workspace_merge_review_20260514T025322+0800/from_windows_conflicts/Taiji_Governance/identity/digital_identity.yml
delegation,Taiji_Governance/focused_governed_hive_push_20260531_223427.md
delegation,Taiji_Governance/full_system_module_feature_compare_20260531_225818.md
delegation,Taiji_Governance/identity/digital_identity.yml
delegation,Taiji_Governance/integrations/member_five_code_odoo_google_provisioning_manifest.json
delegation,Taiji_Governance/total_field_duplicate_development_audit_20260531_225228.md
delegation,Taiji_Governance/worklist/worklist.md
delegation,W7TP_FIELD_ATLAS/delegation/W7TP_MEMBER_DELEGATION_AUTHORITY_RULE_V1.yaml
delegation,W7TP_FIELD_ATLAS/feature_compare/module_feature_matrix_20260531_225818.csv
delegation,W7TP_FIELD_ATLAS/registry_reports/latest_duplicate_development_audit.md
delegation,W7TP_FIELD_ATLAS/task_boards/W7TP_GOVERNED_HIVE_TASK_BOARD_V1.yaml
odoo,Taiji_Governance/actual_odoo_db_identification_20260531_220929.md
odoo,Taiji_Governance/architecture/layers_standards.yml
odoo,Taiji_Governance/architecture/wuchang_taiji_operational_topology_v0_2.md
odoo,Taiji_Governance/auto_push_or_archive_20260531_223533.md
odoo,Taiji_Governance/backups/odoo_module_upgrade_20260513T185428+0800_wuchang_core/README.md
odoo,Taiji_Governance/backups/odoo_module_upgrade_20260513T185428+0800_wuchang_core/SHA256SUMS
odoo,Taiji_Governance/backups/workspace_merge_review_20260514T025322+0800/README.md
odoo,Taiji_Governance/backups/workspace_merge_review_20260514T025322+0800/conflict_report.json
odoo,Taiji_Governance/backups/workspace_merge_review_20260514T025322+0800/from_windows_conflicts/.gitignore
odoo,Taiji_Governance/backups/workspace_merge_review_20260514T025322+0800/from_windows_conflicts/Taiji_Governance/identity/digital_identity.yml
odoo,Taiji_Governance/backups/workspace_merge_review_20260514T025322+0800/from_windows_conflicts/Taiji_Governance/integrations/odoo_google_nonprofit_mail_bridge_manifest.json
odoo,Taiji_Governance/backups/workspace_merge_review_20260514T025322+0800/from_windows_conflicts/Taiji_Governance/runtime/identity/runtime_identity_layer.md
odoo,Taiji_Governance/backups/workspace_merge_review_20260514T025322+0800/from_windows_conflicts/Taiji_Governance/runtime/identity/topology_trust_graph.md
odoo,Taiji_Governance/backups/workspace_merge_review_20260514T025322+0800/from_windows_conflicts/deploy_taiji_safe.ps1
odoo,Taiji_Governance/backups/workspace_merge_review_20260514T025322+0800/from_windows_conflicts/docs/taiji_hub_odoo_google_nonprofit_mail_bridge_zh.md
odoo,Taiji_Governance/backups/workspace_merge_review_20260514T025322+0800/from_windows_conflicts/legacy_core/wuchang_llm_core.py
odoo,Taiji_Governance/backups/workspace_merge_review_20260514T025322+0800/from_windows_conflicts/site/taiji_system_dashboard/index.html
odoo,Taiji_Governance/baseline/runtime_snapshot_20260510T103532Z.txt
odoo,Taiji_Governance/deployments/cafe_main_redeploy_status.md
odoo,Taiji_Governance/deployments/tailscale_deployment_manifest.json
odoo,Taiji_Governance/economy/sovereign_economic_engine_v8_invariants_2026-05-12.md
odoo,Taiji_Governance/economy/sovereign_economic_engine_v8_manifest_2026-05-12.json
odoo,Taiji_Governance/focused_governed_hive_push_20260531_223427.md
odoo,Taiji_Governance/full_system_module_feature_compare_20260531_225818.md
odoo,Taiji_Governance/identity/data_scope_matrix.md
odoo,Taiji_Governance/identity/digital_identity.yml
odoo,Taiji_Governance/identity/governance_event_log_schema.yaml
odoo,Taiji_Governance/identity/identity_tensor_schema.yaml
odoo,Taiji_Governance/integrations/member_five_code_odoo_google_provisioning_manifest.json
odoo,Taiji_Governance/integrations/odoo_google_nonprofit_mail_bridge_manifest.json
odoo,Taiji_Governance/logs/audit.log
odoo,Taiji_Governance/logs/business_entity_subject_mapping_2026-05-12.jsonl
odoo,Taiji_Governance/logs/community_micro_economy_strategy_ingest_2026-05-12.jsonl
odoo,Taiji_Governance/logs/effective_files_redteam_review_2026-05-12.jsonl
odoo,Taiji_Governance/logs/finance_accounting_review_packet_2026-05-13.jsonl
odoo,Taiji_Governance/logs/local_machine_gateway_control_2026-05-13.jsonl
odoo,Taiji_Governance/logs/member_identity_classification_2026-05-12.jsonl
odoo,Taiji_Governance/logs/metric_accounting_no_delete_2026-05-12.jsonl
odoo,Taiji_Governance/logs/odoo_account_role_mapping_2026-05-12.jsonl
odoo,Taiji_Governance/logs/odoo_container_community_feature_read_2026-05-12.jsonl
odoo,Taiji_Governance/logs/odoo_module_upgrade/wuchang_core_upgrade_20260513T185500+0800.log
odoo,Taiji_Governance/logs/odoo_module_upgrade/wuchang_core_upgrade_20260513T185528+0800_with_env_config.log
odoo,Taiji_Governance/logs/odoo_module_upgrade/wuchang_core_upgrade_20260513T185901+0800_root_init_fix.log
odoo,Taiji_Governance/logs/odoo_renyi_volunteer_business_2026-05-13.jsonl
odoo,Taiji_Governance/logs/post_migration_predictive_verification_2026-05-14.jsonl
odoo,Taiji_Governance/logs/sovereign_economic_engine_v8_ingest_2026-05-12.jsonl
odoo,Taiji_Governance/notices/msi_linux_native_migration_notice_20260512_025032.txt
odoo,Taiji_Governance/notices/msi_linux_native_migration_notice_latest.txt
odoo,Taiji_Governance/pm3_runtime_sync_source_truth_20260531_200753.md
odoo,Taiji_Governance/policies/community_industry_revenue_use_policy_2026-05-11.md
odoo,Taiji_Governance/policies/document_version_archive_policy_2026-05-11.md
odoo,Taiji_Governance/policies/finance_accounting_review_packet_policy_2026-05-13.md
odoo,Taiji_Governance/policies/member_identity_classification_policy_2026-05-12.md
odoo,Taiji_Governance/progress/completion_dashboard_blocks_2026-05-11.md
odoo,Taiji_Governance/rebuild_execution_plan_20260531_211223.md
odoo,Taiji_Governance/reports/effective_files_redteam_review_2026-05-12.md
odoo,Taiji_Governance/reports/full_system_scan_2026-05-13.md
odoo,Taiji_Governance/reports/odoo_container_community_feature_read_2026-05-12.md
odoo,Taiji_Governance/runtime/delivery_map_2026-05-12/container_audit_report.md
odoo,Taiji_Governance/runtime/delivery_map_2026-05-12/runtime_bootstrap.yaml
odoo,Taiji_Governance/runtime/identity/runtime_identity_layer.md
odoo,Taiji_Governance/runtime/identity/topology_trust_graph.md
odoo,Taiji_Governance/runtime/packet/formal_notation_protocol.yaml
odoo,Taiji_Governance/sandbox_validation_pm3_runtime_sync_20260531_203905.md
odoo,Taiji_Governance/schemas/odoo_adi_account_visibility.schema.json
odoo,Taiji_Governance/snapshots/git_safety_20260510_190035/git_status_before.txt
odoo,Taiji_Governance/snapshots/mvp_safe/20260518T110908_+0800/manifest.json
odoo,Taiji_Governance/snapshots/mvp_safe/20260518T110908_+0800/wuchang_taiji_operational_topology_v0_2.md
odoo,Taiji_Governance/snapshots/savepoint_20260513T033438+0800_renyi_volunteer_backend/SAVEPOINT.md
odoo,Taiji_Governance/snapshots/savepoint_20260513T033438+0800_renyi_volunteer_backend/SHA256SUMS
odoo,Taiji_Governance/snapshots/savepoint_20260513T033438+0800_renyi_volunteer_backend/files.list
odoo,Taiji_Governance/snapshots/savepoint_20260513T033438+0800_renyi_volunteer_backend/untracked_files.patch
odoo,Taiji_Governance/snapshots/savepoint_20260514T043034+0800/files/scripts/taiji_login_readonly_check.sh
odoo,Taiji_Governance/snapshots/savepoint_20260514T043034+0800/files/site/taiji_system_dashboard/index.html
odoo,Taiji_Governance/snapshots/savepoint_20260514T043034+0800/files/site/taiji_system_dashboard/refresh_dashboard_state.py
odoo,Taiji_Governance/snapshots/savepoint_20260514T043034+0800/reports/git_status_short.txt
odoo,Taiji_Governance/snapshots/snapshot_20260512T180017+0800/MANIFEST.json
odoo,Taiji_Governance/snapshots/snapshot_20260512T180017+0800/git_status_short.txt
odoo,Taiji_Governance/snapshots/snapshot_20260512T180017+0800/snapshot_filelist.txt
odoo,Taiji_Governance/system_error_correction_plan_20260531_203119.md
odoo,Taiji_Governance/system_info/active_data_processing_principles.manifest.json
odoo,Taiji_Governance/system_info/active_data_processing_principles_2026-05-12.md
odoo,Taiji_Governance/system_info/active_host_node_role_boundary.manifest.json
odoo,Taiji_Governance/system_info/business_entity_subject_mapping.manifest.json
odoo,Taiji_Governance/system_info/business_entity_subject_mapping_2026-05-12.md
odoo,Taiji_Governance/system_info/community_branch_group_member_mapping.manifest.json
odoo,Taiji_Governance/system_info/community_branch_group_member_mapping_2026-05-12.md
odoo,Taiji_Governance/system_info/dependency_links_2026-05-12.csv
odoo,Taiji_Governance/system_info/dependency_relocation_plan_2026-05-12.jsonl
odoo,Taiji_Governance/system_info/dependency_relocation_verify_2026-05-12.jsonl
odoo,Taiji_Governance/system_info/distributed_admin_authority_sync.manifest.json
odoo,Taiji_Governance/system_info/finance_accounting_review_packet.manifest.json
odoo,Taiji_Governance/system_info/host_restructure/taiji01_host_inventory_20260511T170226Z.jsonl
odoo,Taiji_Governance/system_info/local_machine_gateway_control.manifest.json
odoo,Taiji_Governance/system_info/member_identity_classification.manifest.json
odoo,Taiji_Governance/system_info/obsidian_ai_window_memory_vault.manifest.json
odoo,Taiji_Governance/system_info/odoo_account_role_mapping.manifest.json
odoo,Taiji_Governance/system_info/odoo_account_role_mapping_2026-05-12.md
odoo,Taiji_Governance/system_info/owner_multi_governance_identity_record.manifest.json
odoo,Taiji_Governance/system_info/owner_multi_governance_identity_record_2026-05-12.md
odoo,Taiji_Governance/system_info/wuchang_life_system_scope_nodes.manifest.json
odoo,Taiji_Governance/system_info/wuchang_life_system_scope_nodes_2026-05-13.md
odoo,Taiji_Governance/taiji01_server_truth_packet_20260531_210853.md
odoo,Taiji_Governance/total_field_duplicate_development_audit_20260531_225228.md
odoo,Taiji_Governance/worklist/runtime_work_item_20260517_101653.json
odoo,Taiji_Governance/worklist/worklist.md
odoo,Taiji_Governance/wuchang_universe_misplaced_file_packet_20260531_200715.md
odoo,Taiji_Odoo/addons/PM3_SYSTEM_STATUS_INVENTORY.md
odoo,Taiji_Odoo/addons/pm3_base/controllers/edge_api.py
odoo,Taiji_Odoo/addons/pm3_base/controllers/edge_api.py.bak
odoo,Taiji_Odoo/addons/pm3_base/models/packet_history.py
odoo,Taiji_Odoo/addons/pm3_runtime_sync.bak./controllers/google_auth.py
odoo,Taiji_Odoo/addons/pm3_runtime_sync.bak./models/pm3_memory_index.py
odoo,Taiji_Odoo/addons/pm3_runtime_sync.bak./models/res_users_proxy.py
odoo,Taiji_Odoo/addons/pm3_runtime_sync.bak./views/pm3_behavior_vector_database_views.xml
odoo,Taiji_Odoo/addons/pm3_runtime_sync.bak./views/pm3_desensitized_dashboard_views.xml
odoo,Taiji_Odoo/addons/pm3_runtime_sync.bak./views/pm3_fixed_vector_state_window_views.xml
odoo,Taiji_Odoo/addons/pm3_runtime_sync.bak./views/pm3_memory_index_views.xml
odoo,Taiji_Odoo/addons/pm3_runtime_sync.bak./views/pm3_vector_state_window_views.xml
odoo,Taiji_Odoo/addons/pm3_runtime_sync.bak./views/web_login_templates.xml.disabled
odoo,Taiji_Odoo/addons/pm3_runtime_sync/controllers/google_auth.py
odoo,Taiji_Odoo/addons/pm3_runtime_sync/controllers/line_auth.py
odoo,Taiji_Odoo/addons/pm3_runtime_sync/models/pm3_memory_index.py
odoo,Taiji_Odoo/addons/pm3_runtime_sync/models/res_users_proxy.py
odoo,Taiji_Odoo/addons/pm3_runtime_sync/views/pm3_behavior_vector_database_views.xml
odoo,Taiji_Odoo/addons/pm3_runtime_sync/views/pm3_desensitized_dashboard_views.xml
odoo,Taiji_Odoo/addons/pm3_runtime_sync/views/pm3_fixed_vector_state_window_views.xml
odoo,Taiji_Odoo/addons/pm3_runtime_sync/views/pm3_memory_index_views.xml
odoo,Taiji_Odoo/addons/pm3_runtime_sync/views/pm3_vector_state_window_views.xml
odoo,Taiji_Odoo/addons/pm3_runtime_sync/views/web_login_templates.xml
odoo,Taiji_Odoo/addons/pm3_runtime_sync/views/web_login_templates.xml.disabled
odoo,Taiji_Odoo/addons/taiji_member_login/controllers/main.py
odoo,Taiji_Odoo/addons/taiji_member_login/views/login_panel.xml
odoo,Taiji_Odoo/addons/wuchang_cafe_menu_options/models/menu_options.py
odoo,Taiji_Odoo/addons/wuchang_cafe_menu_options/views/menu_option_views.xml
odoo,Taiji_Odoo/addons/wuchang_core/controllers/brother_channel.py
odoo,Taiji_Odoo/addons/wuchang_core/controllers/customer_display_music_controller.py
odoo,Taiji_Odoo/addons/wuchang_core/controllers/customer_display_music_controller.py.backup
odoo,Taiji_Odoo/addons/wuchang_core/controllers/device_app_controller.py
odoo,Taiji_Odoo/addons/wuchang_core/controllers/device_app_controller.py.backup
odoo,Taiji_Odoo/addons/wuchang_core/controllers/device_enrollment_controller.py
odoo,Taiji_Odoo/addons/wuchang_core/controllers/device_enrollment_controller.py.backup
odoo,Taiji_Odoo/addons/wuchang_core/controllers/device_query_controller.py
odoo,Taiji_Odoo/addons/wuchang_core/controllers/device_query_controller.py.backup
odoo,Taiji_Odoo/addons/wuchang_core/controllers/handshake_controller.py
odoo,Taiji_Odoo/addons/wuchang_core/controllers/handshake_controller.py.backup
odoo,Taiji_Odoo/addons/wuchang_core/controllers/main.py
odoo,Taiji_Odoo/addons/wuchang_core/controllers/menu_import.py
odoo,Taiji_Odoo/addons/wuchang_core/controllers/notification_controller.py
odoo,Taiji_Odoo/addons/wuchang_core/controllers/notification_controller.py.backup
odoo,Taiji_Odoo/addons/wuchang_core/controllers/order_site.py
odoo,Taiji_Odoo/addons/wuchang_core/controllers/router_certificate_controller.py
odoo,Taiji_Odoo/addons/wuchang_core/controllers/router_certificate_controller.py.backup
odoo,Taiji_Odoo/addons/wuchang_core/controllers/router_relay.py
odoo,Taiji_Odoo/addons/wuchang_core/controllers/router_relay.py.backup
odoo,Taiji_Odoo/addons/wuchang_core/controllers/sister_controller.py
odoo,Taiji_Odoo/addons/wuchang_core/controllers/ticket_controller.py
odoo,Taiji_Odoo/addons/wuchang_core/controllers/ui_proxy_controller.py
odoo,Taiji_Odoo/addons/wuchang_core/controllers/ui_proxy_controller.py.backup
odoo,Taiji_Odoo/addons/wuchang_core/data/ai_cron.xml
odoo,Taiji_Odoo/addons/wuchang_core/data/ai_memory_init.xml
odoo,Taiji_Odoo/addons/wuchang_core/data/ai_prompt_data.xml
odoo,Taiji_Odoo/addons/wuchang_core/data/breakfast_pos_menu.xml
odoo,Taiji_Odoo/addons/wuchang_core/data/committee_document_templates.xml
odoo,Taiji_Odoo/addons/wuchang_core/data/committee_document_templates.xml.backup
odoo,Taiji_Odoo/addons/wuchang_core/data/constitution_data.xml
odoo,Taiji_Odoo/addons/wuchang_core/data/cron.xml
odoo,Taiji_Odoo/addons/wuchang_core/data/device_control_plan_defaults.xml
odoo,Taiji_Odoo/addons/wuchang_core/data/device_control_plan_defaults.xml.backup
odoo,Taiji_Odoo/addons/wuchang_core/data/enable_vertex_ai.xml
odoo,Taiji_Odoo/addons/wuchang_core/data/google_credentials.xml
odoo,Taiji_Odoo/addons/wuchang_core/data/lang_setup.xml
odoo,Taiji_Odoo/addons/wuchang_core/data/meeting_setup.xml
odoo,Taiji_Odoo/addons/wuchang_core/data/menu_setup.xml
odoo,Taiji_Odoo/addons/wuchang_core/data/pos_expense_sequence.xml
odoo,Taiji_Odoo/addons/wuchang_core/data/pos_setup.xml
odoo,Taiji_Odoo/addons/wuchang_core/data/property_structure_data.xml
odoo,Taiji_Odoo/addons/wuchang_core/data/router_certificate_defaults.xml
odoo,Taiji_Odoo/addons/wuchang_core/data/router_certificate_defaults.xml.backup
odoo,Taiji_Odoo/addons/wuchang_core/data/signup_setup.xml
odoo,Taiji_Odoo/addons/wuchang_core/data/sustainability_data.xml
odoo,Taiji_Odoo/addons/wuchang_core/data/sync_balance_action.xml
odoo,Taiji_Odoo/addons/wuchang_core/data/system_params.xml
odoo,Taiji_Odoo/addons/wuchang_core/data/taiwan_cafe_music_playlist.xml
odoo,Taiji_Odoo/addons/wuchang_core/data/taiwan_cafe_music_playlist.xml.backup
odoo,Taiji_Odoo/addons/wuchang_core/data/ui_proxy_cron.xml
odoo,Taiji_Odoo/addons/wuchang_core/data/ui_proxy_cron.xml.backup
odoo,Taiji_Odoo/addons/wuchang_core/data/user_setup.xml
odoo,Taiji_Odoo/addons/wuchang_core/data/vm_agent_config.xml
odoo,Taiji_Odoo/addons/wuchang_core/data/wuchang_association_data.xml
odoo,Taiji_Odoo/addons/wuchang_core/models/ai_agent_new.py
odoo,Taiji_Odoo/addons/wuchang_core/models/ai_event_listener.py
odoo,Taiji_Odoo/addons/wuchang_core/models/ai_guard.py
odoo,Taiji_Odoo/addons/wuchang_core/models/ai_index_mixin.py
odoo,Taiji_Odoo/addons/wuchang_core/models/ai_logic.py
odoo,Taiji_Odoo/addons/wuchang_core/models/ai_memory.py
odoo,Taiji_Odoo/addons/wuchang_core/models/ai_perception_sensor.py
odoo,Taiji_Odoo/addons/wuchang_core/models/ai_prompt.py
odoo,Taiji_Odoo/addons/wuchang_core/models/ai_property_expert.py
odoo,Taiji_Odoo/addons/wuchang_core/models/api_account_separation.py
odoo,Taiji_Odoo/addons/wuchang_core/models/api_account_separation.py.backup
odoo,Taiji_Odoo/addons/wuchang_core/models/coin_ledger.py
odoo,Taiji_Odoo/addons/wuchang_core/models/collab_meeting.py
odoo,Taiji_Odoo/addons/wuchang_core/models/compliance_fix.py
odoo,Taiji_Odoo/addons/wuchang_core/models/core_logic.py
odoo,Taiji_Odoo/addons/wuchang_core/models/customer_display_music.py
odoo,Taiji_Odoo/addons/wuchang_core/models/customer_display_music.py.backup
odoo,Taiji_Odoo/addons/wuchang_core/models/delivery.py
odoo,Taiji_Odoo/addons/wuchang_core/models/delivery_team.py
odoo,Taiji_Odoo/addons/wuchang_core/models/device_control.py
odoo,Taiji_Odoo/addons/wuchang_core/models/device_control_plan.py
odoo,Taiji_Odoo/addons/wuchang_core/models/device_control_plan.py.backup
odoo,Taiji_Odoo/addons/wuchang_core/models/finance.py
odoo,Taiji_Odoo/addons/wuchang_core/models/governance.py
odoo,Taiji_Odoo/addons/wuchang_core/models/infrastructure.py
odoo,Taiji_Odoo/addons/wuchang_core/models/jf_gateway.py
odoo,Taiji_Odoo/addons/wuchang_core/models/mail_bot.py
odoo,Taiji_Odoo/addons/wuchang_core/models/menu.py
odoo,Taiji_Odoo/addons/wuchang_core/models/order.py
odoo,Taiji_Odoo/addons/wuchang_core/models/pos_config_ext.py
odoo,Taiji_Odoo/addons/wuchang_core/models/pos_expense.py
odoo,Taiji_Odoo/addons/wuchang_core/models/property_document.py
odoo,Taiji_Odoo/addons/wuchang_core/models/property_document.py.backup
odoo,Taiji_Odoo/addons/wuchang_core/models/property_management.py
odoo,Taiji_Odoo/addons/wuchang_core/models/res_partner.py
odoo,Taiji_Odoo/addons/wuchang_core/models/res_users.py
odoo,Taiji_Odoo/addons/wuchang_core/models/router_certificate.py
odoo,Taiji_Odoo/addons/wuchang_core/models/router_certificate.py.backup
odoo,Taiji_Odoo/addons/wuchang_core/models/settings.py
odoo,Taiji_Odoo/addons/wuchang_core/models/sister_control.py
odoo,Taiji_Odoo/addons/wuchang_core/models/supervisor_description_patch.py
odoo,Taiji_Odoo/addons/wuchang_core/models/system_tools.py
odoo,Taiji_Odoo/addons/wuchang_core/models/task.py
odoo,Taiji_Odoo/addons/wuchang_core/models/ui_proxy.py
odoo,Taiji_Odoo/addons/wuchang_core/models/ui_proxy.py.backup
odoo,Taiji_Odoo/addons/wuchang_core/models/voice_conversation.py
odoo,Taiji_Odoo/addons/wuchang_core/models/voice_conversation.py.backup
odoo,Taiji_Odoo/addons/wuchang_core/models/volunteer.py
odoo,Taiji_Odoo/addons/wuchang_core/models/wuchang_task_force.py
odoo,Taiji_Odoo/addons/wuchang_core/security/security.xml
odoo,Taiji_Odoo/addons/wuchang_core/static/src/js/background_service.js
odoo,Taiji_Odoo/addons/wuchang_core/static/src/js/community_super_app_mount.js
odoo,Taiji_Odoo/addons/wuchang_core/static/src/js/delivery_rider.js
odoo,Taiji_Odoo/addons/wuchang_core/static/src/js/pos_extension.js
odoo,Taiji_Odoo/addons/wuchang_core/tests/benchmark_spatiotemporal.py
odoo,Taiji_Odoo/addons/wuchang_core/tests/test_listener_sim.py
odoo,Taiji_Odoo/addons/wuchang_core/views/ai_agent_views.xml
odoo,Taiji_Odoo/addons/wuchang_core/views/ai_memory_views.xml
odoo,Taiji_Odoo/addons/wuchang_core/views/ai_prompt_views.xml
odoo,Taiji_Odoo/addons/wuchang_core/views/ambassador.xml
odoo,Taiji_Odoo/addons/wuchang_core/views/brother_console.xml
odoo,Taiji_Odoo/addons/wuchang_core/views/client_actions.xml
odoo,Taiji_Odoo/addons/wuchang_core/views/customer_display_music_views.xml
odoo,Taiji_Odoo/addons/wuchang_core/views/customer_display_music_views.xml.backup
odoo,Taiji_Odoo/addons/wuchang_core/views/delivery_page.xml
odoo,Taiji_Odoo/addons/wuchang_core/views/device_control_plan_views.xml
odoo,Taiji_Odoo/addons/wuchang_core/views/device_control_plan_views.xml.backup
odoo,Taiji_Odoo/addons/wuchang_core/views/device_control_views.xml
odoo,Taiji_Odoo/addons/wuchang_core/views/device_web_app_templates.xml
odoo,Taiji_Odoo/addons/wuchang_core/views/device_web_app_templates.xml.backup
odoo,Taiji_Odoo/addons/wuchang_core/views/finance_views.xml
odoo,Taiji_Odoo/addons/wuchang_core/views/homepage_template.xml
odoo,Taiji_Odoo/addons/wuchang_core/views/infrastructure_views.xml
odoo,Taiji_Odoo/addons/wuchang_core/views/knowledge_templates.xml
odoo,Taiji_Odoo/addons/wuchang_core/views/mobile_voice_app.xml
odoo,Taiji_Odoo/addons/wuchang_core/views/needs_templates.xml
odoo,Taiji_Odoo/addons/wuchang_core/views/order_views.xml
odoo,Taiji_Odoo/addons/wuchang_core/views/order_website.xml
odoo,Taiji_Odoo/addons/wuchang_core/views/pos_config_views.xml
odoo,Taiji_Odoo/addons/wuchang_core/views/pos_expense_views.xml
odoo,Taiji_Odoo/addons/wuchang_core/views/pos_simulator.xml
odoo,Taiji_Odoo/addons/wuchang_core/views/property_document_views.xml
odoo,Taiji_Odoo/addons/wuchang_core/views/property_document_views.xml.backup
odoo,Taiji_Odoo/addons/wuchang_core/views/property_views.xml
odoo,Taiji_Odoo/addons/wuchang_core/views/report_views.xml
odoo,Taiji_Odoo/addons/wuchang_core/views/router_certificate_views.xml
odoo,Taiji_Odoo/addons/wuchang_core/views/router_certificate_views.xml.backup
odoo,Taiji_Odoo/addons/wuchang_core/views/service_dashboard.xml
odoo,Taiji_Odoo/addons/wuchang_core/views/settings_views.xml
odoo,Taiji_Odoo/addons/wuchang_core/views/sister_control_views.xml
odoo,Taiji_Odoo/addons/wuchang_core/views/system_tools_views.xml
odoo,Taiji_Odoo/addons/wuchang_core/views/task_views.xml
odoo,Taiji_Odoo/addons/wuchang_core/views/ticket_page.xml
odoo,Taiji_Odoo/addons/wuchang_core/views/ui_proxy_views.xml
odoo,Taiji_Odoo/addons/wuchang_core/views/ui_proxy_views.xml.backup
odoo,Taiji_Odoo/addons/wuchang_core/views/voice_chat.xml
odoo,Taiji_Odoo/addons/wuchang_core/views/voice_reference.xml
odoo,Taiji_Odoo/addons/wuchang_core/views/webauthn_login.xml
odoo,Taiji_Odoo/addons/wuchang_core/views/wuchang_core_phase2_ui.xml
odoo,Taiji_Odoo/addons/wuchang_core/views/wuchang_menus.xml
odoo,Taiji_Odoo/addons/wuchang_core/views/wuchang_task_force_views.xml
odoo,Taiji_Odoo/addons/wuchang_fund_allocation/models/wuchang_fund_allocation.py
odoo,Taiji_Odoo/addons/wuchang_fund_allocation/views/wuchang_fund_allocation_views.xml
odoo,Taiji_Odoo/addons/wuchang_google_member_login/controllers/main.py
odoo,Taiji_Odoo/addons/wuchang_google_member_login/models/res_partner.py
odoo,Taiji_Odoo/addons/wuchang_google_member_login/views/res_partner_views.xml
odoo,Taiji_Odoo/addons/wuchang_knowledge_sync/models/wuchang_knowledge_sync.py
odoo,Taiji_Odoo/addons/wuchang_knowledge_sync/views/wuchang_knowledge_sync_views.xml
odoo,Taiji_Odoo/addons/wuchang_line_login/controllers/main.py
odoo,Taiji_Odoo/addons/wuchang_line_login/models/line_user.py
odoo,Taiji_Odoo/addons/wuchang_property_local_cloud/models/wuchang_company_association_registration.py
odoo,Taiji_Odoo/addons/wuchang_property_local_cloud/models/wuchang_company_google_workspace.py
odoo,Taiji_Odoo/addons/wuchang_property_local_cloud/models/wuchang_franchise_relationship.py
odoo,Taiji_Odoo/addons/wuchang_property_local_cloud/models/wuchang_google_nonprofit_resource.py
odoo,Taiji_Odoo/addons/wuchang_property_local_cloud/models/wuchang_pos_policy.py
odoo,Taiji_Odoo/addons/wuchang_property_local_cloud/models/wuchang_property.py
odoo,Taiji_Odoo/addons/wuchang_property_local_cloud/models/wuchang_ticket_opening.py
odoo,Taiji_Odoo/addons/wuchang_property_local_cloud/models/wuchang_ticket_quota_buckets.py
odoo,Taiji_Odoo/addons/wuchang_property_local_cloud/views/wuchang_company_association_registration_views.xml
odoo,Taiji_Odoo/addons/wuchang_property_local_cloud/views/wuchang_company_google_workspace_views.xml
odoo,Taiji_Odoo/addons/wuchang_property_local_cloud/views/wuchang_franchise_relationship_views.xml
odoo,Taiji_Odoo/addons/wuchang_property_local_cloud/views/wuchang_google_nonprofit_resource_views.xml
odoo,Taiji_Odoo/addons/wuchang_property_local_cloud/views/wuchang_pos_policy_views.xml
odoo,Taiji_Odoo/addons/wuchang_property_local_cloud/views/wuchang_property_views.xml
odoo,Taiji_Odoo/addons/wuchang_property_local_cloud/views/wuchang_ticket_opening_views.xml
odoo,Taiji_Odoo/addons/wuchang_property_local_cloud/views/wuchang_ticket_quota_buckets_views.xml
odoo,Taiji_Odoo/addons/wuchang_property_manpower_surface/models/wuchang_property_manpower_surface.py
odoo,Taiji_Odoo/addons/wuchang_property_manpower_surface/views/wuchang_property_manpower_surface_views.xml
odoo,Taiji_Odoo/addons/wuchang_wish_tree_coin/models/wuchang_wish_tree_coin.py
odoo,Taiji_Odoo/addons/wuchang_wish_tree_coin/views/wuchang_wish_tree_coin_views.xml
odoo,W7TP_FIELD_ATLAS/01_universe_registry.yaml
odoo,W7TP_FIELD_ATLAS/02_governed_hive_master_index.yaml
odoo,W7TP_FIELD_ATLAS/20_sub_universe_registry.yaml
odoo,W7TP_FIELD_ATLAS/21_knowledge_world_index.yaml
odoo,W7TP_FIELD_ATLAS/22_project_search_agent.yaml
odoo,W7TP_FIELD_ATLAS/23_readonly_project_search_commands.yaml
odoo,W7TP_FIELD_ATLAS/24_readonly_project_search_runner.yaml
odoo,W7TP_FIELD_ATLAS/25_project_task_cards_from_search.yaml
odoo,W7TP_FIELD_ATLAS/27_next_dev_execution_plan.yaml
odoo,W7TP_FIELD_ATLAS/30_gateway_route_map.yaml
odoo,W7TP_FIELD_ATLAS/31_odoo_module_inventory_map.yaml
odoo,W7TP_FIELD_ATLAS/33_state_world_p0_handoff_packet.yaml
odoo,W7TP_FIELD_ATLAS/34_p0_next_action_menu.yaml
odoo,W7TP_FIELD_ATLAS/37_gateway_inventory_classification_v0.yaml
odoo,W7TP_FIELD_ATLAS/38_odoo_inventory_classification_v0.yaml
odoo,W7TP_FIELD_ATLAS/39_task_execution_stopline_v0.yaml
odoo,W7TP_FIELD_ATLAS/40_state_world_snapshot_v0.yaml
odoo,W7TP_FIELD_ATLAS/41_state_world_review_gate_v0.yaml
odoo,W7TP_FIELD_ATLAS/50_claim_dependency_execution_plan_v0.yaml
odoo,W7TP_FIELD_ATLAS/51_patent_submission_master_index_v0.yaml
odoo,W7TP_FIELD_ATLAS/53_taiwan_patent_spec_v1_created.yaml
odoo,W7TP_FIELD_ATLAS/61_sub_universe_element_index_v0_2.yaml
odoo,W7TP_FIELD_ATLAS/diff_packets/msi_vs_taiji01_odoo_diff_20260531_211223.yaml
odoo,W7TP_FIELD_ATLAS/drift_detector_plans/W7TP_DRIFT_DETECTOR_V1.yaml
odoo,W7TP_FIELD_ATLAS/events/W7TP_FIELD_DRIFT_20260531.yaml
odoo,W7TP_FIELD_ATLAS/feature_compare/module_feature_matrix_20260531_225818.csv
odoo,W7TP_FIELD_ATLAS/gei_context/W7TP_GEI_CONTEXT_FIELD_V1.yaml
odoo,W7TP_FIELD_ATLAS/module_maps/W7TP_GOVERNED_HIVE_MODULE_MAP_V1.yaml
odoo,W7TP_FIELD_ATLAS/node_onboarding/W7TP_GROUP_MEMBER_NODE_ONBOARDING_FLOW_V1.yaml
odoo,W7TP_FIELD_ATLAS/node_policies/W7TP_GROUP_MEMBER_NODE_POLICY_V1.yaml
odoo,W7TP_FIELD_ATLAS/odoo_container_file_universe_v0_1.yaml
odoo,W7TP_FIELD_ATLAS/odoo_no_plaintext_member_universe_v1.yaml
odoo,W7TP_FIELD_ATLAS/odoo_refactor_plans/PM3_RUNTIME_SYNC_SPLIT_PLAN_V1.yaml
odoo,W7TP_FIELD_ATLAS/registry_reports/latest_duplicate_development_audit.md
odoo,W7TP_FIELD_ATLAS/restructure_plans/W7TP_GOVERNED_HIVE_RESTRUCTURE_V1.yaml
odoo,W7TP_FIELD_ATLAS/rollback_plans/TAIJI01_PM3_ROLLBACK_POINT_PLAN_V1.yaml
odoo,W7TP_FIELD_ATLAS/rollback_plans/W7TP_RUNTIME_ROLLBACK_POLICY_V1.yaml
odoo,W7TP_FIELD_ATLAS/runtime_landing_plans/W7TP_RUNTIME_LANDING_GATE_V1.yaml
odoo,W7TP_FIELD_ATLAS/runtime_status/latest_startup_state_packet.yaml
odoo,W7TP_FIELD_ATLAS/runtime_status/startup_state_packet_20260531_201634.yaml
odoo,W7TP_FIELD_ATLAS/schemas/group_member_node_packet.schema.yaml
odoo,W7TP_FIELD_ATLAS/source_hash_ledger/pm3_runtime_sync_hash_ledger_20260531_211223.yaml
odoo,W7TP_FIELD_ATLAS/sub_universes/SU_TWIN_SYNC_UNIVERSE_V1.yaml
odoo,W7TP_FIELD_ATLAS/sync_plans/INBOUND_SYNC_PLAN_PM3_TO_TAIJI01_V1.yaml
odoo,W7TP_FIELD_ATLAS/sync_plans/W7TP_TWIN_SYNC_ERROR_CORRECTION_PLAN_V2.yaml
odoo,W7TP_FIELD_ATLAS/task_boards/W7TP_GOVERNED_HIVE_TASK_BOARD_V1.yaml
odoo,W7TP_FIELD_ATLAS/u13_u14_odoo_model_extract_v0_1.yaml
odoo,W7TP_FIELD_ATLAS/u13_u14_schema_v1.yaml
odoo,W7TP_FIELD_ATLAS/validation_plans/W7TP_MODULE_SPLIT_SANDBOX_VALIDATION_V1.yaml
oauth,Taiji_Governance/architecture/layers_standards.yml
oauth,Taiji_Governance/backups/workspace_merge_review_20260514T025322+0800/from_windows_conflicts/Taiji_Governance/identity/digital_identity.yml
oauth,Taiji_Governance/backups/workspace_merge_review_20260514T025322+0800/from_windows_conflicts/Taiji_Governance/integrations/odoo_google_nonprofit_mail_bridge_manifest.json
oauth,Taiji_Governance/deployments/tailscale_deployment_manifest.json
oauth,Taiji_Governance/full_system_module_feature_compare_20260531_225818.md
oauth,Taiji_Governance/identity/digital_identity.yml
oauth,Taiji_Governance/identity/governance_event_log_schema.yaml
oauth,Taiji_Governance/identity/identity_tensor_schema.yaml
oauth,Taiji_Governance/integrations/member_five_code_odoo_google_provisioning_manifest.json
oauth,Taiji_Governance/integrations/odoo_google_nonprofit_mail_bridge_manifest.json
oauth,Taiji_Governance/pm3_runtime_sync_source_truth_20260531_200753.md
oauth,Taiji_Governance/runtime/packet/tensor_packet_schema.yaml
oauth,Taiji_Governance/runtime/reconciliation/formal_notation_refactor_report.md
oauth,Taiji_Governance/system_info/obsidian_ai_window_memory_vault.manifest.json
oauth,Taiji_Governance/wuchang_universe_misplaced_file_packet_20260531_200715.md
oauth,Taiji_Odoo/addons/pm3_runtime_sync.bak./controllers/google_auth.py
oauth,Taiji_Odoo/addons/pm3_runtime_sync.bak./views/web_login_templates.xml.disabled
oauth,Taiji_Odoo/addons/pm3_runtime_sync/controllers/google_auth.py
oauth,Taiji_Odoo/addons/pm3_runtime_sync/controllers/line_auth.py
oauth,Taiji_Odoo/addons/pm3_runtime_sync/views/web_login_templates.xml
oauth,Taiji_Odoo/addons/pm3_runtime_sync/views/web_login_templates.xml.disabled
oauth,Taiji_Odoo/addons/wuchang_core/controllers/main.py
oauth,Taiji_Odoo/addons/wuchang_google_member_login/controllers/main.py
oauth,Taiji_Odoo/addons/wuchang_line_login/controllers/main.py
oauth,W7TP_FIELD_ATLAS/dependency_graphs/W7TP_MODULE_DEPENDENCY_GRAPH_V1.yaml
oauth,W7TP_FIELD_ATLAS/diff_packets/FINAL_SYNC_DIFF_PACKET_PM3_TO_TAIJI01_V1.yaml
oauth,W7TP_FIELD_ATLAS/odoo_no_plaintext_member_universe_v1.yaml
oauth,W7TP_FIELD_ATLAS/odoo_refactor_plans/PM3_RUNTIME_SYNC_SPLIT_PLAN_V1.yaml
oauth,W7TP_FIELD_ATLAS/rollback_plans/TAIJI01_PM3_ROLLBACK_POINT_PLAN_V1.yaml
oauth,W7TP_FIELD_ATLAS/sub_universe_memory_gate_v1.yaml
oauth,W7TP_FIELD_ATLAS/sync_plans/W7TP_TWIN_SYNC_ERROR_CORRECTION_PLAN_V2.yaml
oauth,W7TP_FIELD_ATLAS/validation_plans/W7TP_MODULE_SPLIT_SANDBOX_VALIDATION_V1.yaml
google,Taiji_Governance/architecture/layers_standards.yml
google,Taiji_Governance/auto_push_or_archive_20260531_223533.md
google,Taiji_Governance/backups/workspace_merge_review_20260514T025322+0800/README.md
google,Taiji_Governance/backups/workspace_merge_review_20260514T025322+0800/conflict_report.json
google,Taiji_Governance/backups/workspace_merge_review_20260514T025322+0800/from_windows_conflicts/Taiji_Governance/identity/digital_identity.yml
google,Taiji_Governance/backups/workspace_merge_review_20260514T025322+0800/from_windows_conflicts/Taiji_Governance/integrations/odoo_google_nonprofit_mail_bridge_manifest.json
google,Taiji_Governance/backups/workspace_merge_review_20260514T025322+0800/from_windows_conflicts/docs/taiji_hub_odoo_google_nonprofit_mail_bridge_zh.md
google,Taiji_Governance/backups/workspace_merge_review_20260514T025322+0800/from_windows_conflicts/legacy_core/wuchang_gemini_router.py
google,Taiji_Governance/backups/workspace_merge_review_20260514T025322+0800/from_windows_conflicts/legacy_core/wuchang_llm_core.py
google,Taiji_Governance/backups/workspace_merge_review_20260514T025322+0800/from_windows_conflicts/site/taiji_system_dashboard/index.html
google,Taiji_Governance/deployments/tailscale_deployment_manifest.json
google,Taiji_Governance/focused_governed_hive_push_20260531_223427.md
google,Taiji_Governance/full_system_module_feature_compare_20260531_225818.md
google,Taiji_Governance/identity/digital_identity.yml
google,Taiji_Governance/integrations/member_five_code_odoo_google_provisioning_manifest.json
google,Taiji_Governance/integrations/odoo_google_nonprofit_mail_bridge_manifest.json
google,Taiji_Governance/logs/admin_authorization_window_2026-05-12.jsonl
google,Taiji_Governance/logs/audit.log
google,Taiji_Governance/logs/business_entity_subject_mapping_2026-05-12.jsonl
google,Taiji_Governance/logs/dependency_relocation_apply_2026-05-12.jsonl
google,Taiji_Governance/logs/effective_files_redteam_review_2026-05-12.jsonl
google,Taiji_Governance/logs/local_machine_gateway_control_2026-05-13.jsonl
google,Taiji_Governance/logs/member_identity_classification_2026-05-12.jsonl
google,Taiji_Governance/logs/model_artifact_manifest_2026-05-12.jsonl
google,Taiji_Governance/logs/odoo_renyi_volunteer_business_2026-05-13.jsonl
google,Taiji_Governance/pm3_runtime_sync_source_truth_20260531_200753.md
google,Taiji_Governance/rebuild_execution_plan_20260531_211223.md
google,Taiji_Governance/reports/effective_files_redteam_review_2026-05-12.md
google,Taiji_Governance/reports/full_system_scan_2026-05-13.md
google,Taiji_Governance/runtime/delivery_map_2026-05-12/concept_delivery_map.md
google,Taiji_Governance/runtime/delivery_map_2026-05-12/container_audit_report.md
google,Taiji_Governance/sandbox_validation_pm3_runtime_sync_20260531_203905.md
google,Taiji_Governance/snapshots/git_safety_20260510_190035/git_status_before.txt
google,Taiji_Governance/snapshots/savepoint_20260513T033438+0800_renyi_volunteer_backend/SAVEPOINT.md
google,Taiji_Governance/snapshots/savepoint_20260513T033438+0800_renyi_volunteer_backend/untracked_files.patch
google,Taiji_Governance/snapshots/savepoint_20260514T043034+0800/files/site/taiji_system_dashboard/index.html
google,Taiji_Governance/snapshots/savepoint_20260514T043034+0800/reports/git_status_short.txt
google,Taiji_Governance/snapshots/snapshot_20260512T180017+0800/git_status_short.txt
google,Taiji_Governance/snapshots/snapshot_20260512T180017+0800/snapshot_filelist.txt
google,Taiji_Governance/system_error_correction_plan_20260531_203119.md
google,Taiji_Governance/system_info/business_entity_subject_mapping.manifest.json
google,Taiji_Governance/system_info/dependency_links_2026-05-12.csv
google,Taiji_Governance/system_info/dependency_relocation_plan_2026-05-12.jsonl
google,Taiji_Governance/system_info/dependency_relocation_plan_2026-05-12.md
google,Taiji_Governance/system_info/dependency_relocation_verify_2026-05-12.jsonl
google,Taiji_Governance/system_info/host_restructure/taiji01_host_inventory_20260511T170226Z.jsonl
google,Taiji_Governance/system_info/local_machine_gateway_control.manifest.json
google,Taiji_Governance/system_info/member_identity_classification.manifest.json
google,Taiji_Governance/system_info/obsidian_ai_window_memory_vault.manifest.json
google,Taiji_Governance/taiji01_server_truth_packet_20260531_210853.md
google,Taiji_Governance/worklist/worklist.md
google,Taiji_Governance/wuchang_universe_misplaced_file_packet_20260531_200715.md
google,Taiji_Odoo/addons/pm3_runtime_sync.bak./controllers/__init__.py
google,Taiji_Odoo/addons/pm3_runtime_sync.bak./controllers/google_auth.py
google,Taiji_Odoo/addons/pm3_runtime_sync.bak./models/res_users_proxy.py
google,Taiji_Odoo/addons/pm3_runtime_sync.bak./views/web_login_templates.xml.disabled
google,Taiji_Odoo/addons/pm3_runtime_sync/controllers/__init__.py
google,Taiji_Odoo/addons/pm3_runtime_sync/controllers/google_auth.py
google,Taiji_Odoo/addons/pm3_runtime_sync/models/res_users_proxy.py
google,Taiji_Odoo/addons/pm3_runtime_sync/views/web_login_templates.xml
google,Taiji_Odoo/addons/pm3_runtime_sync/views/web_login_templates.xml.disabled
google,Taiji_Odoo/addons/taiji_member_login/views/login_panel.xml
google,Taiji_Odoo/addons/wuchang_core/controllers/main.py
google,Taiji_Odoo/addons/wuchang_core/data/enable_vertex_ai.xml
google,Taiji_Odoo/addons/wuchang_core/data/google_credentials.xml
google,Taiji_Odoo/addons/wuchang_core/data/missing_items.json
google,Taiji_Odoo/addons/wuchang_core/data/optimization_items.json
google,Taiji_Odoo/addons/wuchang_core/data/pos_setup.xml
google,Taiji_Odoo/addons/wuchang_core/data/system_params.xml
google,Taiji_Odoo/addons/wuchang_core/models/ai_logic.py
google,Taiji_Odoo/addons/wuchang_core/models/api_account_separation.py
google,Taiji_Odoo/addons/wuchang_core/models/api_account_separation.py.backup
google,Taiji_Odoo/addons/wuchang_core/models/core_logic.py
google,Taiji_Odoo/addons/wuchang_core/models/delivery.py
google,Taiji_Odoo/addons/wuchang_core/models/finance.py
google,Taiji_Odoo/addons/wuchang_core/models/mail_bot.py
google,Taiji_Odoo/addons/wuchang_core/models/pos_config_ext.py
google,Taiji_Odoo/addons/wuchang_core/models/property_document.py
google,Taiji_Odoo/addons/wuchang_core/models/property_document.py.backup
google,Taiji_Odoo/addons/wuchang_core/models/settings.py
google,Taiji_Odoo/addons/wuchang_core/scripts/knowledge_sync_agent.py
google,Taiji_Odoo/addons/wuchang_core/scripts/vm_requirements.txt
google,Taiji_Odoo/addons/wuchang_core/views/device_web_app_templates.xml
google,Taiji_Odoo/addons/wuchang_core/views/device_web_app_templates.xml.backup
google,Taiji_Odoo/addons/wuchang_core/views/pos_simulator.xml
google,Taiji_Odoo/addons/wuchang_core/views/property_document_views.xml
google,Taiji_Odoo/addons/wuchang_core/views/property_document_views.xml.backup
google,Taiji_Odoo/addons/wuchang_core/views/settings_views.xml
google,Taiji_Odoo/addons/wuchang_google_member_login/README_zh.md
google,Taiji_Odoo/addons/wuchang_google_member_login/controllers/main.py
google,Taiji_Odoo/addons/wuchang_google_member_login/models/res_partner.py
google,Taiji_Odoo/addons/wuchang_google_member_login/views/res_partner_views.xml
google,Taiji_Odoo/addons/wuchang_property_local_cloud/__manifest__.py
google,Taiji_Odoo/addons/wuchang_property_local_cloud/models/__init__.py
google,Taiji_Odoo/addons/wuchang_property_local_cloud/models/wuchang_company_google_workspace.py
google,Taiji_Odoo/addons/wuchang_property_local_cloud/models/wuchang_google_nonprofit_resource.py
google,Taiji_Odoo/addons/wuchang_property_local_cloud/security/ir.model.access.csv
google,Taiji_Odoo/addons/wuchang_property_local_cloud/views/wuchang_company_google_workspace_views.xml
google,Taiji_Odoo/addons/wuchang_property_local_cloud/views/wuchang_google_nonprofit_resource_views.xml
google,W7TP_FIELD_ATLAS/dependency_graphs/W7TP_MODULE_DEPENDENCY_GRAPH_V1.yaml
google,W7TP_FIELD_ATLAS/events/W7TP_FIELD_DRIFT_20260531.yaml
google,W7TP_FIELD_ATLAS/feature_compare/module_feature_matrix_20260531_225818.csv
google,W7TP_FIELD_ATLAS/linter_plans/W7TP_NO_SECRET_LINTER_PLAN_V1.yaml
google,W7TP_FIELD_ATLAS/odoo_container_file_universe_v0_1.yaml
google,W7TP_FIELD_ATLAS/odoo_no_plaintext_member_universe_v1.yaml
google,W7TP_FIELD_ATLAS/odoo_refactor_plans/PM3_RUNTIME_SYNC_SPLIT_PLAN_V1.yaml
google,W7TP_FIELD_ATLAS/runtime_status/latest_startup_state_packet.yaml
google,W7TP_FIELD_ATLAS/runtime_status/startup_state_packet_20260531_201634.yaml
google,W7TP_FIELD_ATLAS/service_rules/W7TP_SERVICE_RESULT_ONLY_RULE_V1.yaml
google,W7TP_FIELD_ATLAS/u13_u14_odoo_model_extract_v0_1.yaml
line,Taiji_Governance/architecture/layers_standards.yml
line,Taiji_Governance/auto_push_or_archive_20260531_223533.md
line,Taiji_Governance/backups/startup_guard_20260513T190237+0800/bashrc.before
line,Taiji_Governance/backups/workspace_merge_review_20260514T025322+0800/from_windows_conflicts/Taiji_Governance/identity/digital_identity.yml
line,Taiji_Governance/backups/workspace_merge_review_20260514T025322+0800/from_windows_conflicts/Taiji_Governance/integrations/odoo_google_nonprofit_mail_bridge_manifest.json
line,Taiji_Governance/backups/workspace_merge_review_20260514T025322+0800/from_windows_conflicts/legacy_core/wuchang_llm_core.py
line,Taiji_Governance/backups/workspace_merge_review_20260514T025322+0800/from_windows_conflicts/site/taiji_system_dashboard/index.html
line,Taiji_Governance/baseline/README.md
line,Taiji_Governance/baseline/runtime_snapshot_20260510T103532Z.txt
line,Taiji_Governance/deployments/cafe_main_redeploy_status.md
line,Taiji_Governance/deployments/tailscale_deployment_manifest.json
line,Taiji_Governance/deployments/tailscale_rollback_plan.md
line,Taiji_Governance/focused_governed_hive_push_20260531_223427.md
line,Taiji_Governance/full_system_module_feature_compare_20260531_225818.md
line,Taiji_Governance/identity/audit_scope_matrix.md
line,Taiji_Governance/identity/container_governance_model.md
line,Taiji_Governance/identity/digital_identity.yml
line,Taiji_Governance/identity/domain_governance_map.md
line,Taiji_Governance/identity/identity_tensor_schema.yaml
line,Taiji_Governance/identity/primary_system_topology_profile_2026-05-11.md
line,Taiji_Governance/identity/wuchang_association_legal_profile_2026-05-11.md
line,Taiji_Governance/identity/wuchang_association_legal_profile_v2_2026-05-11.md
line,Taiji_Governance/integrations/odoo_google_nonprofit_mail_bridge_manifest.json
line,Taiji_Governance/logs/audit.log
line,Taiji_Governance/logs/odoo_module_upgrade/wuchang_core_upgrade_20260513T185500+0800.log
line,Taiji_Governance/logs/odoo_module_upgrade/wuchang_core_upgrade_20260513T185528+0800_with_env_config.log
line,Taiji_Governance/logs/odoo_module_upgrade/wuchang_core_upgrade_20260513T185901+0800_root_init_fix.log
line,Taiji_Governance/logs/vpn_node_declaration_2026-05-14.jsonl
line,Taiji_Governance/pm3_runtime_sync_source_truth_20260531_200753.md
line,Taiji_Governance/policies/community_association_data_authority_policy_2026-05-11.md
line,Taiji_Governance/policies/development_efficiency_first_policy_2026-05-11.md
line,Taiji_Governance/policies/document_version_archive_policy_2026-05-11.md
line,Taiji_Governance/policies/information_custodian_accountability_statement_2026-05-11.md
line,Taiji_Governance/policies/member_information_vault_d_drive_policy_2026-05-11.md
line,Taiji_Governance/policies/metric_information_audit_watermark_policy_2026-05-12.md
line,Taiji_Governance/policies/odoo_adi_account_visibility_policy_2026-05-12.md
line,Taiji_Governance/policies/pre_activation_sanitize_rotate_policy_2026-05-11.md
line,Taiji_Governance/policies/public_interest_academic_research_data_policy_2026-05-11.md
line,Taiji_Governance/policies/unique_ai_window_partition_policy_2026-05-12.md
line,Taiji_Governance/policies/wuchang_domain_governance_mesh_policy_2026-05-11.md
line,Taiji_Governance/progress/completion_dashboard_blocks_2026-05-11.md
line,Taiji_Governance/progress/document_archive_mode_update_2026-05-11.md
line,Taiji_Governance/progress/progress.md
line,Taiji_Governance/rebuild_execution_plan_20260531_211223.md
line,Taiji_Governance/red_blue_exchange/README.md
line,Taiji_Governance/reports/full_system_scan_2026-05-13.md
line,Taiji_Governance/reports/odoo_container_community_feature_read_2026-05-12.md
line,Taiji_Governance/reports/post_migration_predictive_verification_2026-05-14.md
line,Taiji_Governance/runtime/distributed/distributed_reconciliation.md
line,Taiji_Governance/runtime/distributed/governance_recovery_policy.md
line,Taiji_Governance/runtime/distributed/reconciliation_flow.md
line,Taiji_Governance/runtime/non_linguistic/topology_runtime.md
line,Taiji_Governance/runtime/packet/packet_lineage_runtime.md
line,Taiji_Governance/runtime/plaintext_free/context_restore_policy.md
line,Taiji_Governance/runtime/plaintext_free/plaintext_free_runtime.md
line,Taiji_Governance/runtime/reconciliation/existing_file_reconciliation_list.md
line,Taiji_Governance/runtime/reconciliation/governance_gap_report.md
line,Taiji_Governance/runtime/reconciliation/governance_runtime_topology_map.md
line,Taiji_Governance/runtime/reconciliation/missing_file_generation_list.md
line,Taiji_Governance/runtime/reconciliation/missing_runtime_report.md
line,Taiji_Governance/runtime/reconciliation/runtime_completion_matrix.md
line,Taiji_Governance/runtime/reconciliation/runtime_enforcement_recommendations.md
line,Taiji_Governance/sandbox_validation_pm3_runtime_sync_20260531_203905.md
line,Taiji_Governance/schemas/metric_information_audit_watermark.schema.json
line,Taiji_Governance/snapshots/savepoint_20260513T033438+0800_renyi_volunteer_backend/untracked_files.patch
line,Taiji_Governance/snapshots/savepoint_20260514T043034+0800/files/scripts/taiji_login_readonly_check.sh
line,Taiji_Governance/snapshots/savepoint_20260514T043034+0800/files/site/taiji_system_dashboard/index.html
line,Taiji_Governance/snapshots/savepoint_20260514T043034+0800/files/site/taiji_system_dashboard/refresh_dashboard_state.py
line,Taiji_Governance/snapshots/snapshot_20260512T180017+0800/snapshot_filelist.txt
line,Taiji_Governance/system_error_correction_plan_20260531_203119.md
line,Taiji_Governance/system_info/active_data_processing_principles_2026-05-12.md
line,Taiji_Governance/system_info/dependency_links_2026-05-12.csv
line,Taiji_Governance/system_info/dependency_relocation_plan_2026-05-12.jsonl
line,Taiji_Governance/system_info/dependency_relocation_verify_2026-05-12.jsonl
line,Taiji_Governance/system_info/host_restructure/taiji01_host_inventory_20260511T170226Z.jsonl
line,Taiji_Governance/system_info/model_artifact_cold_hot_mapping_2026-05-12.md
line,Taiji_Governance/system_info/model_artifact_manifest_2026-05-12.jsonl
line,Taiji_Governance/system_info/owner_multi_governance_identity_record_2026-05-12.md
line,Taiji_Governance/system_info/vpn_node_declaration_2026-05-14.json
line,Taiji_Governance/system_info/vpn_node_declaration_2026-05-14.md
line,Taiji_Governance/system_info/wuchang_jurisdiction_coordinate_seed.manifest.json
line,Taiji_Governance/taiji01_server_truth_packet_20260531_210853.md
line,Taiji_Governance/total_field_duplicate_development_audit_20260531_225228.md
line,Taiji_Governance/worklist/worklist.md
line,Taiji_Governance/wuchang_universe_misplaced_file_packet_20260531_200715.md
line,Taiji_Odoo/addons/PM3_SYSTEM_STATUS_INVENTORY.md
line,Taiji_Odoo/addons/pm3_runtime_sync.bak./views/web_login_templates.xml.disabled
line,Taiji_Odoo/addons/pm3_runtime_sync/controllers/__init__.py
line,Taiji_Odoo/addons/pm3_runtime_sync/controllers/line_auth.py
line,Taiji_Odoo/addons/pm3_runtime_sync/models/res_users_proxy.py
line,Taiji_Odoo/addons/pm3_runtime_sync/views/web_login_templates.xml
line,Taiji_Odoo/addons/pm3_runtime_sync/views/web_login_templates.xml.disabled
line,Taiji_Odoo/addons/taiji_member_login/controllers/main.py
line,Taiji_Odoo/addons/taiji_member_login/static/src/css/taiji_member_login.css
line,Taiji_Odoo/addons/taiji_member_login/views/login_panel.xml
line,Taiji_Odoo/addons/wuchang_core/controllers/__init__.py
line,Taiji_Odoo/addons/wuchang_core/controllers/device_app_controller.py
line,Taiji_Odoo/addons/wuchang_core/controllers/device_app_controller.py.backup
line,Taiji_Odoo/addons/wuchang_core/controllers/device_enrollment_controller.py
line,Taiji_Odoo/addons/wuchang_core/controllers/device_enrollment_controller.py.backup
line,Taiji_Odoo/addons/wuchang_core/controllers/main.py
line,Taiji_Odoo/addons/wuchang_core/controllers/sister_controller.py
line,Taiji_Odoo/addons/wuchang_core/data/committee_document_templates.xml
line,Taiji_Odoo/addons/wuchang_core/data/committee_document_templates.xml.backup
line,Taiji_Odoo/addons/wuchang_core/data/device_control_plan_defaults.xml
line,Taiji_Odoo/addons/wuchang_core/data/device_control_plan_defaults.xml.backup
line,Taiji_Odoo/addons/wuchang_core/data/pos_setup.xml
line,Taiji_Odoo/addons/wuchang_core/models/delivery.py
line,Taiji_Odoo/addons/wuchang_core/models/device_control.py
line,Taiji_Odoo/addons/wuchang_core/models/device_control_plan.py
line,Taiji_Odoo/addons/wuchang_core/models/device_control_plan.py.backup
line,Taiji_Odoo/addons/wuchang_core/models/infrastructure.py
line,Taiji_Odoo/addons/wuchang_core/models/jf_gateway.py
line,Taiji_Odoo/addons/wuchang_core/models/menu.py
line,Taiji_Odoo/addons/wuchang_core/models/order.py
line,Taiji_Odoo/addons/wuchang_core/models/sister_control.py
line,Taiji_Odoo/addons/wuchang_core/models/task.py
line,Taiji_Odoo/addons/wuchang_core/models/ui_proxy.py
line,Taiji_Odoo/addons/wuchang_core/models/ui_proxy.py.backup
line,Taiji_Odoo/addons/wuchang_core/scripts/knowledge_sync_agent.py
line,Taiji_Odoo/addons/wuchang_core/static/src/js/community_super_app.jsx
line,Taiji_Odoo/addons/wuchang_core/static/src/js/delivery_rider.js
line,Taiji_Odoo/addons/wuchang_core/tests/benchmark_spatiotemporal.py
line,Taiji_Odoo/addons/wuchang_core/views/ambassador.xml
line,Taiji_Odoo/addons/wuchang_core/views/delivery_page.xml
line,Taiji_Odoo/addons/wuchang_core/views/device_control_plan_views.xml
line,Taiji_Odoo/addons/wuchang_core/views/device_control_plan_views.xml.backup
line,Taiji_Odoo/addons/wuchang_core/views/device_control_views.xml
line,Taiji_Odoo/addons/wuchang_core/views/device_web_app_templates.xml
line,Taiji_Odoo/addons/wuchang_core/views/device_web_app_templates.xml.backup
line,Taiji_Odoo/addons/wuchang_core/views/homepage_template.xml
line,Taiji_Odoo/addons/wuchang_core/views/infrastructure_views.xml
line,Taiji_Odoo/addons/wuchang_core/views/knowledge_templates.xml
line,Taiji_Odoo/addons/wuchang_core/views/mobile_voice_app.xml
line,Taiji_Odoo/addons/wuchang_core/views/order_website.xml
line,Taiji_Odoo/addons/wuchang_core/views/pos_simulator.xml
line,Taiji_Odoo/addons/wuchang_core/views/settings_views.xml
line,Taiji_Odoo/addons/wuchang_core/views/sister_control_views.xml
line,Taiji_Odoo/addons/wuchang_core/views/task_views.xml
line,Taiji_Odoo/addons/wuchang_core/views/ui_proxy_views.xml
line,Taiji_Odoo/addons/wuchang_core/views/ui_proxy_views.xml.backup
line,Taiji_Odoo/addons/wuchang_core/views/voice_chat.xml
line,Taiji_Odoo/addons/wuchang_core/views/webauthn_login.xml
line,Taiji_Odoo/addons/wuchang_google_member_login/controllers/main.py
line,Taiji_Odoo/addons/wuchang_google_member_login/models/res_partner.py
line,Taiji_Odoo/addons/wuchang_line_login/controllers/main.py
line,Taiji_Odoo/addons/wuchang_line_login/models/__init__.py
line,Taiji_Odoo/addons/wuchang_line_login/models/line_user.py
line,Taiji_Odoo/addons/wuchang_property_local_cloud/models/wuchang_property.py
line,Taiji_Odoo/addons/wuchang_property_manpower_surface/models/wuchang_property_manpower_surface.py
line,Taiji_Odoo/addons/wuchang_property_manpower_surface/security/ir.model.access.csv
line,Taiji_Odoo/addons/wuchang_property_manpower_surface/views/wuchang_property_manpower_surface_views.xml
line,W7TP_FIELD_ATLAS/20_sub_universe_registry.yaml
line,W7TP_FIELD_ATLAS/38_odoo_inventory_classification_v0.yaml
line,W7TP_FIELD_ATLAS/39_task_execution_stopline_v0.yaml
line,W7TP_FIELD_ATLAS/41_state_world_review_gate_v0.yaml
line,W7TP_FIELD_ATLAS/51_patent_submission_master_index_v0.yaml
line,W7TP_FIELD_ATLAS/contact_policies/W7TP_MEMBER_CONTACT_APPROVAL_POLICY_V1.yaml
line,W7TP_FIELD_ATLAS/dependency_graphs/W7TP_MODULE_DEPENDENCY_GRAPH_V1.yaml
line,W7TP_FIELD_ATLAS/dev_specs/W7TP_8D_IDENTITY_DEV_SPEC_V1.yaml
line,W7TP_FIELD_ATLAS/events/W7TP_FIELD_DRIFT_20260531.yaml
line,W7TP_FIELD_ATLAS/feature_compare/module_feature_matrix_20260531_225818.csv
line,W7TP_FIELD_ATLAS/git_space_architecture_v1.yaml
line,W7TP_FIELD_ATLAS/linter_plans/W7TP_NO_SECRET_LINTER_PLAN_V1.yaml
line,W7TP_FIELD_ATLAS/node_credit/W7TP_NODE_CREDIT_METRIC_V1.yaml
line,W7TP_FIELD_ATLAS/odoo_container_file_universe_v0_1.yaml
line,W7TP_FIELD_ATLAS/odoo_refactor_plans/PM3_RUNTIME_SYNC_SPLIT_PLAN_V1.yaml
line,W7TP_FIELD_ATLAS/registry_reports/latest_duplicate_development_audit.md
line,W7TP_FIELD_ATLAS/service_rules/W7TP_SERVICE_RESULT_ONLY_RULE_V1.yaml
line,W7TP_FIELD_ATLAS/u13_u14_odoo_model_extract_v0_1.yaml
pm3_runtime,Taiji_Governance/actual_odoo_db_identification_20260531_220929.md
pm3_runtime,Taiji_Governance/auto_push_or_archive_20260531_223533.md
pm3_runtime,Taiji_Governance/focused_governed_hive_push_20260531_223427.md
pm3_runtime,Taiji_Governance/full_system_module_feature_compare_20260531_225818.md
pm3_runtime,Taiji_Governance/pm3_runtime_sync_source_truth_20260531_200753.md
pm3_runtime,Taiji_Governance/rebuild_execution_plan_20260531_211223.md
pm3_runtime,Taiji_Governance/sandbox_validation_pm3_runtime_sync_20260531_203905.md
pm3_runtime,Taiji_Governance/system_error_correction_plan_20260531_203119.md
pm3_runtime,Taiji_Governance/taiji01_server_truth_packet_20260531_210853.md
pm3_runtime,Taiji_Governance/total_field_duplicate_development_audit_20260531_225228.md
pm3_runtime,Taiji_Governance/wuchang_universe_misplaced_file_packet_20260531_200715.md
pm3_runtime,W7TP_FIELD_ATLAS/01_universe_registry.yaml
pm3_runtime,W7TP_FIELD_ATLAS/diff_packets/FINAL_SYNC_DIFF_PACKET_PM3_TO_TAIJI01_V1.yaml
pm3_runtime,W7TP_FIELD_ATLAS/diff_packets/msi_vs_taiji01_odoo_diff_20260531_211223.yaml
pm3_runtime,W7TP_FIELD_ATLAS/drift_detector_plans/W7TP_DRIFT_DETECTOR_V1.yaml
pm3_runtime,W7TP_FIELD_ATLAS/events/W7TP_FIELD_DRIFT_20260531.yaml
pm3_runtime,W7TP_FIELD_ATLAS/feature_compare/module_feature_matrix_20260531_225818.csv
pm3_runtime,W7TP_FIELD_ATLAS/odoo_container_file_universe_v0_1.yaml
pm3_runtime,W7TP_FIELD_ATLAS/odoo_refactor_plans/PM3_RUNTIME_SYNC_SPLIT_PLAN_V1.yaml
pm3_runtime,W7TP_FIELD_ATLAS/registry_reports/latest_duplicate_development_audit.md
pm3_runtime,W7TP_FIELD_ATLAS/restructure_plans/W7TP_GOVERNED_HIVE_RESTRUCTURE_V1.yaml
pm3_runtime,W7TP_FIELD_ATLAS/rollback_plans/TAIJI01_PM3_ROLLBACK_POINT_PLAN_V1.yaml
pm3_runtime,W7TP_FIELD_ATLAS/server_acceptance_reports/SERVER_ACCEPTANCE_REPORT_PM3_TO_TAIJI01_V1.yaml
pm3_runtime,W7TP_FIELD_ATLAS/source_hash_ledger/pm3_runtime_sync_hash_ledger_20260531_211223.yaml
pm3_runtime,W7TP_FIELD_ATLAS/sub_universes/SU_TWIN_SYNC_UNIVERSE_V1.yaml
pm3_runtime,W7TP_FIELD_ATLAS/sync_plans/INBOUND_SYNC_PLAN_PM3_TO_TAIJI01_V1.yaml
pm3_runtime,W7TP_FIELD_ATLAS/sync_plans/W7TP_TWIN_SYNC_ERROR_CORRECTION_PLAN_V2.yaml
pm3_runtime,W7TP_FIELD_ATLAS/validation_plans/W7TP_MODULE_SPLIT_SANDBOX_VALIDATION_V1.yaml
runtime_landing,Taiji_Governance/auto_push_or_archive_20260531_223533.md
runtime_landing,Taiji_Governance/focused_governed_hive_push_20260531_223427.md
runtime_landing,Taiji_Governance/full_system_module_feature_compare_20260531_225818.md
runtime_landing,Taiji_Governance/total_field_duplicate_development_audit_20260531_225228.md
runtime_landing,W7TP_FIELD_ATLAS/02_governed_hive_master_index.yaml
runtime_landing,W7TP_FIELD_ATLAS/addon_market/W7TP_STANDARD_ADDON_MARKET_POLICY_V1.yaml
runtime_landing,W7TP_FIELD_ATLAS/audit_policies/W7TP_ACCOUNTABILITY_AUDIT_POLICY_V1.yaml
runtime_landing,W7TP_FIELD_ATLAS/dead_letter/WUCHANG_UNREGISTERED_ROUTE_DEAD_LETTER_POLICY_V1.yaml
runtime_landing,W7TP_FIELD_ATLAS/drift_detector_plans/W7TP_DRIFT_DETECTOR_V1.yaml
runtime_landing,W7TP_FIELD_ATLAS/feature_compare/module_feature_matrix_20260531_225818.csv
runtime_landing,W7TP_FIELD_ATLAS/field_maps/WUCHANG_FIELD_TO_SUB_UNIVERSE_MAP_V1.yaml
runtime_landing,W7TP_FIELD_ATLAS/function_maps/WUCHANG_FUNCTION_TO_MODULE_MAP_V1.yaml
runtime_landing,W7TP_FIELD_ATLAS/gei_context/W7TP_GEI_CONTEXT_FIELD_V1.yaml
runtime_landing,W7TP_FIELD_ATLAS/governance_routes/WUCHANG_FIELD_GOVERNANCE_ROUTE_TABLE_V1.yaml
runtime_landing,W7TP_FIELD_ATLAS/human_review/W7TP_XIAOJ_HUMAN_REVIEW_QUEUE_RULE_V1.yaml
runtime_landing,W7TP_FIELD_ATLAS/module_maps/W7TP_GOVERNED_HIVE_MODULE_MAP_V1.yaml
runtime_landing,W7TP_FIELD_ATLAS/registration_rules/WUCHANG_REGISTRATION_FIRST_RULE_V1.yaml
runtime_landing,W7TP_FIELD_ATLAS/registries/WUCHANG_UNIVERSE_TOTAL_FIELD_REGISTRY_V2.yaml
runtime_landing,W7TP_FIELD_ATLAS/registry_reports/latest_duplicate_development_audit.md
runtime_landing,W7TP_FIELD_ATLAS/registry_validators/WUCHANG_REGISTRY_INTEGRITY_VALIDATOR_V1.yaml
runtime_landing,W7TP_FIELD_ATLAS/restructure_plans/W7TP_GOVERNED_HIVE_RESTRUCTURE_V1.yaml
runtime_landing,W7TP_FIELD_ATLAS/runtime_landing_plans/W7TP_RUNTIME_LANDING_GATE_V1.yaml
runtime_landing,W7TP_FIELD_ATLAS/sub_universes/SU_12_INTENT_STATE_FIELD_V1.yaml
runtime_landing,W7TP_FIELD_ATLAS/sync_plans/W7TP_TWIN_SYNC_ERROR_CORRECTION_PLAN_V2.yaml
runtime_landing,W7TP_FIELD_ATLAS/task_boards/W7TP_GOVERNED_HIVE_TASK_BOARD_V1.yaml
runtime_landing,W7TP_FIELD_ATLAS/validation_plans/W7TP_MODULE_SPLIT_SANDBOX_VALIDATION_V1.yaml
